9,Emmanuel Acho,2,20,1.6,Career,NA,98,NA,0,0,2,0,0,NA,2,1,NA,0,0,NA,6,NA,NA,NA,NA,NA,6,LB,0,NA,NA,NA,NA,NA,NA,NA,NA,NA,NA,7.5,0,Career,142,32.5,Texas,240,1,0,NA,NA,NA,0,70,35,NA,NA
21,Matthew Adams,6,32,3,Career,NA,97,NA,NA,NA,4,2,NA,NA,0,0,NA,NA,NA,NA,3,NA,NA,NA,NA,NA,NA,LB,NA,NA,NA,NA,NA,NA,NA,NA,NA,NA,NA,6.5,NA,Career,159,20.9,Houston,256,NA,NA,237,NA,NA,NA,0,NA,NA,NA
23,Michael Adams,7,80,1.4,Career,NA,6,NA,NA,NA,0,0,0,NA,0,0,NA,NA,NA,NA,0,NA,NA,NA,NA,NA,NA,LB,NA,NA,NA,NA,NA,NA,NA,NA,NA,NA,NA,0,NA,Career,5,1,Arkansas State,11,NA,NA,NA,NA,NA,0,0,NA,NA,NA
32,Xavier Adibi,4,44,1.454545455,Career,NA,154,NA,NA,NA,NA,NA,1,NA,8,2,NA,NA,NA,NA,NA,NA,NA,NA,NA,NA,18,LB,NA,NA,NA,NA,NA,NA,NA,NA,NA,NA,NA,9,NA,Career,112,25,Virginia Tech,266,3,NA,NA,NA,NA,35,170,21.3,NA,NA
34,Spencer Adkins,2,24,1.333333333,Career,NA,23,NA,NA,NA,0,0,0,NA,1,0,NA,NA,NA,NA,0,NA,NA,NA,NA,NA,NA,LB,NA,NA,NA,NA,NA,NA,NA,NA,NA,NA,NA,5,NA,Career,41,10,Miami (FL),64,NA,NA,NA,NA,NA,0,13,13,NA,NA
51,D.J. Alexander,7,61,1.836065574,Career,NA,78,NA,NA,NA,2,0,0,NA,1,0,NA,NA,NA,NA,3,NA,NA,NA,NA,NA,NA,LB,NA,NA,NA,NA,NA,NA,NA,NA,NA,NA,NA,6.5,NA,Career,105,20.5,Oregon State,183,NA,NA,233,NA,NA,0,25,25,NA,NA
53,Dominique Alexander,1,18,0.888888889,Career,NA,139,NA,NA,NA,3,0,NA,NA,1,0,NA,NA,NA,NA,3,NA,NA,NA,NA,NA,NA,LB,NA,NA,NA,NA,NA,NA,NA,NA,NA,NA,NA,4.5,NA,Career,153,18,Oklahoma,292,NA,NA,229,NA,NA,NA,0,0,NA,NA
54,Eric Alexander,3,54,0.888888889,NA,NA,NA,NA,0,0,NA,1,1,NA,NA,NA,NA,0,NA,NA,NA,NA,NA,NA,NA,NA,6,LB,0,NA,NA,NA,NA,NA,NA,NA,NA,NA,NA,NA,0,Career,NA,NA,LSU,NA,1,0,NA,NA,NA,25,NA,NA,NA,Career
58,Kwon Alexander,29,54,8.592592593,Career,NA,89,NA,NA,NA,3,1,0,NA,0,0,NA,NA,NA,NA,5,NA,NA,NA,NA,NA,NA,LB,NA,NA,NA,NA,NA,NA,NA,NA,NA,NA,NA,1.5,NA,Career,78,15,LSU,167,NA,NA,227,NA,NA,15,0,NA,NA,NA
80,Jonathan Allen,17,36,7.555555556,2013,NA,5,NA,0,0,1,0,NA,7,0,0,NA,0,NA,NA,0,NA,NA,NA,NA,NA,0,LB,0,NA,NA,NA,NA,NA,NA,NA,NA,NA,NA,0.5,NA,2013,10,3,Alabama,15,0,NA,286,NA,NA,NA,0,NA,NA,NA
84,Russell Allen,21,78,4.307692308,Career,NA,160,NA,NA,NA,0,0,0,NA,3,0,NA,NA,NA,NA,1,NA,NA,NA,NA,1,NA,LB,NA,NA,0,0,NA,0,1,0,5,5,0,3.5,NA,Career,215,22,San Diego State,375,NA,NA,NA,5,5,0,0,0,NA,NA
89,Colin Allred,2,32,1,NA,NA,29,NA,NA,NA,NA,NA,NA,NA,1,1,NA,0,NA,NA,NA,NA,NA,NA,NA,NA,6,LB,NA,NA,NA,NA,NA,NA,NA,NA,NA,NA,NA,5.5,NA,Career,44,9,Baylor,73,1,NA,NA,NA,NA,NA,25,25,NA,Career
90,Kiko Alonso,35,86,6.511627907,Career,NA,45,NA,NA,NA,1,0,0,NA,6,0,NA,NA,NA,NA,0,NA,NA,NA,NA,NA,NA,LB,NA,NA,NA,NA,NA,NA,NA,NA,NA,NA,NA,3.5,NA,Career,99,21,Oregon,144,NA,NA,NA,NA,NA,0,68,11.3,NA,NA
91,Jon Alston,6,39,2.461538462,NA,NA,21,NA,NA,NA,NA,NA,NA,NA,2,0,NA,NA,NA,NA,NA,NA,NA,NA,NA,NA,6,LB,1,NA,NA,NA,NA,NA,NA,NA,NA,NA,NA,6.5,NA,Career,31,9.5,Stanford,52,1,NA,NA,NA,NA,NA,2,1,NA,Career
108,James Anderson,35,123,4.552845528,NA,NA,41,NA,NA,NA,NA,NA,NA,NA,3,1,NA,NA,NA,NA,NA,NA,NA,NA,NA,NA,6,LB,NA,NA,NA,NA,NA,NA,NA,NA,NA,NA,NA,3,NA,Career,41,8.5,Virginia Tech,82,1,NA,NA,NA,NA,NA,53,17.7,NA,Career
110,Jonathan Anderson,3,31,1.548387097,Career,NA,64,NA,NA,NA,2,3,0,NA,1,0,NA,NA,NA,NA,2,NA,NA,NA,NA,NA,NA,LB,NA,NA,NA,NA,NA,NA,NA,NA,NA,NA,NA,2,NA,Career,106,9,Texas Christian,170,NA,NA,227,NA,NA,0,0,0,NA,NA
111,Mark Anderson,23,98,3.755102041,NA,NA,17,NA,NA,NA,1,1,0,NA,NA,NA,NA,NA,NA,NA,0,NA,NA,NA,NA,NA,NA,LB,NA,NA,NA,NA,NA,NA,NA,NA,NA,NA,NA,6.5,NA,Career,23,14.5,Alabama,40,NA,NA,NA,NA,NA,0,NA,NA,NA,Career
113,Ryan Anderson,5,43,1.860465116,Career,NA,60,NA,0,0,6,6,NA,NA,1,1,NA,0,NA,NA,3,NA,NA,NA,NA,NA,6,LB,0,NA,NA,NA,NA,NA,NA,NA,NA,NA,NA,19,NA,Career,68,39.5,Alabama,128,1,NA,253,NA,NA,NA,26,26,NA,NA
114,Stephen Anderson,4,29,2.206896552,Career,NA,117,NA,0,0,6,1,1,NA,2,0,NA,0,0,NA,8,NA,NA,NA,NA,NA,6,LB,0,NA,NA,NA,NA,NA,NA,NA,NA,NA,NA,5.5,0,Career,171,34,Army,288,1,0,NA,NA,NA,81,44,22,NA,NA
116,Zaire Anderson,4,32,2,Career,NA,82,NA,NA,NA,3,2,0,NA,0,0,NA,NA,NA,NA,6,NA,NA,NA,NA,NA,NA,LB,NA,NA,NA,NA,NA,NA,NA,NA,NA,NA,NA,5,NA,Career,77,19,Nebraska,159,NA,NA,220,NA,NA,0,0,NA,NA,NA
123,Pat Angerer,18,54,5.333333333,Career,NA,163,NA,NA,NA,0,0,0,NA,6,0,NA,NA,NA,NA,0,NA,NA,NA,NA,NA,NA,LB,NA,NA,NA,NA,NA,NA,NA,NA,NA,NA,NA,2,NA,Career,95,11.5,Iowa,258,NA,NA,NA,NA,NA,0,72,12,NA,NA
126,Ezekiel Ansah,43,91,7.56043956,Career,NA,33,NA,NA,NA,0,0,0,NA,1,0,NA,NA,NA,NA,1,NA,NA,NA,NA,NA,NA,LB,NA,NA,NA,NA,NA,NA,NA,NA,NA,NA,NA,4.5,NA,Career,39,13,Brigham Young,72,NA,NA,NA,NA,NA,0,-2,-2,NA,NA
127,Stephone Anthony,11,62,2.838709677,Career,NA,101,NA,NA,NA,5,0,NA,NA,3,0,NA,NA,NA,NA,7,NA,NA,NA,NA,NA,NA,LB,NA,NA,NA,NA,NA,NA,NA,NA,NA,NA,NA,9.5,NA,Career,153,34.5,Clemson,254,NA,NA,245,NA,NA,NA,8,2.7,NA,NA
128,Alex Anzalone,6,22,4.363636364,Career,NA,42,NA,NA,NA,0,1,NA,NA,0,0,NA,NA,NA,NA,2,NA,NA,NA,NA,NA,NA,LB,NA,NA,NA,NA,NA,NA,NA,NA,NA,NA,NA,3,NA,Career,33,5,Florida,75,NA,NA,240,NA,NA,NA,0,NA,NA,NA
135,Thurston Armbrister,4,31,2.064516129,Career,NA,41,NA,NA,NA,2,2,0,NA,0,0,NA,NA,NA,NA,1,NA,NA,NA,NA,NA,NA,LB,NA,NA,NA,NA,NA,NA,NA,NA,NA,NA,NA,8,NA,Career,88,19,Miami (FL),129,NA,NA,235,NA,NA,0,0,NA,NA,NA
156,Jeremiah Attaochu,13,61,3.409836066,Career,NA,62,NA,NA,NA,4,1,0,NA,1,0,NA,NA,NA,NA,5,NA,NA,NA,NA,NA,NA,LB,NA,NA,NA,NA,NA,NA,NA,NA,NA,NA,NA,31.5,NA,Career,134,43.5,Georgia Tech,196,NA,NA,242,NA,NA,0,5,5,NA,NA
167,Genard Avery,5,26,3.076923077,Career,NA,62,NA,0,0,3,1,NA,NA,2,2,NA,0,NA,NA,5,NA,NA,NA,NA,NA,12,LB,0,NA,NA,NA,NA,NA,NA,NA,NA,NA,NA,21.5,NA,Career,168,44.5,Memphis,230,2,NA,255,NA,NA,NA,51,25.5,NA,NA
168,Cliff Avril,62,140,7.085714286,Career,NA,53,NA,0,0,0,0,0,NA,2,1,NA,0,0,NA,0,NA,NA,NA,NA,NA,6,LB,0,NA,NA,NA,NA,NA,NA,NA,NA,NA,NA,12.5,0,Career,104,32.5,Purdue,157,1,0,NA,NA,NA,0,48,24,NA,NA
172,Akeem Ayers,32,97,5.278350515,Career,NA,55,NA,NA,NA,NA,NA,1,NA,6,2,NA,NA,NA,NA,NA,NA,NA,NA,NA,1,18,LB,0,NA,NA,NA,NA,NA,1,0,7,7,0,14,NA,Career,128,29.5,UCLA,183,3,NA,NA,7,7,9,100,16.7,NA,NA
185,Boss Bailey,24,64,6,NA,NA,NA,NA,NA,NA,NA,NA,NA,NA,1,0,NA,NA,NA,NA,NA,NA,NA,NA,NA,NA,NA,LB,NA,NA,NA,NA,NA,NA,NA,NA,NA,NA,NA,NA,NA,Career,NA,NA,Georgia,NA,NA,NA,NA,NA,NA,NA,0,0,NA,Career
195,Jerome Baker,12,32,6,Career,NA,69,NA,0,0,1,3,1,NA,2,1,NA,0,0,NA,4,NA,NA,NA,NA,NA,12,LB,0,NA,NA,NA,NA,NA,NA,NA,NA,NA,NA,7,NA,Career,90,17.5,Ohio State,159,2,NA,225,NA,NA,NA,90,45,NA,NA
208,Marcus Ball,1,18,0.888888889,Career,NA,17,NA,NA,NA,0,0,0,NA,1,0,NA,NA,NA,NA,2,NA,NA,NA,NA,NA,NA,LB,NA,NA,NA,NA,NA,NA,NA,NA,NA,NA,NA,1,NA,Career,20,1.5,Florida State,37,NA,NA,NA,NA,NA,0,54,54,NA,NA
226,Antwan Barnes,10,88,1.818181818,NA,NA,45,NA,NA,NA,3,0,0,NA,1,0,NA,NA,NA,NA,0,NA,NA,NA,NA,NA,NA,LB,NA,NA,NA,NA,NA,NA,NA,NA,NA,NA,NA,15.5,NA,Career,69,38,Florida International,114,NA,NA,NA,NA,NA,0,23,23,NA,Career
233,Nick Barnett,75,153,7.843137255,NA,NA,NA,NA,0,0,NA,1,1,NA,1,0,NA,0,0,NA,NA,NA,NA,NA,NA,NA,6,LB,0,NA,NA,NA,NA,NA,NA,NA,NA,NA,NA,NA,0,Career,NA,NA,Oregon State,NA,1,0,NA,NA,NA,9,0,0,NA,Career
240,Lamin Barrow,2,32,1,Career,NA,143,NA,NA,NA,1,3,0,NA,0,0,NA,NA,NA,NA,7,NA,NA,NA,NA,NA,NA,LB,NA,NA,NA,NA,NA,NA,NA,NA,NA,NA,NA,1.5,NA,Career,87,14.5,LSU,230,NA,NA,232,NA,NA,4,0,NA,NA,NA
242,Sam Barrington,4,29,2.206896552,Career,NA,107,NA,0,0,4,0,0,NA,1,1,NA,0,0,NA,7,NA,NA,NA,NA,NA,6,LB,0,NA,NA,NA,NA,NA,NA,NA,NA,NA,NA,6.5,0,Career,151,21.5,South Florida,258,1,0,NA,NA,NA,0,30,30,NA,NA
243,Shaquil Barrett,25,77,5.194805195,Career,NA,127,NA,0,0,3,4,1,NA,3,2,NA,0,NA,NA,5,NA,NA,NA,NA,NA,18,LB,0,NA,NA,NA,NA,NA,NA,NA,NA,NA,NA,18,NA,Career,118,31,Colorado State,245,3,NA,250,NA,NA,15,101,33.7,NA,NA
245,Joplo Bartu,12,48,4,Career,NA,34,NA,NA,NA,1,0,0,NA,NA,NA,NA,NA,NA,NA,1,NA,NA,NA,NA,NA,NA,LB,NA,NA,NA,NA,NA,NA,NA,NA,NA,NA,NA,5.5,NA,Career,61,12,Texas State,95,NA,NA,NA,NA,NA,0,NA,NA,NA,NA
253,Daren Bates,7,105,1.066666667,Career,NA,141,NA,0,0,2,1,1,NA,3,0,NA,0,NA,NA,3,NA,NA,NA,NA,NA,6,LB,0,NA,NA,NA,NA,NA,NA,NA,NA,NA,NA,5,0,Career,175,17.5,Auburn,316,1,0,NA,NA,NA,62,12,4,NA,NA
262,Jon Beason,61,93,10.49462366,NA,NA,51,NA,NA,NA,0,0,0,NA,1,0,NA,NA,NA,NA,2,NA,NA,NA,NA,1,NA,LB,NA,NA,0,0,NA,0,1,0,3,3,0,1.5,NA,Career,81,15.5,Miami (FL),132,NA,NA,NA,3,3,0,4,4,NA,Career
266,Kendell Beckwith,5,16,5,Career,NA,139,NA,0,0,3,3,NA,NA,1,1,NA,0,NA,NA,8,NA,NA,NA,NA,1,6,LB,0,NA,0,0,NA,0,1,0,5,5,0,7.5,NA,Career,124,24.5,LSU,263,1,NA,252,5,5,NA,29,29,NA,NA
271,B.J. Bello,2,27,1.185185185,Career,NA,12,NA,NA,NA,0,0,NA,NA,0,0,NA,NA,NA,NA,1,NA,NA,NA,NA,NA,NA,LB,NA,NA,NA,NA,NA,NA,NA,NA,NA,NA,NA,0,NA,Career,1,0,Illinois,13,NA,NA,225,NA,NA,NA,0,NA,NA,NA
280,Nick Bellore,14,135,1.659259259,Career,NA,242,NA,NA,NA,2,0,0,NA,5,0,NA,NA,NA,NA,4,NA,NA,NA,NA,NA,NA,LB,NA,NA,NA,NA,NA,NA,NA,NA,NA,NA,NA,5.5,NA,Career,229,32.5,Central Michigan,471,NA,NA,NA,NA,NA,0,103,20.6,NA,NA
297,Kevin Bentley,26,136,3.058823529,NA,NA,NA,NA,0,0,NA,1,1,NA,3,1,NA,0,0,NA,NA,NA,NA,NA,NA,NA,12,LB,0,NA,NA,NA,NA,NA,NA,NA,NA,NA,NA,NA,0,Career,NA,NA,Northwestern,NA,2,0,NA,NA,NA,95,59,19.7,NA,Career
318,Vince Biegel,6,38,2.526315789,Career,NA,43,NA,NA,NA,2,0,NA,NA,0,0,NA,NA,NA,NA,3,NA,NA,NA,NA,NA,NA,LB,NA,NA,NA,NA,NA,NA,NA,NA,NA,NA,NA,15,NA,Career,88,28.5,Wisconsin,131,NA,NA,245,NA,NA,NA,0,NA,NA,NA
319,Keishawn Bierria,1,21,0.761904762,Career,NA,86,NA,0,0,4,7,NA,NA,0,0,NA,1,NA,NA,4,NA,NA,NA,NA,NA,6,LB,0,NA,NA,NA,NA,NA,NA,NA,NA,NA,NA,7.5,NA,Career,154,19.5,Washington,240,1,NA,223,NA,NA,NA,0,NA,NA,NA
327,Bront Bird,4,30,2.133333333,Career,NA,77,NA,NA,NA,1,0,0,NA,3,0,NA,NA,NA,NA,5,NA,NA,NA,NA,NA,NA,LB,NA,NA,NA,NA,NA,NA,NA,NA,NA,NA,NA,3,NA,Career,165,15.5,Texas Tech,242,NA,NA,NA,NA,NA,0,33,11,NA,NA
329,Desmond Bishop,22,75,4.693333333,NA,NA,88,NA,NA,NA,1,0,0,NA,3,0,NA,NA,NA,NA,2,NA,NA,NA,NA,NA,NA,LB,NA,NA,NA,NA,NA,NA,NA,NA,NA,NA,NA,3,NA,Career,127,21,California,215,NA,NA,NA,NA,NA,0,79,26.3,NA,Career
333,Chase Blackburn,30,132,3.636363636,NA,NA,NA,NA,NA,NA,NA,NA,NA,NA,3,0,NA,NA,NA,NA,NA,NA,NA,NA,NA,NA,NA,LB,NA,NA,NA,NA,NA,NA,NA,NA,NA,NA,NA,NA,NA,Career,NA,NA,Akron,NA,NA,NA,NA,NA,NA,NA,22,7.3,NA,Career
334,Darryl Blackstock,7,74,1.513513514,NA,NA,NA,NA,NA,NA,NA,NA,NA,NA,1,0,NA,NA,NA,NA,NA,NA,NA,NA,NA,NA,6,LB,1,NA,NA,NA,NA,NA,NA,NA,NA,NA,NA,NA,NA,Career,NA,NA,Virginia,NA,1,NA,NA,NA,NA,NA,9,9,NA,Career
339,H.B. Blades,9,64,2.25,NA,NA,115,NA,NA,NA,NA,NA,NA,NA,6,1,NA,NA,NA,NA,NA,NA,NA,NA,NA,NA,6,LB,0,NA,NA,NA,NA,NA,NA,NA,NA,NA,NA,2,NA,Career,153,14,Pitt,268,1,NA,NA,NA,NA,NA,54,9,NA,Career
360,Michael Boley,51,131,6.229007634,NA,NA,NA,NA,0,0,NA,1,0,NA,3,2,NA,0,0,NA,NA,NA,NA,NA,NA,NA,12,LB,0,NA,NA,NA,NA,NA,NA,NA,NA,NA,NA,NA,0,Career,NA,NA,Southern Mississippi,NA,2,0,NA,NA,NA,15,129,43,NA,Career
364,Devante Bond,3,32,1.5,Career,NA,27,NA,NA,NA,1,1,NA,NA,0,0,NA,NA,NA,NA,2,NA,NA,NA,NA,NA,NA,LB,NA,NA,NA,NA,NA,NA,NA,NA,NA,NA,NA,3,NA,Career,46,11,Oklahoma,73,NA,NA,236,NA,NA,NA,0,NA,NA,NA
378,Jonathan Bostic,28,86,5.209302326,Career,NA,78,NA,0,0,1,0,0,NA,5,1,NA,0,0,NA,2,NA,NA,NA,NA,NA,6,LB,0,NA,NA,NA,NA,NA,NA,NA,NA,NA,NA,7.5,0,Career,141,19,Florida,219,1,0,NA,NA,NA,0,40,8,NA,NA
381,Kyle Bosworth,5,39,2.051282051,Career,NA,67,NA,NA,NA,2,0,0,NA,0,0,NA,NA,NA,NA,3,NA,NA,NA,NA,NA,NA,LB,NA,NA,NA,NA,NA,NA,NA,NA,NA,NA,NA,2,NA,Career,106,13.5,UCLA,173,NA,NA,NA,NA,NA,0,0,NA,NA,NA
392,Tyus Bowser,6,47,2.042553191,Career,NA,67,NA,NA,NA,3,2,NA,NA,2,0,NA,NA,NA,NA,9,NA,NA,NA,NA,NA,NA,LB,NA,NA,NA,NA,NA,NA,NA,NA,NA,NA,NA,22.5,NA,Career,70,28,Houston,137,NA,NA,240,NA,NA,NA,14,7,NA,NA
398,Gary Brackett,46,116,6.344827586,NA,NA,NA,NA,NA,NA,NA,NA,NA,NA,2,0,NA,NA,NA,NA,NA,NA,NA,NA,NA,2,NA,LB,NA,NA,NA,NA,NA,NA,2,0,2,1,0,NA,NA,Career,NA,NA,Rutgers,NA,NA,NA,NA,2,1,NA,31,15.5,NA,Career
406,Nigel Bradham,50,115,6.956521739,Career,NA,117,NA,0,0,0,0,0,NA,3,0,NA,0,0,NA,5,NA,NA,NA,NA,1,2,LB,0,NA,0,0,NA,0,1,0,2,2,0,9,0,Career,188,21.5,Florida State,305,0,1,NA,2,2,0,30,10,NA,NA
408,Stewart Bradley,20,76,4.210526316,NA,NA,48,NA,NA,NA,NA,NA,NA,NA,1,1,NA,NA,NA,NA,NA,NA,NA,NA,NA,NA,6,LB,0,NA,NA,NA,NA,NA,NA,NA,NA,NA,NA,4,NA,Career,53,9,Nebraska,101,1,NA,NA,NA,NA,NA,43,43,NA,Career
427,Aaron Brewer,7,117,0.957264957,Career,NA,4,NA,NA,NA,0,0,0,NA,0,0,NA,NA,NA,NA,0,NA,NA,NA,NA,NA,NA,LB,NA,NA,NA,NA,NA,NA,NA,NA,NA,NA,NA,0,NA,Career,12,0,San Diego State,16,NA,NA,295,NA,NA,0,0,NA,NA,NA
431,Lance Briggs,123,173,11.37572254,NA,NA,NA,NA,NA,NA,NA,NA,NA,NA,3,0,NA,0,NA,NA,NA,NA,NA,NA,NA,26,12,LB,NA,NA,0,12,12,1,25,2,163,6.5,2,NA,NA,Career,NA,NA,Arizona,NA,2,NA,NA,175,6.7,NA,23,7.7,NA,Career
434,Jasper Brinkley,22,94,3.744680851,Career,NA,51,NA,NA,NA,0,0,0,NA,3,0,NA,NA,NA,NA,4,NA,NA,NA,NA,NA,NA,LB,NA,NA,NA,NA,NA,NA,NA,NA,NA,NA,NA,7.5,NA,Career,142,20,South Carolina,193,NA,NA,NA,NA,NA,0,40,13.3,NA,NA
453,Kentrell Brothers,4,51,1.254901961,Career,NA,173,NA,NA,NA,4,0,0,NA,5,0,NA,NA,NA,NA,11,NA,NA,NA,NA,NA,NA,LB,NA,NA,NA,NA,NA,NA,NA,NA,NA,NA,NA,4.5,NA,Career,184,23.5,Missouri,357,NA,NA,235,NA,NA,0,39,7.8,NA,NA
459,Arthur Brown,3,48,1,Career,NA,86,NA,0,0,0,0,0,NA,3,1,NA,0,0,NA,0,NA,NA,NA,NA,NA,6,LB,0,NA,NA,NA,NA,NA,NA,NA,NA,NA,NA,3,0,Career,132,17,Overall,218,1,0,NA,NA,NA,0,47,15.7,NA,NA
460,Blair Brown,3,28,1.714285714,Career,NA,115,NA,NA,NA,2,0,NA,NA,0,0,NA,NA,NA,NA,3,NA,NA,NA,NA,NA,NA,LB,NA,NA,NA,NA,NA,NA,NA,NA,NA,NA,NA,5.5,NA,Career,151,25.5,Ohio,266,NA,NA,238,NA,NA,NA,0,NA,NA,NA
478,Jatavis Brown,15,56,4.285714286,2013,NA,50,NA,NA,NA,2,0,NA,11,0,0,NA,NA,NA,NA,2,NA,NA,NA,NA,NA,NA,LB,NA,NA,NA,NA,NA,NA,NA,NA,NA,NA,NA,1,NA,2013,57,6.5,Akron,107,NA,NA,222,NA,NA,NA,0,NA,NA,NA
479,Jayon Brown,18,46,6.260869565,2013,NA,0,NA,NA,NA,1,1,NA,5,0,0,NA,NA,NA,NA,0,NA,NA,NA,NA,NA,NA,LB,NA,NA,NA,NA,NA,NA,NA,NA,NA,NA,NA,0,NA,2013,8,0,UCLA,8,NA,NA,220,NA,NA,NA,0,NA,NA,NA
497,Stevie Brown,10,55,2.909090909,Career,NA,81,NA,NA,NA,NA,NA,NA,NA,4,0,NA,NA,NA,NA,NA,NA,NA,NA,NA,NA,NA,LB,NA,NA,NA,NA,NA,NA,NA,NA,NA,NA,NA,2,NA,Career,105,9.5,Michigan,186,NA,NA,NA,NA,NA,NA,103,25.8,NA,NA
535,Max Bullough,4,30,2.133333333,Career,NA,179,NA,NA,NA,3,0,NA,NA,3,0,NA,NA,NA,NA,4,NA,NA,NA,NA,NA,NA,LB,NA,NA,NA,NA,NA,NA,NA,NA,NA,NA,NA,8,NA,Career,120,31,Michigan State,299,NA,NA,245,NA,NA,NA,24,8,NA,NA
541,Vontaze Burfict,50,79,10.12658228,Career,NA,94,NA,NA,NA,4,1,0,NA,1,0,NA,NA,NA,NA,11,NA,NA,NA,NA,NA,NA,LB,NA,NA,NA,NA,NA,NA,NA,NA,NA,NA,NA,7,NA,Career,134,22.5,Arizona State,228,NA,NA,NA,NA,NA,0,36,36,NA,NA
543,James Burgess,11,27,6.518518519,Career,NA,114,NA,NA,NA,1,3,NA,NA,7,0,NA,NA,NA,NA,13,NA,NA,NA,NA,NA,NA,LB,NA,NA,NA,NA,NA,NA,NA,NA,NA,NA,NA,4,NA,Career,146,30,Louisville,260,NA,NA,229,NA,NA,NA,63,9,NA,NA
544,Prescott Burgess,3,40,1.2,NA,NA,49,NA,NA,NA,NA,NA,NA,NA,4,1,NA,NA,NA,NA,NA,NA,NA,NA,NA,NA,6,LB,NA,NA,NA,NA,NA,NA,NA,NA,NA,NA,NA,4,NA,Career,80,10.5,Michigan,129,1,NA,NA,NA,NA,NA,110,27.5,NA,Career
545,Oren Burks,4,26,2.461538462,Career,NA,99,NA,0,0,1,2,1,NA,5,1,NA,0,0,NA,21,NA,NA,NA,NA,NA,12,LB,0,NA,NA,NA,NA,NA,NA,NA,NA,NA,NA,4.5,NA,Career,129,15.5,Vanderbilt,228,2,NA,230,NA,NA,NA,99,19.8,NA,NA
551,Kevin Burnett,45,136,5.294117647,NA,NA,NA,NA,NA,NA,NA,NA,NA,NA,1,0,NA,NA,NA,NA,NA,NA,NA,NA,NA,NA,NA,LB,NA,NA,NA,NA,NA,NA,NA,NA,NA,NA,NA,NA,NA,Career,NA,NA,Tennessee,NA,NA,NA,NA,NA,NA,NA,0,0,NA,Career
554,Miles Burris,14,38,5.894736842,Career,NA,94,NA,NA,NA,4,2,0,NA,0,0,NA,NA,NA,NA,1,NA,NA,NA,NA,NA,NA,LB,NA,NA,NA,NA,NA,NA,NA,NA,NA,NA,NA,19,NA,Career,141,47,San Diego State,235,NA,NA,NA,NA,NA,0,0,NA,NA,NA
569,John Busing,4,43,1.488372093,NA,NA,44,NA,NA,NA,NA,NA,NA,NA,8,2,NA,0,NA,NA,NA,NA,NA,NA,NA,NA,12,LB,0,NA,NA,NA,NA,NA,NA,NA,NA,NA,NA,2,NA,Career,53,8.5,Miami (OH),97,2,NA,NA,NA,NA,NA,103,12.9,NA,Career
576,Donald Butler,33,85,6.211764706,Career,NA,79,NA,NA,NA,2,0,0,NA,2,0,NA,NA,NA,NA,3,NA,NA,NA,NA,NA,NA,LB,NA,NA,NA,NA,NA,NA,NA,NA,NA,NA,NA,3,NA,Career,159,26.5,Washington,238,NA,NA,NA,NA,NA,0,15,7.5,NA,NA
587,Josh Bynes,29,101,4.594059406,Career,NA,110,NA,NA,NA,1,0,0,NA,7,0,NA,NA,NA,NA,0,NA,NA,NA,NA,NA,NA,LB,NA,NA,NA,NA,NA,NA,NA,NA,NA,NA,NA,2,NA,Career,130,16.5,Auburn,240,NA,NA,NA,NA,NA,0,71,10.1,NA,NA
603,De'Vondre Campbell,28,59,7.593220339,Career,NA,79,NA,0,0,2,3,NA,NA,2,1,NA,0,NA,NA,4,NA,NA,NA,NA,NA,6,LB,0,NA,NA,NA,NA,NA,NA,NA,NA,NA,NA,6.5,NA,Career,127,16,Minnesota,206,1,NA,239,NA,NA,NA,27,13.5,NA,NA
606,Khary Campbell,7,82,1.365853659,NA,NA,NA,NA,NA,NA,NA,NA,1,NA,2,1,NA,0,NA,NA,NA,NA,NA,NA,NA,NA,12,LB,NA,NA,NA,NA,NA,NA,NA,NA,NA,NA,NA,NA,NA,Career,NA,NA,Bowling Green State,NA,2,NA,NA,NA,NA,45,63,31.5,NA,Career
609,Tommie Campbell,4,44,1.454545455,NA,NA,20,NA,NA,NA,0,0,0,NA,1,0,NA,NA,NA,NA,0,NA,NA,NA,NA,NA,NA,LB,NA,NA,NA,NA,NA,NA,NA,NA,NA,NA,NA,0,NA,Career,33,4,Pitt,53,NA,NA,NA,NA,NA,0,61,61,NA,Career
612,Anthony Cannon,3,32,1.5,NA,NA,49,NA,NA,NA,NA,NA,NA,NA,1,0,NA,NA,NA,NA,NA,NA,NA,NA,NA,NA,NA,LB,NA,NA,NA,NA,NA,NA,NA,NA,NA,NA,NA,2.5,NA,Career,65,12.5,Tulane,114,NA,NA,NA,NA,NA,NA,16,16,NA,Career
616,Tank Carder,5,78,1.025641026,Career,NA,91,NA,0,0,1,1,0,NA,4,3,NA,0,0,NA,9,NA,NA,NA,NA,NA,18,LB,0,NA,NA,NA,NA,NA,NA,NA,NA,NA,NA,5.5,0,Career,137,25,Texas Christian,228,3,0,NA,NA,NA,0,110,27.5,NA,NA
626,Bobby Carpenter,11,93,1.892473118,NA,NA,16,NA,NA,NA,0,0,0,NA,3,0,NA,NA,NA,NA,2,NA,NA,NA,NA,NA,NA,LB,NA,NA,NA,NA,NA,NA,NA,NA,NA,NA,NA,8,NA,Career,33,10.5,Ohio State,49,NA,NA,NA,NA,NA,0,13,4.3,NA,Career
645,Bruce Carter,21,101,3.326732673,Career,NA,69,NA,NA,NA,NA,NA,NA,NA,3,2,NA,NA,NA,NA,NA,NA,NA,NA,NA,NA,12,LB,0,NA,NA,NA,NA,NA,NA,NA,NA,NA,NA,9.5,NA,Career,146,24,North Carolina,215,2,NA,NA,NA,NA,NA,162,54,NA,NA
652,Jermaine Carter Jr.,4,32,2,Career,NA,127,NA,0,0,8,1,NA,NA,1,1,NA,0,NA,NA,10,NA,NA,NA,NA,NA,6,LB,0,NA,NA,NA,NA,NA,NA,NA,NA,NA,NA,9.5,NA,Career,193,29.5,Maryland,320,1,NA,228,NA,NA,NA,14,14,NA,NA
654,Lorenzo Carter,7,30,3.733333333,Career,NA,83,NA,0,0,6,6,1,NA,0,0,NA,0,0,NA,1,NA,NA,NA,NA,NA,6,LB,0,NA,NA,NA,NA,NA,NA,NA,NA,NA,NA,14,NA,Career,83,21.5,Georgia,166,1,NA,243,NA,NA,NA,0,NA,NA,NA
662,Jonathan Casillas,26,102,4.078431373,Career,NA,104,NA,0,0,2,0,0,NA,2,0,NA,0,0,NA,1,NA,NA,NA,NA,NA,6,LB,1,NA,NA,NA,NA,NA,NA,NA,NA,NA,NA,4,0,Career,147,28,Wisconsin,251,1,0,NA,NA,NA,0,53,26.5,NA,NA
676,Chris Chamberlain,11,59,2.983050847,Career,0,116,0,NA,NA,NA,NA,NA,NA,6,1,0,0,NA,1,NA,0,0,0,0,12,12,LB,NA,0,0,74,24.7,3,9,1,22,2.4,1,9.5,NA,Career,188,27,Tulsa,304,2,NA,NA,96,8,NA,48,8,NA,NA
678,Jamar Chaney,13,54,3.851851852,Career,NA,151,NA,NA,NA,1,0,0,NA,2,0,NA,NA,NA,NA,4,NA,NA,NA,NA,NA,NA,LB,NA,NA,NA,NA,NA,NA,NA,NA,NA,NA,NA,4.5,NA,Career,135,15.5,Mississippi State,286,NA,NA,NA,NA,NA,0,19,9.5,NA,NA
698,John Chick,2,19,1.684210526,NA,NA,13,NA,0,0,2,1,1,NA,NA,NA,NA,0,NA,NA,2,NA,NA,NA,NA,NA,6,LB,0,NA,NA,NA,NA,NA,NA,NA,NA,NA,NA,12.5,0,Career,35,19,Utah State,48,1,0,NA,NA,NA,37,NA,NA,NA,Career
699,Brandon Chillar,26,97,4.288659794,NA,NA,NA,NA,NA,NA,NA,NA,1,NA,3,0,NA,NA,NA,NA,NA,NA,NA,NA,NA,NA,6,LB,NA,NA,NA,NA,NA,NA,NA,NA,NA,NA,NA,NA,NA,Career,NA,NA,UCLA,NA,1,NA,NA,NA,NA,0,20,6.7,NA,Career
705,Barry Church,34,117,4.64957265,Career,NA,153,NA,NA,NA,NA,NA,NA,NA,9,2,NA,NA,NA,NA,NA,NA,NA,NA,NA,NA,12,LB,NA,NA,NA,NA,NA,NA,NA,NA,NA,NA,NA,3,NA,Career,201,26,Toledo,354,2,NA,NA,NA,NA,NA,170,18.9,NA,NA
706,Vinny Ciurciu,10,103,1.553398058,NA,NA,NA,NA,NA,NA,NA,NA,NA,NA,3,0,NA,NA,NA,NA,NA,NA,NA,NA,NA,NA,NA,LB,NA,NA,NA,NA,NA,NA,NA,NA,NA,NA,NA,NA,NA,Career,NA,NA,Boston College,NA,NA,NA,NA,NA,NA,NA,24,8,NA,Career
726,Keenan Clayton,3,36,1.333333333,Career,NA,67,NA,NA,NA,0,0,0,NA,3,0,NA,NA,NA,NA,1,NA,NA,NA,NA,NA,NA,LB,NA,NA,NA,NA,NA,NA,NA,NA,NA,NA,NA,6,NA,Career,118,16,Oklahoma,185,NA,NA,NA,NA,NA,0,6,2,NA,NA
756,Audie Cole,6,57,1.684210526,Career,NA,129,NA,NA,NA,5,1,0,NA,1,0,NA,NA,NA,NA,5,NA,NA,NA,NA,NA,NA,LB,NA,NA,NA,NA,NA,NA,NA,NA,NA,NA,NA,14,NA,Career,147,32,North Carolina State,276,NA,NA,NA,NA,NA,8,0,0,NA,NA
765,Justin Cole,1,20,0.8,Career,NA,107,NA,0,0,4,0,0,NA,1,1,NA,0,0,NA,4,NA,NA,NA,NA,NA,6,LB,0,NA,NA,NA,NA,NA,NA,NA,NA,NA,NA,13,0,Career,85,30.5,San Jose State,192,1,0,NA,NA,NA,0,62,62,NA,NA
807,Dan Connor,12,62,3.096774194,Career,NA,157,NA,0,0,0,1,1,NA,4,0,NA,0,0,NA,8,NA,NA,NA,NA,NA,6,LB,0,NA,NA,NA,NA,NA,NA,NA,NA,NA,NA,13,0,Career,177,29.5,Penn State,334,1,0,NA,NA,NA,18,5,1.3,NA,NA
810,Kavell Conner,22,78,4.512820513,Career,NA,131,NA,NA,NA,0,0,0,NA,1,0,NA,NA,NA,NA,3,NA,NA,NA,NA,NA,NA,LB,NA,NA,NA,NA,NA,NA,NA,NA,NA,NA,NA,3,NA,Career,132,14,Clemson,263,NA,NA,NA,NA,NA,0,29,29,NA,NA
826,Marquis Cooper,3,42,1.142857143,NA,NA,NA,NA,NA,NA,NA,NA,1,NA,3,1,NA,NA,NA,NA,NA,NA,NA,NA,NA,NA,12,LB,0,NA,NA,NA,NA,NA,NA,NA,NA,NA,NA,NA,NA,Career,NA,NA,Washington,NA,2,NA,NA,NA,NA,31,58,19.3,NA,Career
850,Mike Cox,1,56,0.285714286,Career,NA,21,NA,NA,NA,0,0,0,NA,0,0,NA,NA,NA,NA,0,NA,NA,NA,NA,NA,NA,LB,NA,NA,NA,NA,NA,NA,NA,NA,NA,NA,NA,0.5,NA,Career,10,2,Connecticut,31,NA,NA,NA,NA,NA,0,0,NA,NA,NA
878,Channing Crowder,35,82,6.829268293,NA,NA,NA,NA,NA,NA,NA,NA,NA,NA,1,0,NA,NA,NA,NA,NA,NA,NA,NA,NA,NA,NA,LB,NA,NA,NA,NA,NA,NA,NA,NA,NA,NA,NA,NA,NA,Career,NA,NA,Florida,NA,NA,NA,NA,NA,NA,NA,22,22,NA,Career
887,Quinton Culberson,5,36,2.222222222,NA,NA,77,NA,NA,NA,NA,NA,NA,NA,4,2,NA,NA,NA,NA,NA,NA,NA,NA,NA,NA,12,LB,NA,NA,NA,NA,NA,NA,NA,NA,NA,NA,NA,2,NA,Career,103,10.5,Mississippi State,180,2,NA,NA,NA,NA,NA,86,21.5,NA,Career
895,Zach Cunningham,22,46,7.652173913,Career,NA,100,NA,NA,NA,6,7,NA,NA,0,0,NA,NA,NA,NA,6,NA,NA,NA,NA,NA,NA,LB,NA,NA,NA,NA,NA,NA,NA,NA,NA,NA,NA,6,NA,Career,156,36,Vanderbilt,256,NA,NA,234,NA,NA,NA,0,NA,NA,NA
896,Aaron Curry,18,48,6,Career,NA,122,NA,NA,NA,NA,NA,NA,NA,6,3,NA,NA,NA,NA,NA,NA,NA,NA,NA,NA,18,LB,0,NA,NA,NA,NA,NA,NA,NA,NA,NA,NA,9.5,NA,Career,209,44.5,Wake Forest,331,3,NA,NA,NA,NA,NA,278,46.3,NA,NA
903,Brian Cushing,60,104,9.230769231,Career,NA,74,NA,0,0,0,0,0,NA,1,0,NA,1,0,NA,2,NA,NA,NA,NA,NA,6,LB,0,NA,NA,NA,NA,NA,NA,NA,NA,NA,NA,8.5,0,Career,104,27,USC,178,1,0,NA,NA,NA,0,0,0,NA,NA
905,Jacob Cutrera,1,24,0.666666667,Career,NA,103,NA,0,0,1,0,0,NA,2,1,NA,0,0,NA,2,NA,NA,NA,NA,NA,6,LB,0,NA,NA,NA,NA,NA,NA,NA,NA,NA,NA,1,0,Career,69,12,LSU,172,1,0,NA,NA,NA,0,38,19,NA,NA
920,Karlos Dansby,113,212,8.528301887,NA,NA,NA,NA,NA,NA,NA,NA,1,NA,8,0,NA,NA,NA,NA,NA,NA,NA,NA,NA,NA,6,LB,NA,NA,NA,NA,NA,NA,NA,NA,NA,NA,NA,NA,NA,Career,NA,NA,Auburn,NA,1,NA,NA,NA,NA,7,107,13.4,NA,Career
936,Andra Davis,55,143,6.153846154,NA,NA,NA,NA,NA,NA,NA,NA,NA,NA,1,1,NA,NA,NA,NA,NA,NA,NA,NA,NA,NA,6,LB,NA,NA,NA,NA,NA,NA,NA,NA,NA,NA,NA,NA,NA,Career,NA,NA,Florida,NA,1,NA,NA,NA,NA,NA,25,25,NA,Career
947,Demario Davis,66,128,8.25,Career,NA,100,NA,0,0,0,1,1,NA,4,1,NA,0,0,NA,1,NA,NA,NA,NA,NA,12,LB,0,NA,NA,NA,NA,NA,NA,NA,NA,NA,NA,7,0,Career,129,22.5,Arkansas State,229,2,0,NA,NA,NA,53,112,28,NA,NA
952,Jarrad Davis,21,41,8.195121951,Career,NA,95,NA,NA,NA,2,0,NA,NA,1,0,NA,NA,NA,NA,9,NA,NA,NA,NA,NA,NA,LB,NA,NA,NA,NA,NA,NA,NA,NA,NA,NA,NA,5.5,NA,Career,106,20,Florida,201,NA,NA,238,NA,NA,NA,0,0,NA,NA
958,Lavonte David,73,121,9.652892562,Career,NA,135,NA,NA,NA,3,2,NA,NA,2,0,NA,NA,NA,NA,10,NA,NA,NA,NA,1,NA,LB,NA,NA,0,0,NA,0,1,0,6,6,0,11.5,NA,Career,150,24.5,Nebraska,285,NA,NA,NA,6,6,NA,-2,-1,NA,NA
963,Ryan Davis,7,63,1.777777778,Career,NA,5,NA,NA,NA,0,0,NA,NA,0,0,NA,NA,NA,NA,1,NA,NA,NA,NA,NA,NA,LB,NA,NA,NA,NA,NA,NA,NA,NA,NA,NA,NA,1,NA,Career,7,2,California,12,NA,NA,NA,NA,NA,NA,0,NA,NA,NA
976,Paul Dawson,1,16,1,Career,NA,105,NA,0,0,3,3,0,NA,5,1,NA,0,NA,NA,8,NA,NA,NA,NA,NA,6,LB,0,NA,NA,NA,NA,NA,NA,NA,NA,NA,NA,6.5,0,Career,136,31,Texas Christian,241,1,0,230,NA,NA,0,65,13,NA,NA
991,Ryan Delaire,2,17,1.882352941,Career,NA,9,NA,NA,NA,1,0,0,NA,NA,NA,NA,NA,NA,NA,0,NA,NA,NA,NA,NA,NA,LB,NA,NA,NA,NA,NA,NA,NA,NA,NA,NA,NA,2.5,NA,Career,10,5,Massachusetts,19,NA,NA,NA,NA,NA,0,NA,NA,NA,NA
994,Kenny Demens,1,21,0.761904762,Career,NA,118,NA,NA,NA,1,0,0,NA,1,0,NA,NA,NA,NA,3,NA,NA,NA,NA,NA,NA,LB,NA,NA,NA,NA,NA,NA,NA,NA,NA,NA,NA,3,NA,Career,148,12.5,Michigan,266,NA,NA,NA,NA,NA,0,13,13,NA,NA
1001,Akeem Dent,18,90,3.2,Career,NA,105,NA,NA,NA,2,1,0,NA,NA,NA,NA,NA,NA,NA,5,NA,NA,NA,NA,NA,NA,LB,NA,NA,NA,NA,NA,NA,NA,NA,NA,NA,NA,4.5,NA,Career,135,12.5,Georgia,240,NA,NA,NA,NA,NA,0,NA,NA,NA,NA
1020,Zach Diles,16,74,3.459459459,NA,NA,69,NA,0,0,3,0,1,NA,1,0,NA,0,0,NA,0,NA,NA,NA,NA,NA,6,LB,0,NA,NA,NA,NA,NA,NA,NA,NA,NA,NA,5.5,0,Career,80,12,Kansas State,149,1,0,NA,NA,NA,43,0,0,NA,Career
1023,Shaun Dion Hamilton,5,32,2.5,Career,NA,69,NA,NA,NA,2,0,NA,NA,2,0,NA,NA,NA,NA,4,NA,NA,NA,NA,NA,NA,LB,NA,NA,NA,NA,NA,NA,NA,NA,NA,NA,NA,4.5,NA,Career,65,16,Alabama,134,NA,NA,235,NA,NA,NA,40,20,NA,NA
1031,Jordon Dizon,2,28,1.142857143,Career,NA,129,NA,0,0,1,0,0,NA,2,1,NA,0,0,NA,1,NA,NA,NA,NA,NA,6,LB,0,NA,NA,NA,NA,NA,NA,NA,NA,NA,NA,11.5,0,Career,220,28,Colorado,349,1,0,NA,NA,NA,0,79,39.5,NA,NA
1033,Tim Dobbins,21,110,3.054545455,NA,NA,55,NA,NA,NA,NA,NA,NA,NA,3,0,NA,NA,NA,NA,NA,NA,NA,NA,NA,NA,NA,LB,NA,NA,NA,NA,NA,NA,NA,NA,NA,NA,NA,1,NA,Career,48,7.5,Iowa State,103,NA,NA,NA,NA,NA,NA,65,21.7,NA,Career
1061,Devante Downs,1,20,0.8,Career,NA,101,NA,0,0,3,3,NA,NA,5,1,NA,0,NA,NA,2,NA,NA,NA,NA,NA,6,LB,0,NA,NA,NA,NA,NA,NA,NA,NA,NA,NA,8,NA,Career,110,14.5,California,211,1,NA,245,NA,NA,NA,59,11.8,NA,NA
1099,A.J. Edds,0,17,0,Career,NA,149,NA,NA,NA,1,0,0,NA,7,0,NA,NA,NA,NA,0,NA,NA,NA,NA,NA,NA,LB,NA,NA,NA,NA,NA,NA,NA,NA,NA,NA,NA,2,NA,Career,76,12.5,Iowa,225,NA,NA,NA,NA,NA,0,67,9.6,NA,NA
1105,Tremaine Edmunds,24,31,12.38709677,Career,NA,101,NA,NA,NA,3,1,NA,NA,1,0,NA,NA,NA,NA,5,NA,NA,NA,NA,NA,NA,LB,NA,NA,NA,NA,NA,NA,NA,NA,NA,NA,NA,10,NA,Career,112,33,Virginia Tech,213,NA,NA,250,NA,NA,NA,9,9,NA,NA
1127,Ukeme Eligwe,2,24,1.333333333,Career,NA,44,NA,0,0,2,1,1,NA,1,0,NA,0,0,NA,3,NA,NA,NA,NA,NA,6,LB,0,NA,NA,NA,NA,NA,NA,NA,NA,NA,NA,4.5,NA,Career,77,10.5,Overall,121,1,NA,239,NA,NA,NA,0,0,NA,NA
1128,Dannell Ellerbe,26,80,5.2,Career,NA,63,NA,NA,NA,0,0,0,NA,3,0,NA,NA,NA,NA,0,NA,NA,NA,NA,NA,NA,LB,NA,NA,NA,NA,NA,NA,NA,NA,NA,NA,NA,8.5,NA,Career,84,20,Georgia,147,NA,NA,NA,NA,NA,0,9,3,NA,NA
1138,Keith Ellison,20,58,5.517241379,NA,NA,39,NA,NA,NA,NA,NA,NA,NA,2,0,NA,NA,NA,NA,NA,NA,NA,NA,NA,NA,NA,LB,NA,NA,NA,NA,NA,NA,NA,NA,NA,NA,NA,5,NA,Career,60,14.5,Oregon State,99,NA,NA,NA,NA,NA,NA,47,23.5,NA,Career
1163,Jordan Evans,7,45,2.488888889,Career,NA,117,NA,0,0,4,3,1,NA,5,2,NA,0,0,NA,16,NA,NA,NA,NA,NA,18,LB,0,NA,NA,NA,NA,NA,NA,NA,NA,NA,NA,3.5,NA,Career,164,21,Oklahoma,281,3,NA,233,NA,NA,41,145,29,NA,NA
1168,Rashaan Evans,14,31,7.225806452,Career,NA,66,NA,NA,NA,2,2,NA,NA,0,0,NA,NA,NA,NA,5,NA,NA,NA,NA,NA,NA,LB,NA,NA,NA,NA,NA,NA,NA,NA,NA,NA,NA,15,NA,Career,84,23.5,Alabama,150,NA,NA,234,NA,NA,NA,0,NA,NA,NA
1174,Kyler Fackrell,10,61,2.62295082,Career,NA,149,NA,0,0,4,5,1,NA,4,1,NA,0,0,NA,1,NA,NA,NA,NA,NA,18,LB,0,NA,NA,NA,NA,NA,NA,NA,NA,NA,NA,13,NA,Career,104,36,Utah State,253,3,NA,250,NA,NA,1,125,31.3,NA,NA
1186,Heath Farwell,15,114,2.105263158,NA,NA,NA,NA,NA,NA,NA,1,0,NA,2,0,NA,NA,NA,NA,NA,NA,NA,NA,NA,NA,NA,LB,NA,NA,NA,NA,NA,NA,NA,NA,NA,NA,NA,NA,NA,Career,NA,NA,San Diego State,NA,NA,NA,NA,NA,NA,8,0,0,NA,Career
1204,Josh Ferguson,1,28,0.571428571,Career,NA,37,NA,NA,NA,1,0,0,NA,1,0,NA,NA,NA,NA,7,NA,NA,NA,NA,NA,NA,LB,NA,NA,NA,NA,NA,NA,NA,NA,NA,NA,NA,0,NA,Career,57,4.5,Purdue,94,NA,NA,NA,NA,NA,0,3,3,NA,NA
1207,Robert Ferguson,20,83,3.855421687,Career,NA,38,NA,NA,NA,1,1,NA,NA,0,0,NA,NA,NA,NA,0,NA,NA,NA,NA,NA,NA,LB,NA,NA,NA,NA,NA,NA,NA,NA,NA,NA,NA,1,NA,Career,35,3.5,Georgia State,73,NA,NA,230,NA,NA,NA,0,NA,NA,NA
1214,Alfred Fincher,3,38,1.263157895,NA,NA,NA,NA,NA,NA,NA,NA,NA,NA,4,1,NA,0,NA,NA,NA,NA,NA,NA,NA,NA,6,LB,NA,NA,NA,NA,NA,NA,NA,NA,NA,NA,NA,NA,NA,Career,NA,NA,Connecticut,NA,1,NA,NA,NA,NA,NA,61,15.3,NA,Career
1239,Marquis Flowers,6,53,1.811320755,Career,NA,103,NA,0,0,0,3,NA,NA,5,1,NA,0,NA,NA,5,NA,NA,NA,NA,NA,6,LB,0,NA,NA,NA,NA,NA,NA,NA,NA,NA,NA,7.5,0,Career,170,27.5,Arizona,273,1,0,229,NA,NA,NA,32,6.4,NA,NA
1242,Leonard Floyd,29,54,8.592592593,Career,NA,92,NA,0,0,5,2,1,NA,0,0,NA,0,0,NA,4,NA,NA,NA,NA,NA,6,LB,0,NA,NA,NA,NA,NA,NA,NA,NA,NA,NA,17,NA,Career,90,26.5,Georgia,182,1,NA,231,NA,NA,96,0,NA,NA,NA
1250,Moise Fokou,22,73,4.821917808,Career,NA,70,NA,NA,NA,0,0,0,NA,1,0,NA,NA,NA,NA,2,NA,NA,NA,NA,NA,NA,LB,NA,NA,NA,NA,NA,NA,NA,NA,NA,NA,NA,7,NA,Career,91,19,Maryland,161,NA,NA,NA,NA,NA,0,0,0,NA,NA
1254,Zack Follett,2,17,1.882352941,Career,NA,89,NA,0,0,9,0,1,NA,1,0,NA,0,0,NA,13,NA,NA,NA,NA,NA,6,LB,0,NA,NA,NA,NA,NA,NA,NA,NA,NA,NA,22.5,0,Career,155,50,California,244,1,0,NA,NA,NA,0,0,0,NA,NA
1255,Larry Foote,77,187,6.588235294,NA,NA,NA,NA,NA,NA,NA,NA,NA,NA,3,0,NA,NA,NA,NA,NA,NA,NA,NA,NA,NA,NA,LB,NA,NA,NA,NA,NA,NA,NA,NA,NA,NA,NA,NA,NA,Career,NA,NA,Michigan,NA,NA,NA,NA,NA,NA,NA,41,13.7,NA,Career
1275,Mason Foster,45,107,6.728971963,Career,NA,135,NA,0,0,2,0,0,NA,4,1,NA,0,0,NA,3,NA,NA,NA,NA,NA,6,LB,0,NA,NA,NA,NA,NA,NA,NA,NA,NA,NA,10.5,0,Career,243,38.5,Washington,378,1,0,NA,NA,NA,0,109,27.3,NA,NA
1277,Reuben Foster,8,16,8,Career,NA,91,NA,NA,NA,0,0,NA,NA,0,0,NA,NA,NA,NA,9,NA,NA,NA,NA,NA,NA,LB,NA,NA,NA,NA,NA,NA,NA,NA,NA,NA,NA,7,NA,Career,120,23,Alabama,211,NA,NA,238,NA,NA,NA,0,NA,NA,NA
1287,Keyaron Fox,14,98,2.285714286,NA,NA,NA,NA,NA,NA,NA,NA,NA,NA,1,0,NA,NA,NA,NA,NA,NA,NA,NA,NA,NA,NA,LB,NA,NA,NA,NA,NA,NA,NA,NA,NA,NA,NA,NA,NA,Career,NA,NA,Georgia Tech,NA,NA,NA,NA,NA,NA,NA,35,35,NA,Career
1298,Jerry Franklin,2,24,1.333333333,Career,NA,187,NA,0,0,1,1,2,NA,5,0,NA,0,0,NA,6,NA,NA,NA,NA,NA,12,LB,0,NA,NA,NA,NA,NA,NA,NA,NA,NA,NA,10,0,Career,189,31,Arkansas,376,2,0,NA,NA,NA,179,72,14.4,NA,NA
1302,Zaire Franklin,3,32,1.5,Career,NA,123,NA,NA,NA,5,0,NA,NA,2,0,NA,NA,NA,NA,8,NA,NA,NA,NA,NA,NA,LB,NA,NA,NA,NA,NA,NA,NA,NA,NA,NA,NA,8.5,NA,Career,187,31.5,Syracuse,310,NA,NA,236,NA,NA,NA,34,17,NA,NA
1319,Alani Fua,2,19,1.684210526,Career,NA,56,NA,0,0,0,0,NA,NA,5,1,NA,0,NA,NA,14,NA,NA,NA,NA,NA,6,LB,0,NA,NA,NA,NA,NA,NA,NA,NA,NA,NA,6,0,Career,73,13.5,Brigham Young,129,1,0,228,NA,NA,NA,117,23.4,NA,NA
1333,Andrew Gachkar,10,101,1.584158416,Career,NA,87,NA,NA,NA,2,0,0,NA,2,0,NA,NA,NA,NA,1,NA,NA,NA,NA,NA,NA,LB,NA,NA,NA,NA,NA,NA,NA,NA,NA,NA,NA,4,NA,Career,121,13,Missouri,208,NA,NA,NA,NA,NA,0,8,4,NA,NA
1343,Omar Gaither,28,92,4.869565217,NA,NA,28,NA,NA,NA,4,0,0,NA,2,0,NA,NA,NA,NA,1,NA,NA,NA,NA,NA,NA,LB,NA,NA,NA,NA,NA,NA,NA,NA,NA,NA,NA,4,NA,Career,50,8,Tennessee,78,NA,NA,NA,NA,NA,0,20,10,NA,Career
1361,Gilbert Gardner,8,53,2.41509434,NA,NA,NA,NA,NA,NA,NA,NA,1,NA,3,0,NA,0,NA,NA,NA,NA,NA,NA,NA,NA,6,LB,NA,NA,NA,NA,NA,NA,NA,NA,NA,NA,NA,NA,NA,Career,NA,NA,Purdue,NA,1,NA,NA,NA,NA,19,51,17,NA,Career
1380,Ben Gedeon,15,39,6.153846154,Career,NA,83,NA,0,0,0,0,NA,NA,0,0,NA,0,NA,NA,2,NA,NA,NA,NA,1,6,LB,1,NA,0,0,NA,0,1,0,-2,-2,0,6.5,NA,Career,81,20.5,Michigan,164,1,NA,244,-2,-2,NA,0,NA,NA,NA
1381,Jeremiah George,3,37,1.297297297,Career,NA,88,NA,NA,NA,3,0,0,NA,2,0,NA,NA,NA,NA,9,NA,NA,NA,NA,NA,NA,LB,NA,NA,NA,NA,NA,NA,NA,NA,NA,NA,NA,3.5,NA,Career,137,16,Iowa State,225,NA,NA,219,NA,NA,0,11,5.5,NA,NA
1399,Tony Gilbert,6,68,1.411764706,NA,NA,NA,NA,NA,NA,NA,NA,NA,NA,1,0,NA,NA,NA,NA,NA,NA,NA,NA,NA,NA,NA,LB,NA,NA,NA,NA,NA,NA,NA,NA,NA,NA,NA,NA,NA,Career,NA,NA,Georgia,NA,NA,NA,NA,NA,NA,NA,5,5,NA,Career
1425,Travis Goethel,1,16,1,Career,NA,85,NA,0,0,3,0,0,NA,3,1,NA,0,0,NA,3,NA,NA,NA,NA,NA,6,LB,0,NA,NA,NA,NA,NA,NA,NA,NA,NA,NA,2,0,Career,143,19,Arizona State,228,1,0,NA,NA,NA,0,91,30.3,NA,NA
1427,Jonathan Goff,9,37,3.891891892,Career,NA,98,NA,NA,NA,0,0,0,NA,3,0,NA,NA,NA,NA,2,NA,NA,NA,NA,NA,NA,LB,NA,NA,NA,NA,NA,NA,NA,NA,NA,NA,NA,6.5,NA,Career,171,15.5,Vanderbilt,269,NA,NA,NA,NA,NA,0,12,4,NA,NA
1439,Anthony Gonzalez,16,40,6.4,Career,0,42,0,0,0,0,1,0,NA,1,1,0,0,0,1,5,0,0,0,0,NA,12,LB,0,0,NA,NA,NA,NA,NA,NA,NA,NA,NA,2,0,Career,119,7.5,Pitt,161,2,0,230,NA,NA,0,37,37,NA,NA
1443,B.J. Goodson,15,52,4.615384615,Career,NA,61,NA,NA,NA,1,5,0,NA,2,0,NA,NA,NA,NA,3,NA,NA,NA,NA,NA,NA,LB,NA,NA,NA,NA,NA,NA,NA,NA,NA,NA,NA,6.5,NA,Career,77,17.5,Clemson,138,NA,NA,250,NA,NA,0,1,0.5,NA,NA
1451,Najee Goode,11,90,1.955555556,Career,NA,77,NA,NA,NA,2,1,0,NA,2,0,NA,NA,NA,NA,6,NA,NA,NA,NA,NA,NA,LB,NA,NA,NA,NA,NA,NA,NA,NA,NA,NA,NA,8,NA,Career,80,22.5,West Virginia,157,NA,NA,NA,NA,NA,0,43,21.5,NA,NA
1453,Tavares Gooden,9,58,2.482758621,Career,NA,54,NA,0,0,1,0,0,NA,1,0,NA,0,0,NA,3,NA,NA,NA,NA,NA,6,LB,1,NA,NA,NA,NA,NA,NA,NA,NA,NA,NA,0,0,Career,84,5.5,Miami (FL),138,1,0,NA,NA,NA,0,35,35,NA,NA
1454,Zaviar Gooden,3,32,1.5,Career,NA,95,NA,0,0,1,3,0,NA,5,1,NA,0,0,NA,10,NA,NA,NA,NA,NA,6,LB,0,NA,NA,NA,NA,NA,NA,NA,NA,NA,NA,4,0,Career,161,20.5,Missouri,256,1,0,NA,NA,NA,1,30,6,NA,NA
1483,Larry Grant,10,68,2.352941176,Career,NA,26,NA,NA,NA,NA,NA,NA,NA,2,0,NA,NA,NA,NA,NA,NA,NA,NA,NA,NA,NA,LB,NA,NA,NA,NA,NA,NA,NA,NA,NA,NA,NA,5.5,NA,Career,43,10,Ohio State,69,NA,NA,NA,NA,NA,NA,68,34,NA,NA
1495,Chad Greenway,80,156,8.205128205,NA,NA,64,NA,NA,NA,NA,NA,NA,NA,4,1,NA,NA,NA,NA,NA,NA,NA,NA,NA,NA,6,LB,0,NA,NA,NA,NA,NA,NA,NA,NA,NA,NA,2,NA,Career,92,10,Iowa,156,1,NA,NA,NA,NA,NA,70,17.5,NA,Career
1505,Khaseem Greene,3,25,1.92,Career,NA,176,NA,0,0,2,0,2,NA,7,0,NA,0,0,NA,1,NA,NA,NA,NA,NA,12,LB,0,NA,NA,NA,NA,NA,NA,NA,NA,NA,NA,11.5,0,Career,211,31,Rutgers,387,2,0,NA,NA,NA,20,117,16.7,NA,NA
1520,Nick Greisen,23,98,3.755102041,NA,NA,NA,NA,NA,NA,NA,NA,NA,NA,5,0,NA,NA,NA,NA,NA,NA,NA,NA,NA,NA,NA,LB,NA,NA,NA,NA,NA,NA,NA,NA,NA,NA,NA,NA,NA,Career,NA,NA,Wisconsin,NA,NA,NA,NA,NA,NA,NA,27,5.4,NA,Career
1533,Shaquem Griffin,3,32,1.5,Career,NA,73,NA,0,0,4,5,1,NA,3,0,NA,0,0,NA,16,NA,NA,NA,NA,NA,6,LB,0,NA,NA,NA,NA,NA,NA,NA,NA,NA,NA,18.5,NA,Career,122,33.5,UCF,195,1,NA,223,NA,NA,NA,22,7.3,NA,NA
1535,Nicholas Grigsby,1,23,0.695652174,Career,NA,44,NA,NA,NA,4,1,0,NA,0,0,NA,NA,NA,NA,2,NA,NA,NA,NA,NA,NA,LB,NA,NA,NA,NA,NA,NA,NA,NA,NA,NA,NA,9.5,NA,Career,100,17.5,Pitt,144,NA,NA,220,NA,NA,0,0,NA,NA,NA
1538,Cody Grimm,6,23,4.173913043,Career,NA,93,NA,NA,NA,7,0,0,NA,2,0,NA,NA,NA,NA,6,NA,NA,NA,NA,NA,NA,LB,NA,NA,NA,NA,NA,NA,NA,NA,NA,NA,NA,11.5,NA,Career,111,26.5,Virginia Tech,204,NA,NA,NA,NA,NA,0,20,10,NA,NA
1557,Gary Guyton,20,61,5.245901639,Career,NA,49,NA,0,0,0,0,1,NA,1,0,NA,0,0,NA,6,NA,NA,NA,NA,NA,6,LB,0,NA,NA,NA,NA,NA,NA,NA,NA,NA,NA,7,0,Career,77,24.5,Georgia Tech,126,1,0,NA,NA,NA,38,7,7,NA,NA
1565,Bryce Hager,7,69,1.623188406,Career,NA,120,NA,0,0,5,1,1,NA,1,0,NA,0,0,NA,5,NA,NA,NA,NA,NA,6,LB,0,NA,NA,NA,NA,NA,NA,NA,NA,NA,NA,7,0,Career,202,24,Baylor,322,1,0,235,NA,NA,91,36,36,NA,NA
1569,Mario Haggan,23,132,2.787878788,NA,NA,NA,NA,NA,NA,NA,NA,1,NA,1,0,NA,0,NA,NA,NA,NA,NA,NA,NA,NA,6,LB,NA,NA,NA,NA,NA,NA,NA,NA,NA,NA,NA,NA,NA,Career,NA,NA,Mississippi State,NA,1,NA,NA,NA,NA,27,7,7,NA,Career
1570,Tyjuan Hagler,13,50,4.16,NA,NA,NA,NA,0,0,NA,0,1,NA,1,0,NA,0,0,NA,NA,NA,NA,NA,NA,NA,6,LB,0,NA,NA,NA,NA,NA,NA,NA,NA,NA,NA,NA,0,Career,NA,NA,Cincinnati,NA,1,0,NA,NA,NA,0,15,15,NA,Career
1585,Korey Hall,0,61,0,NA,NA,109,NA,NA,NA,NA,NA,NA,NA,11,1,NA,NA,NA,NA,NA,NA,NA,NA,NA,NA,6,LB,NA,NA,NA,NA,NA,NA,NA,NA,NA,NA,NA,5,NA,Career,108,12,Boise State,217,1,NA,NA,NA,NA,NA,193,17.5,NA,Career
1606,Greg Hardy,34,75,7.253333333,Career,NA,47,NA,NA,NA,1,0,0,NA,0,0,NA,NA,NA,NA,0,NA,NA,NA,NA,NA,NA,LB,NA,NA,NA,NA,NA,NA,NA,NA,NA,NA,NA,0,NA,Career,46,3.5,Arkansas State,93,NA,NA,NA,NA,NA,0,0,NA,NA,NA
1626,Chris Harris Jr.,73,139,8.402877698,Career,NA,37,NA,NA,NA,1,0,NA,NA,0,0,NA,NA,NA,NA,0,NA,NA,NA,NA,NA,NA,LB,NA,NA,NA,NA,NA,NA,NA,NA,NA,NA,NA,2,NA,Career,36,5.5,Georgia Southern,73,NA,NA,240,NA,NA,NA,0,NA,NA,NA
1638,James Harrison,111,193,9.202072539,NA,NA,NA,NA,NA,NA,NA,NA,NA,NA,4,0,NA,NA,NA,NA,NA,NA,NA,NA,NA,NA,NA,LB,NA,NA,NA,NA,NA,NA,NA,NA,NA,NA,NA,NA,NA,Career,NA,NA,Kent State,NA,NA,NA,NA,NA,NA,NA,66,16.5,NA,Career
1644,Maurice Harris,3,28,1.714285714,Career,NA,6,NA,NA,NA,1,0,0,NA,NA,NA,NA,NA,NA,NA,0,NA,NA,NA,NA,NA,NA,LB,NA,NA,NA,NA,NA,NA,NA,NA,NA,NA,NA,0,NA,Career,13,0,Florida State,19,NA,NA,NA,NA,NA,0,NA,NA,NA,NA
1654,Ryan Harris,38,114,5.333333333,Career,NA,23,NA,NA,NA,1,1,NA,NA,0,0,NA,NA,NA,NA,0,NA,NA,NA,NA,NA,NA,LB,NA,NA,NA,NA,NA,NA,NA,NA,NA,NA,NA,0,NA,Career,21,0,Navy,44,NA,NA,213,NA,NA,NA,0,NA,NA,NA
1667,Mario Harvey,2,28,1.142857143,Career,NA,239,NA,0,0,4,0,1,NA,1,0,NA,0,0,NA,8,NA,NA,NA,NA,NA,6,LB,0,NA,NA,NA,NA,NA,NA,NA,NA,NA,NA,21,0,Career,181,36.5,Marshall,420,1,0,NA,NA,NA,62,29,29,NA,NA
1675,Spencer Havner,1,26,0.615384615,NA,NA,33,NA,NA,NA,NA,NA,1,NA,11,3,NA,NA,NA,NA,NA,NA,NA,NA,NA,NA,24,LB,NA,NA,NA,NA,NA,NA,NA,NA,NA,NA,NA,2,NA,Career,66,15,UCLA,99,4,NA,NA,NA,NA,13,290,26.4,NA,Career
1676,A.J. Hawk,74,159,7.446540881,NA,NA,52,NA,NA,NA,NA,NA,NA,NA,7,1,NA,NA,NA,NA,NA,NA,NA,NA,NA,NA,12,LB,1,NA,NA,NA,NA,NA,NA,NA,NA,NA,NA,9.5,NA,Career,69,16.5,Ohio State,121,2,NA,NA,NA,NA,NA,123,17.6,NA,Career
1678,Josh Hawkins,2,32,1,Career,NA,1,NA,NA,NA,0,0,0,NA,NA,NA,NA,NA,NA,NA,0,NA,NA,NA,NA,NA,NA,LB,NA,NA,NA,NA,NA,NA,NA,NA,NA,NA,NA,0,NA,Career,0,0,Tennessee,1,NA,NA,NA,NA,NA,0,NA,NA,NA,NA
1681,David Hawthorne,42,111,6.054054054,Career,NA,60,NA,NA,NA,0,1,0,NA,1,0,NA,NA,NA,NA,4,NA,NA,NA,NA,NA,NA,LB,NA,NA,NA,NA,NA,NA,NA,NA,NA,NA,NA,9.5,NA,Career,108,20,Texas Christian,168,NA,NA,NA,NA,NA,4,40,40,NA,NA
1685,Gerald Hayes,32,94,5.446808511,NA,NA,NA,NA,NA,NA,NA,NA,1,NA,2,0,NA,NA,NA,NA,NA,NA,NA,NA,NA,NA,6,LB,NA,NA,NA,NA,NA,NA,NA,NA,NA,NA,NA,NA,NA,Career,NA,NA,Pitt,NA,1,NA,NA,NA,NA,8,-5,-2.5,NA,Career
1686,Geno Hayes,34,101,5.386138614,2005,NA,NA,NA,NA,NA,NA,NA,NA,13,0,0,NA,NA,NA,NA,NA,NA,NA,NA,NA,NA,6,LB,1,NA,NA,NA,NA,NA,NA,NA,NA,NA,NA,NA,NA,2005,NA,NA,Florida State,NA,1,NA,NA,NA,NA,NA,0,NA,NA,NA
1695,Paul Hazel,1,17,0.941176471,Career,NA,49,NA,NA,NA,10,0,0,NA,0,0,NA,NA,NA,NA,6,NA,NA,NA,NA,NA,NA,LB,NA,NA,NA,NA,NA,NA,NA,NA,NA,NA,NA,16.5,NA,Career,55,24,Western Michigan,104,NA,NA,NA,NA,NA,0,0,NA,NA,NA
1702,Ben Heeney,3,24,2,Career,NA,113,NA,NA,NA,3,1,0,NA,4,0,NA,NA,NA,NA,5,NA,NA,NA,NA,1,NA,LB,NA,NA,0,0,NA,0,1,0,0,0,0,3.5,NA,Career,221,36,Kansas,334,NA,NA,230,0,0,0,71,17.8,NA,NA
1711,E.J. Henderson,54,125,6.912,NA,NA,NA,NA,NA,NA,NA,NA,1,NA,3,0,NA,0,NA,NA,NA,NA,NA,NA,NA,NA,6,LB,0,NA,NA,NA,NA,NA,NA,NA,NA,NA,NA,NA,NA,Career,NA,NA,Maryland,NA,1,NA,NA,NA,NA,36,25,8.3,NA,Career
1712,Erin Henderson,19,85,3.576470588,Career,NA,129,NA,NA,NA,NA,NA,NA,NA,3,1,NA,NA,NA,NA,NA,NA,NA,NA,NA,1,6,LB,NA,NA,NA,NA,NA,NA,1,0,12,12,0,2,NA,Career,118,17.5,Maryland,247,1,NA,NA,12,12,NA,57,19,NA,NA
1733,Will Herring,12,109,1.76146789,NA,NA,60,NA,0,0,0,1,1,NA,8,0,NA,0,0,NA,1,NA,NA,NA,NA,2,6,LB,0,NA,0,0,NA,0,2,0,54,27,0,2,0,Career,81,12,Auburn,141,1,0,NA,54,27,7,14,1.8,NA,Career
1734,Mark Herzlich,13,88,2.363636364,Career,NA,96,NA,NA,NA,NA,NA,NA,NA,12,2,NA,0,NA,NA,NA,NA,NA,NA,NA,1,12,LB,NA,NA,NA,NA,NA,NA,1,0,6,6,0,5,NA,Career,218,31.5,Boston College,314,2,NA,NA,6,6,NA,139,11.6,NA,NA
1739,Neville Hewitt,15,66,3.636363636,Career,NA,136,NA,NA,NA,1,2,NA,NA,2,0,NA,NA,NA,NA,4,NA,NA,NA,NA,NA,NA,LB,NA,NA,NA,NA,NA,NA,NA,NA,NA,NA,NA,7.5,NA,Career,72,16.5,Marshall,208,NA,NA,225,NA,NA,NA,2,1,NA,NA
1746,Jordan Hicks,29,59,7.86440678,Career,NA,113,NA,NA,NA,0,1,0,NA,2,0,NA,NA,NA,NA,6,NA,NA,NA,NA,NA,NA,LB,NA,NA,NA,NA,NA,NA,NA,NA,NA,NA,NA,5.5,NA,Career,135,22.5,Texas,248,NA,NA,234,NA,NA,0,19,9.5,NA,NA
1751,Ali Highsmith,2,20,1.6,Career,NA,129,NA,0,0,7,1,1,NA,1,0,NA,0,0,NA,13,NA,NA,NA,NA,NA,6,LB,0,NA,NA,NA,NA,NA,NA,NA,NA,NA,NA,10,0,Career,100,22,LSU,229,1,0,NA,NA,NA,22,10,10,NA,NA
1752,Dont'a Hightower,70,102,10.98039216,Career,NA,133,NA,NA,NA,2,1,0,NA,1,0,NA,NA,NA,NA,7,NA,NA,NA,NA,NA,NA,LB,NA,NA,NA,NA,NA,NA,NA,NA,NA,NA,NA,5,NA,Career,101,21,Alabama,234,NA,NA,NA,NA,NA,8,29,29,NA,NA
1782,Anthony Hitchens,37,90,6.577777778,Career,NA,145,NA,NA,NA,2,2,0,NA,1,0,NA,NA,NA,NA,2,NA,NA,NA,NA,NA,NA,LB,NA,NA,NA,NA,NA,NA,NA,NA,NA,NA,NA,3,NA,Career,125,19,Iowa,270,NA,NA,233,NA,NA,0,18,18,NA,NA
1786,Victor Hobson,28,79,5.670886076,NA,NA,NA,NA,NA,NA,NA,NA,NA,NA,2,0,NA,NA,NA,NA,NA,NA,NA,NA,NA,NA,NA,LB,NA,NA,NA,NA,NA,NA,NA,NA,NA,NA,NA,NA,NA,Career,NA,NA,Michigan,NA,NA,NA,NA,NA,NA,NA,42,21,NA,Career
1789,Abdul Hodge,2,35,0.914285714,NA,NA,62,NA,NA,NA,3,1,0,NA,NA,NA,NA,NA,NA,NA,0,NA,NA,NA,NA,NA,NA,LB,NA,NA,NA,NA,NA,NA,NA,NA,NA,NA,NA,1,NA,Career,96,11,Iowa,158,NA,NA,NA,NA,NA,47,NA,NA,NA,Career
1794,Doug Hogue,2,27,1.185185185,Career,NA,60,NA,NA,NA,NA,NA,NA,NA,3,0,NA,NA,NA,NA,NA,NA,NA,NA,NA,126,24,LB,NA,NA,1,139,9.9,14,112,3,483,4.3,4,12.5,NA,Career,109,26.5,Syracuse,169,4,NA,NA,622,4.9,NA,88,29.3,NA,NA
1825,Justin Houston,74,118,10.03389831,Career,NA,53,NA,0,0,1,0,1,NA,1,0,NA,0,0,NA,3,NA,NA,NA,NA,NA,6,LB,0,NA,NA,NA,NA,NA,NA,NA,NA,NA,NA,20,0,Career,72,38,Georgia,125,1,0,NA,NA,NA,18,4,4,NA,NA
1836,Thomas Howard,38,95,6.4,NA,NA,38,NA,NA,NA,NA,NA,2,NA,4,1,NA,0,NA,NA,NA,NA,NA,NA,NA,NA,18,LB,NA,NA,NA,NA,NA,NA,NA,NA,NA,NA,NA,3,NA,Career,47,7,UTEP,85,3,NA,NA,NA,NA,54,110,27.5,NA,Career
1856,Josh Hull,3,39,1.230769231,Career,NA,119,NA,NA,NA,0,0,0,NA,3,0,NA,NA,NA,NA,1,NA,NA,NA,NA,NA,NA,LB,NA,NA,NA,NA,NA,NA,NA,NA,NA,NA,NA,3,NA,Career,97,14.5,Penn State,216,NA,NA,NA,NA,NA,0,14,4.7,NA,NA
1857,Mike Hull,5,43,1.860465116,Career,NA,97,NA,NA,NA,2,2,NA,NA,1,0,NA,NA,NA,NA,5,NA,NA,NA,NA,NA,NA,LB,NA,NA,NA,NA,NA,NA,NA,NA,NA,NA,NA,2.5,NA,Career,119,15,Penn State,216,NA,NA,232,NA,NA,NA,12,12,NA,NA
1889,Clint Ingram,23,56,6.571428571,NA,NA,26,NA,NA,NA,NA,NA,NA,NA,5,1,NA,NA,NA,NA,NA,NA,NA,NA,NA,NA,6,LB,NA,NA,NA,NA,NA,NA,NA,NA,NA,NA,NA,5,NA,Career,35,10.5,Oklahoma,61,1,NA,NA,NA,NA,NA,63,12.6,NA,Career
1899,Nate Irving,10,62,2.580645161,Career,NA,98,NA,0,0,3,0,0,NA,4,1,NA,0,0,NA,6,NA,NA,NA,NA,NA,6,LB,0,NA,NA,NA,NA,NA,NA,NA,NA,NA,NA,9,0,Career,116,40,North Carolina State,214,1,0,NA,NA,NA,0,83,20.8,NA,NA
1905,Brian Iwuh,8,85,1.505882353,NA,NA,20,NA,0,0,1,0,0,NA,1,1,NA,0,0,NA,0,NA,NA,NA,NA,NA,6,LB,0,NA,NA,NA,NA,NA,NA,NA,NA,NA,NA,3,0,Career,39,6,Colorado,59,1,0,NA,NA,NA,0,37,37,NA,Career
1906,Joel Iyiegbuniwe,2,31,1.032258065,Career,NA,93,NA,NA,NA,3,1,NA,NA,0,0,NA,NA,NA,NA,4,NA,NA,NA,NA,NA,NA,LB,NA,NA,NA,NA,NA,NA,NA,NA,NA,NA,NA,5.5,NA,Career,108,22.5,Western Kentucky,201,NA,NA,230,NA,NA,NA,0,NA,NA,NA
1914,D'Qwell Jackson,79,141,8.964539007,NA,NA,81,NA,NA,NA,NA,NA,NA,NA,6,1,NA,NA,NA,NA,NA,NA,NA,NA,NA,NA,6,LB,NA,NA,NA,NA,NA,NA,NA,NA,NA,NA,NA,4,NA,Career,56,6.5,Maryland,137,1,NA,NA,NA,NA,NA,116,19.3,NA,Career
1918,Edwin Jackson,4,16,4,Career,NA,42,NA,NA,NA,1,0,NA,NA,1,0,NA,NA,NA,NA,0,NA,NA,NA,NA,NA,NA,LB,NA,NA,NA,NA,NA,NA,NA,NA,NA,NA,NA,0,NA,Career,58,4,Georgia Southern,100,NA,NA,230,NA,NA,NA,48,48,NA,NA
1930,Malik Jackson,43,111,6.198198198,Career,NA,22,NA,0,0,2,2,1,NA,1,0,NA,0,0,NA,3,NA,NA,NA,NA,NA,6,LB,0,NA,NA,NA,NA,NA,NA,NA,NA,NA,NA,10,0,Career,77,20,Louisville,99,1,0,NA,NA,NA,26,7,7,NA,NA
1932,Myles Jack,29,59,7.86440678,Career,NA,61,NA,0,0,1,2,NA,NA,4,1,NA,0,NA,NA,19,NA,NA,NA,NA,69,72,LB,0,NA,0,8,8,1,68,11,387,5.7,11,1,NA,Career,117,15,UCLA,178,12,NA,245,395,5.7,NA,111,27.8,NA,NA
1941,Ben Jacobs,4,73,0.876712329,Career,NA,209,NA,0,0,0,0,2,NA,1,0,NA,0,0,NA,1,NA,NA,NA,NA,NA,12,LB,0,NA,NA,NA,NA,NA,NA,NA,NA,NA,NA,4,0,Career,178,23.5,Fresno State,387,2,0,NA,NA,NA,50,3,3,NA,NA
1943,Leon Jacobs,8,26,4.923076923,Career,NA,56,NA,0,0,1,2,1,NA,3,0,NA,0,0,NA,3,NA,NA,NA,NA,NA,6,LB,0,NA,NA,NA,NA,NA,NA,NA,NA,NA,NA,6.5,NA,Career,86,16,Wisconsin,142,1,NA,245,NA,NA,NA,30,10,NA,NA
1945,Bradie James,66,157,6.72611465,NA,NA,NA,NA,NA,NA,NA,NA,NA,NA,2,0,NA,NA,NA,NA,NA,NA,NA,NA,NA,2,NA,LB,NA,NA,NA,NA,NA,NA,2,0,31,15.5,0,NA,NA,Career,NA,NA,LSU,NA,NA,NA,NA,31,15.5,NA,0,0,NA,Career
1947,Cory James,7,26,4.307692308,Career,NA,115,NA,NA,NA,4,0,0,NA,0,0,NA,NA,NA,NA,3,NA,NA,NA,NA,NA,NA,LB,NA,NA,NA,NA,NA,NA,NA,NA,NA,NA,NA,24,NA,Career,114,41.5,Colorado State,229,NA,NA,245,NA,NA,0,0,NA,NA,NA
1958,Robert James,1,19,0.842105263,Career,NA,71,NA,NA,NA,1,0,0,NA,5,0,NA,NA,NA,NA,0,NA,NA,NA,NA,NA,NA,LB,NA,NA,NA,NA,NA,NA,NA,NA,NA,NA,NA,4.5,NA,Career,97,19,Arizona State,168,NA,NA,NA,NA,NA,0,21,4.2,NA,NA
1977,Malik Jefferson,2,21,1.523809524,Career,NA,71,NA,0,0,2,1,1,NA,0,0,NA,0,0,NA,5,NA,NA,NA,NA,NA,6,LB,0,NA,NA,NA,NA,NA,NA,NA,NA,NA,NA,13,NA,Career,160,26,Texas,231,1,NA,240,NA,NA,26,0,NA,NA,NA
1984,Jelani Jenkins,17,60,4.533333333,Career,NA,73,NA,0,0,0,0,0,NA,3,1,NA,0,0,NA,0,NA,NA,NA,NA,NA,12,LB,1,NA,NA,NA,NA,NA,NA,NA,NA,NA,NA,6,0,Career,109,16.5,Florida,182,2,0,NA,NA,NA,0,136,45.3,NA,NA
2008,Josey Jewell,8,31,4.129032258,Career,NA,222,NA,0,0,3,2,NA,NA,6,1,NA,0,NA,NA,26,NA,NA,NA,NA,NA,6,LB,0,NA,NA,NA,NA,NA,NA,NA,NA,NA,NA,10,NA,Career,211,28,Iowa,433,1,NA,236,NA,NA,NA,100,16.7,NA,NA
2013,Antonio Johnson,23,83,4.43373494,Career,NA,107,NA,NA,NA,0,0,0,NA,3,0,NA,NA,NA,NA,0,NA,NA,NA,NA,NA,NA,LB,NA,NA,NA,NA,NA,NA,NA,NA,NA,NA,NA,6,NA,Career,120,16.5,Baylor,227,NA,NA,NA,NA,NA,0,79,26.3,NA,NA
2015,Austin Johnson,2,18,1.777777778,Career,NA,62,NA,NA,NA,NA,NA,NA,NA,5,0,NA,NA,NA,NA,NA,NA,NA,NA,NA,NA,6,LB,NA,NA,NA,NA,NA,NA,NA,NA,NA,NA,NA,1,NA,Career,64,8.5,Tennessee,126,1,NA,200,NA,NA,NA,49,9.8,NA,NA
2016,Brad Johnson,90,177,8.13559322,Career,NA,13,NA,NA,NA,1,1,NA,NA,0,0,NA,NA,NA,NA,1,NA,NA,NA,NA,NA,NA,LB,NA,NA,NA,NA,NA,NA,NA,NA,NA,NA,NA,3.5,NA,Career,16,3.5,South Carolina,29,NA,NA,250,NA,NA,NA,0,NA,NA,NA
2025,Charles Johnson,7,39,2.871794872,Career,NA,12,NA,NA,NA,0,0,0,NA,NA,NA,NA,NA,NA,NA,0,NA,NA,NA,NA,NA,NA,LB,NA,NA,NA,NA,NA,NA,NA,NA,NA,NA,NA,0.5,NA,Career,5,0.5,California,17,NA,NA,NA,NA,NA,0,NA,NA,NA,NA
2040,James-Michael Johnson,11,47,3.744680851,Career,NA,126,NA,NA,NA,4,2,0,NA,3,0,NA,NA,NA,NA,4,NA,NA,NA,NA,NA,NA,LB,NA,NA,NA,NA,NA,NA,NA,NA,NA,NA,NA,7.5,NA,Career,169,37.5,Nevada,295,NA,NA,NA,NA,NA,0,12,4,NA,NA
2045,Josh Johnson,6,33,2.909090909,Career,NA,77,NA,NA,NA,0,0,0,NA,1,0,NA,NA,NA,NA,0,NA,NA,NA,NA,NA,NA,LB,NA,NA,NA,NA,NA,NA,NA,NA,NA,NA,NA,2.5,NA,Career,46,6,Marshall,123,NA,NA,NA,NA,NA,0,39,39,NA,NA
2051,Landon Johnson,31,101,4.910891089,Career,NA,2,NA,NA,NA,1,0,0,NA,NA,NA,NA,NA,NA,NA,0,NA,NA,NA,NA,NA,NA,LB,NA,NA,NA,NA,NA,NA,NA,NA,NA,NA,NA,0,NA,Career,2,0,Stanford,4,NA,NA,NA,NA,NA,0,NA,NA,NA,NA
2057,Nico Johnson,3,18,2.666666667,Career,NA,76,NA,NA,NA,3,1,0,NA,2,0,NA,NA,NA,NA,6,NA,NA,NA,NA,NA,NA,LB,NA,NA,NA,NA,NA,NA,NA,NA,NA,NA,NA,2,NA,Career,87,16.5,Alabama,163,NA,NA,NA,NA,NA,0,2,1,NA,NA
2059,Randell Johnson,2,16,2,Career,NA,91,NA,NA,NA,4,0,0,NA,0,0,NA,NA,NA,NA,4,NA,NA,NA,NA,NA,NA,LB,NA,NA,NA,NA,NA,NA,NA,NA,NA,NA,NA,9.5,NA,Career,104,30.5,Florida Atlantic,195,NA,NA,230,NA,NA,0,0,NA,NA,NA
2064,Steven Johnson,8,74,1.72972973,Career,NA,2,NA,NA,NA,0,0,0,NA,NA,NA,NA,NA,NA,NA,0,NA,NA,NA,NA,NA,NA,LB,NA,NA,NA,NA,NA,NA,NA,NA,NA,NA,NA,0,NA,Career,5,0,Wisconsin,7,NA,NA,NA,NA,NA,0,NA,NA,NA,NA
2085,Christian Jones,31,92,5.391304348,Career,NA,99,NA,0,0,2,4,1,NA,1,0,NA,0,NA,NA,7,NA,NA,NA,NA,NA,6,LB,0,NA,NA,NA,NA,NA,NA,NA,NA,NA,NA,8,0,Career,124,24,Florida State,223,1,0,210,NA,NA,19,15,15,NA,NA
2092,Deion Jones,29,53,8.754716981,Career,NA,85,NA,0,0,1,1,0,NA,2,1,NA,0,NA,NA,4,NA,NA,NA,NA,NA,6,LB,0,NA,NA,NA,NA,NA,NA,NA,NA,NA,NA,5,0,Career,79,21,LSU,164,1,0,227,NA,NA,0,26,13,NA,NA
2106,Jarvis Jones,19,50,6.08,Career,NA,72,NA,NA,NA,2,0,0,NA,1,0,NA,NA,NA,NA,2,NA,NA,NA,NA,NA,NA,LB,NA,NA,NA,NA,NA,NA,NA,NA,NA,NA,NA,28,NA,Career,96,45.5,Overall,168,NA,NA,NA,NA,NA,0,21,21,NA,NA
2109,Joseph Jones,2,35,0.914285714,Career,NA,26,NA,NA,NA,0,1,NA,NA,0,0,NA,NA,NA,NA,2,NA,NA,NA,NA,NA,NA,LB,NA,NA,NA,NA,NA,NA,NA,NA,NA,NA,NA,3,NA,Career,43,6.5,Northwestern,69,NA,NA,235,NA,NA,NA,0,NA,NA,NA
2113,Justin Jones,6,27,3.555555556,Career,NA,69,NA,NA,NA,1,0,0,NA,0,0,NA,NA,NA,NA,3,NA,NA,NA,NA,NA,NA,LB,NA,NA,NA,NA,NA,NA,NA,NA,NA,NA,NA,2,NA,Career,85,16,Middle Tennessee State,154,NA,NA,175,NA,NA,0,0,NA,NA,NA
2116,Levi Jones,54,103,8.388349515,Career,NA,7,NA,NA,NA,0,0,NA,NA,0,0,NA,NA,NA,NA,3,NA,NA,NA,NA,NA,NA,LB,NA,NA,NA,NA,NA,NA,NA,NA,NA,NA,NA,0,NA,Career,21,3,USC,28,NA,NA,220,NA,NA,NA,0,NA,NA,NA
2128,Taiwan Jones,3,91,0.527472527,Career,NA,92,NA,NA,NA,0,2,0,NA,1,0,NA,NA,NA,NA,5,NA,NA,NA,NA,NA,NA,LB,NA,NA,NA,NA,NA,NA,NA,NA,NA,NA,NA,5.5,NA,Career,91,25.5,Michigan State,183,NA,NA,252,NA,NA,0,0,0,NA,NA
2151,Peter Kalambayi,2,31,1.032258065,Career,NA,73,NA,NA,NA,1,0,NA,NA,1,0,NA,NA,NA,NA,7,NA,NA,NA,NA,NA,NA,LB,NA,NA,NA,NA,NA,NA,NA,NA,NA,NA,NA,18.5,NA,Career,116,27,Stanford,189,NA,NA,247,NA,NA,NA,0,0,NA,NA
2170,Stanford Keglar,2,35,0.914285714,Career,NA,74,NA,NA,NA,0,0,0,NA,3,0,NA,NA,NA,NA,3,NA,NA,NA,NA,NA,NA,LB,NA,NA,NA,NA,NA,NA,NA,NA,NA,NA,NA,1,NA,Career,115,9,Purdue,189,NA,NA,NA,NA,NA,0,28,9.3,NA,NA
2171,Bryan Kehl,7,72,1.555555556,Career,NA,89,NA,0,0,0,0,0,NA,3,1,NA,0,0,NA,6,NA,NA,NA,NA,NA,6,LB,0,NA,NA,NA,NA,NA,NA,NA,NA,NA,NA,6.5,0,Career,102,20.5,Brigham Young,191,1,0,NA,NA,NA,0,75,25,NA,NA
2172,Freddy Keiaho,16,55,4.654545455,NA,NA,45,NA,NA,NA,NA,NA,NA,NA,1,0,NA,0,NA,NA,NA,NA,NA,NA,NA,NA,6,LB,1,NA,NA,NA,NA,NA,NA,NA,NA,NA,NA,1,NA,Career,68,11.5,San Diego State,113,1,NA,NA,NA,NA,NA,15,15,NA,Career
2176,Jason Kelce,79,126,10.03174603,Career,NA,1,NA,NA,NA,0,0,0,NA,NA,NA,NA,NA,NA,NA,0,NA,NA,NA,NA,NA,NA,LB,NA,NA,NA,NA,NA,NA,NA,NA,NA,NA,NA,0,NA,Career,4,0,Cincinnati,5,NA,NA,NA,NA,NA,0,NA,NA,NA,NA
2191,Eric Kendricks,46,74,9.945945946,Career,NA,168,NA,0,0,1,1,2,NA,5,1,NA,0,NA,NA,7,NA,NA,NA,NA,1,18,LB,0,NA,0,0,NA,0,1,0,-1,-1,0,10,0,Career,308,26,UCLA,476,3,0,230,-1,-1,63,71,14.2,NA,NA
2193,Mychal Kendricks,44,103,6.834951456,Career,NA,104,NA,NA,NA,0,5,NA,NA,4,1,NA,NA,NA,NA,2,NA,NA,NA,NA,NA,6,LB,0,NA,NA,NA,NA,NA,NA,NA,NA,NA,NA,13.5,NA,Career,155,36.5,California,259,1,NA,NA,NA,NA,NA,130,32.5,NA,NA
2205,Josh Keyes,0,25,0,Career,NA,45,NA,NA,NA,2,0,0,NA,0,0,NA,NA,NA,NA,0,NA,NA,NA,NA,NA,NA,LB,NA,NA,NA,NA,NA,NA,NA,NA,NA,NA,NA,7.5,NA,Career,79,16.5,Boston College,124,NA,NA,223,NA,NA,0,0,NA,NA,NA
2206,Arden Key,5,23,3.47826087,Career,NA,71,NA,NA,NA,3,2,NA,NA,0,0,NA,NA,NA,NA,4,NA,NA,NA,NA,NA,NA,LB,NA,NA,NA,NA,NA,NA,NA,NA,NA,NA,NA,20,NA,Career,58,24.5,LSU,129,NA,NA,265,NA,NA,NA,0,NA,NA,NA
2207,Hau'oli Kikaha,5,27,2.962962963,Career,NA,67,NA,NA,NA,5,1,NA,NA,0,0,NA,NA,NA,NA,6,NA,NA,NA,NA,NA,NA,LB,NA,NA,NA,NA,NA,NA,NA,NA,NA,NA,NA,35.5,NA,Career,139,51,Washington,206,NA,NA,246,NA,NA,NA,0,NA,NA,NA
2220,Christian Kirksey,27,73,5.917808219,Career,NA,164,NA,0,0,4,3,NA,NA,4,2,NA,0,NA,NA,4,NA,NA,NA,NA,NA,12,LB,0,NA,NA,NA,NA,NA,NA,NA,NA,NA,NA,5.5,0,Career,151,13.5,Iowa,315,2,0,235,NA,NA,NA,91,22.8,NA,NA
2224,Micah Kiser,1,16,1,Career,NA,219,NA,NA,NA,8,6,NA,NA,1,0,NA,NA,NA,NA,12,NA,NA,NA,NA,NA,NA,LB,NA,NA,NA,NA,NA,NA,NA,NA,NA,NA,NA,19,NA,Career,189,33.5,Virginia,408,NA,NA,240,NA,NA,NA,7,7,NA,NA
2231,A.J. Klein,32,103,4.970873786,Career,NA,180,NA,0,0,1,1,0,NA,5,4,NA,0,0,NA,7,NA,NA,NA,NA,NA,24,LB,0,NA,NA,NA,NA,NA,NA,NA,NA,NA,NA,3,0,Career,181,20,Iowa State,361,4,0,NA,NA,NA,0,265,53,NA,NA
2239,Kyle Knox,1,18,0.888888889,Career,NA,100,NA,NA,NA,1,0,0,NA,NA,NA,NA,NA,NA,NA,3,NA,NA,NA,NA,NA,NA,LB,NA,NA,NA,NA,NA,NA,NA,NA,NA,NA,NA,4.5,NA,Career,115,26,Fresno State,215,NA,NA,NA,NA,NA,0,NA,NA,NA,NA
2244,Niko Koutouvides,10,125,1.28,NA,NA,NA,NA,NA,NA,NA,NA,NA,NA,5,0,NA,NA,NA,NA,NA,NA,NA,NA,NA,NA,NA,LB,NA,NA,NA,NA,NA,NA,NA,NA,NA,NA,NA,NA,NA,Career,NA,NA,Purdue,NA,NA,NA,NA,NA,NA,NA,45,9,NA,Career
2253,Luke Kuechly,107,118,14.50847458,Career,NA,233,NA,NA,NA,NA,NA,NA,NA,7,2,NA,0,NA,NA,NA,NA,NA,NA,NA,NA,12,LB,NA,NA,NA,NA,NA,NA,NA,NA,NA,NA,NA,2.5,NA,Career,299,35.5,Boston College,532,2,NA,NA,NA,NA,NA,130,18.6,NA,NA
2260,Nick Kwiatkoski,16,57,4.49122807,Career,NA,95,NA,NA,NA,3,2,0,NA,6,0,NA,NA,NA,NA,10,NA,NA,NA,NA,NA,NA,LB,NA,NA,NA,NA,NA,NA,NA,NA,NA,NA,NA,6,NA,Career,200,28.5,West Virginia,295,NA,NA,235,NA,NA,0,13,2.2,NA,NA
2272,Emmanuel Lamur,16,81,3.160493827,Career,NA,83,NA,NA,NA,NA,NA,NA,NA,5,0,NA,NA,NA,NA,NA,NA,NA,NA,NA,NA,NA,LB,NA,NA,NA,NA,NA,NA,NA,NA,NA,NA,NA,2,NA,Career,114,10,Kansas State,197,NA,NA,NA,NA,NA,NA,56,11.2,NA,NA
2291,Danny Lansanah,10,38,4.210526316,Career,NA,180,NA,NA,NA,NA,NA,NA,NA,10,2,NA,NA,NA,NA,NA,NA,NA,NA,NA,NA,12,LB,NA,NA,NA,NA,NA,NA,NA,NA,NA,NA,NA,7,NA,Career,119,34.5,Connecticut,299,2,NA,NA,NA,NA,NA,162,16.2,NA,NA
2293,Spencer Larsen,3,63,0.761904762,Career,NA,92,NA,NA,NA,0,0,0,NA,2,0,NA,NA,NA,NA,1,NA,NA,NA,NA,NA,NA,LB,NA,NA,NA,NA,NA,NA,NA,NA,NA,NA,NA,7,NA,Career,179,28.5,Arizona,271,NA,NA,NA,NA,NA,0,3,1.5,NA,NA
2299,James Laurinaitis,63,117,8.615384615,Career,NA,216,NA,NA,NA,0,0,0,NA,9,0,NA,NA,NA,NA,0,NA,NA,NA,NA,NA,NA,LB,NA,NA,NA,NA,NA,NA,NA,NA,NA,NA,NA,13,NA,Career,159,24.5,Ohio State,375,NA,NA,NA,NA,NA,0,72,8,NA,NA
2300,Lance Laury,6,72,1.333333333,NA,NA,30,NA,NA,NA,1,0,0,NA,2,0,NA,NA,NA,NA,1,NA,NA,NA,NA,NA,NA,LB,NA,NA,NA,NA,NA,NA,NA,NA,NA,NA,NA,1,NA,Career,39,6,South Carolina,69,NA,NA,NA,NA,NA,0,8,4,NA,Career
2302,Cameron Lawrence,2,27,1.185185185,Career,NA,161,NA,NA,NA,1,0,0,NA,4,0,NA,NA,NA,NA,0,NA,NA,NA,NA,NA,NA,LB,NA,NA,NA,NA,NA,NA,NA,NA,NA,NA,NA,7,NA,Career,130,18.5,Mississippi State,291,NA,NA,NA,NA,NA,0,37,9.3,NA,NA
2322,Ben Leber,61,143,6.825174825,NA,NA,NA,NA,NA,NA,NA,NA,NA,NA,1,0,NA,NA,NA,NA,NA,NA,NA,NA,NA,NA,NA,LB,NA,NA,NA,NA,NA,NA,NA,NA,NA,NA,NA,NA,NA,Career,NA,NA,Kansas State,NA,NA,NA,NA,NA,NA,NA,4,4,NA,Career
2327,Darron Lee,21,56,6,Career,NA,57,NA,0,0,3,2,2,NA,3,1,NA,0,0,NA,5,NA,NA,NA,NA,NA,18,LB,0,NA,NA,NA,NA,NA,NA,NA,NA,NA,NA,11,NA,Career,89,27,Ohio State,146,3,NA,235,NA,NA,94,77,25.7,NA,NA
2329,Elijah Lee,6,38,2.526315789,Career,NA,56,NA,NA,NA,3,3,NA,NA,5,0,NA,NA,NA,NA,5,NA,NA,NA,NA,NA,NA,LB,NA,NA,NA,NA,NA,NA,NA,NA,NA,NA,NA,11,NA,Career,153,18.5,Kansas State,209,NA,NA,228,NA,NA,NA,5,1,NA,NA
2332,Marquel Lee,8,34,3.764705882,Career,NA,148,NA,NA,NA,4,0,NA,NA,0,0,NA,NA,NA,NA,2,NA,NA,NA,NA,NA,NA,LB,NA,NA,NA,NA,NA,NA,NA,NA,NA,NA,NA,14.5,NA,Career,143,41,Wake Forest,291,NA,NA,240,NA,NA,NA,0,NA,NA,NA
2334,Sean Lee,60,109,8.80733945,Career,NA,166,NA,NA,NA,NA,NA,NA,NA,3,0,NA,NA,NA,NA,NA,NA,NA,NA,NA,NA,NA,LB,NA,NA,NA,NA,NA,NA,NA,NA,NA,NA,NA,11,NA,Career,147,29.5,Penn State,313,NA,NA,NA,NA,NA,NA,13,4.3,NA,NA
2340,Teddy Lehman,9,45,3.2,NA,NA,NA,NA,NA,NA,NA,NA,NA,NA,4,1,NA,0,NA,NA,NA,NA,NA,NA,NA,NA,6,LB,NA,NA,NA,NA,NA,NA,NA,NA,NA,NA,NA,NA,NA,Career,NA,NA,Oklahoma,NA,1,NA,NA,NA,NA,NA,53,13.3,NA,Career
2348,Orie Lemon,4,26,2.461538462,Career,NA,70,NA,NA,NA,2,0,0,NA,1,0,NA,NA,NA,NA,11,NA,NA,NA,NA,NA,NA,LB,NA,NA,NA,NA,NA,NA,NA,NA,NA,NA,NA,2,NA,Career,159,13,Oklahoma State,229,NA,NA,NA,NA,NA,0,73,73,NA,NA
2363,D.D. Lewis,14,79,2.835443038,NA,NA,NA,NA,NA,NA,NA,1,0,NA,2,0,NA,NA,NA,NA,NA,NA,NA,NA,NA,NA,NA,LB,NA,NA,NA,NA,NA,NA,NA,NA,NA,NA,NA,NA,NA,Career,NA,NA,Texas,NA,NA,NA,NA,NA,NA,1,13,6.5,NA,Career
2370,Keith Lewis,8,76,1.684210526,Career,NA,25,NA,0,0,0,0,0,NA,1,1,NA,0,0,NA,4,NA,NA,NA,NA,NA,6,LB,0,NA,NA,NA,NA,NA,NA,NA,NA,NA,NA,0.5,0,Career,40,5,Wyoming,65,1,0,NA,NA,NA,0,55,55,NA,NA
2393,Cory Littleton,24,64,6,Career,NA,77,NA,NA,NA,3,2,0,NA,0,0,NA,NA,NA,NA,6,NA,NA,NA,NA,NA,NA,LB,NA,NA,NA,NA,NA,NA,NA,NA,NA,NA,NA,12,NA,Career,99,26,Washington,176,NA,NA,227,NA,NA,0,0,NA,NA,NA
2406,Curtis Lofton,60,128,7.5,Career,NA,80,NA,NA,NA,NA,NA,1,NA,3,1,NA,0,NA,NA,NA,NA,NA,NA,NA,NA,12,LB,NA,NA,NA,NA,NA,NA,NA,NA,NA,NA,NA,1,NA,Career,117,16,Oklahoma,197,2,NA,NA,NA,NA,12,71,23.7,NA,NA
2415,Steve Longa,2,26,1.230769231,Career,NA,138,NA,NA,NA,5,2,NA,NA,0,0,NA,NA,NA,NA,7,NA,NA,NA,NA,NA,NA,LB,NA,NA,NA,NA,NA,NA,NA,NA,NA,NA,NA,7,NA,Career,197,17,Rutgers,335,NA,NA,225,NA,NA,NA,0,NA,NA,NA
2421,John Lotulelei,1,18,0.888888889,Career,NA,97,NA,NA,NA,0,0,NA,NA,1,0,NA,NA,NA,NA,1,NA,NA,NA,NA,NA,NA,LB,NA,NA,NA,NA,NA,NA,NA,NA,NA,NA,NA,0,NA,Career,83,4.5,UNLV,180,NA,NA,220,NA,NA,NA,4,4,NA,NA
2438,Frankie Luvu,3,27,1.777777778,Career,NA,41,NA,0,0,3,3,1,NA,2,0,NA,0,0,NA,1,NA,NA,NA,NA,NA,6,LB,0,NA,NA,NA,NA,NA,NA,NA,NA,NA,NA,8,NA,Career,69,19,Washington State,110,1,NA,235,NA,NA,NA,21,10.5,NA,NA
2440,Cameron Lynch,4,58,1.103448276,Career,NA,70,NA,NA,NA,3,2,0,NA,2,0,NA,NA,NA,NA,8,NA,NA,NA,NA,NA,NA,LB,NA,NA,NA,NA,NA,NA,NA,NA,NA,NA,NA,17,NA,Career,173,31.5,Syracuse,243,NA,NA,231,NA,NA,1,47,23.5,NA,NA
2447,Khalil Mack,76,94,12.93617021,Career,NA,142,NA,0,0,16,3,0,NA,4,2,NA,0,0,NA,21,NA,NA,NA,NA,NA,12,LB,0,NA,NA,NA,NA,NA,NA,NA,NA,NA,NA,28.5,0,Career,185,74.5,Buffalo,327,2,0,248,NA,NA,0,148,37,NA,NA
2457,Brandon Magee,2,17,1.882352941,Career,NA,74,NA,0,0,0,1,0,NA,3,1,NA,0,0,NA,2,NA,NA,NA,NA,NA,6,LB,0,NA,NA,NA,NA,NA,NA,NA,NA,NA,NA,10,0,Career,157,24.5,Arizona State,231,1,0,NA,NA,NA,0,56,18.7,NA,NA
2462,Kaluka Maiava,14,63,3.555555556,Career,NA,70,NA,NA,NA,1,0,0,NA,2,0,NA,NA,NA,NA,2,NA,NA,NA,NA,NA,NA,LB,NA,NA,NA,NA,NA,NA,NA,NA,NA,NA,NA,2,NA,Career,94,15.5,USC,164,NA,NA,NA,NA,NA,0,12,6,NA,NA
2491,Brandon Marshall,105,179,9.38547486,Career,NA,112,NA,NA,NA,3,5,0,NA,3,0,NA,NA,NA,NA,13,NA,NA,NA,NA,NA,NA,LB,NA,NA,NA,NA,NA,NA,NA,NA,NA,NA,NA,6,NA,Career,147,33.5,Nevada,259,NA,NA,NA,NA,NA,30,22,7.3,NA,NA
2497,Blake Martinez,32,61,8.393442623,Career,NA,116,NA,NA,NA,5,0,0,NA,5,0,NA,NA,NA,NA,6,NA,NA,NA,NA,NA,NA,LB,NA,NA,NA,NA,NA,NA,NA,NA,NA,NA,NA,6.5,NA,Career,139,13.5,Stanford,255,NA,NA,245,NA,NA,0,12,2.4,NA,NA
2498,David Martin,13,120,1.733333333,NA,NA,NA,NA,NA,NA,NA,NA,NA,NA,1,0,NA,NA,NA,NA,NA,NA,NA,NA,NA,NA,NA,LB,NA,NA,NA,NA,NA,NA,NA,NA,NA,NA,NA,NA,NA,Career,NA,NA,Oregon,NA,NA,NA,NA,NA,NA,NA,4,4,NA,Career
2501,Eric Martin,3,33,1.454545455,Career,NA,61,NA,NA,NA,2,1,0,NA,0,0,NA,NA,NA,NA,1,NA,NA,NA,NA,NA,NA,LB,NA,NA,NA,NA,NA,NA,NA,NA,NA,NA,NA,11,NA,Career,62,20,Nebraska,123,NA,NA,NA,NA,NA,0,0,NA,NA,NA
2505,Jonathan Martin,15,38,6.315789474,NA,NA,NA,NA,NA,NA,NA,NA,NA,NA,2,0,NA,NA,NA,NA,NA,NA,NA,NA,NA,NA,NA,LB,NA,NA,NA,NA,NA,NA,NA,NA,NA,NA,NA,NA,NA,Career,NA,NA,South Carolina,NA,NA,NA,NA,NA,NA,NA,10,5,NA,Career
2525,Tyler Matakevich,5,63,1.26984127,Career,NA,155,NA,NA,NA,4,4,0,NA,7,0,NA,NA,NA,NA,11,NA,NA,NA,NA,NA,NA,LB,NA,NA,NA,NA,NA,NA,NA,NA,NA,NA,NA,7,NA,Career,338,40.5,Temple,493,NA,NA,232,NA,NA,0,94,13.4,NA,NA
2533,Casey Matthews,10,64,2.5,Career,NA,122,NA,NA,NA,0,0,0,NA,4,0,NA,NA,NA,NA,0,NA,NA,NA,NA,NA,NA,LB,NA,NA,NA,NA,NA,NA,NA,NA,NA,NA,NA,9,NA,Career,123,30.5,Oregon,245,NA,NA,NA,NA,NA,0,25,6.3,NA,NA
2536,Clay Matthews,102,156,10.46153846,Career,NA,40,NA,NA,NA,4,0,0,NA,NA,NA,NA,NA,NA,NA,4,NA,NA,NA,NA,NA,NA,LB,NA,NA,NA,NA,NA,NA,NA,NA,NA,NA,NA,5.5,NA,Career,57,13.5,USC,97,NA,NA,NA,NA,NA,0,NA,NA,NA,NA
2537,Jake Matthews,59,95,9.936842105,Career,NA,38,NA,NA,NA,1,2,NA,NA,0,0,NA,NA,NA,NA,0,NA,NA,NA,NA,NA,NA,LB,NA,NA,NA,NA,NA,NA,NA,NA,NA,NA,NA,3,NA,Career,69,3.5,Arizona,107,NA,NA,230,NA,NA,NA,0,NA,NA,NA
2541,Rey Maualuga,57,120,7.6,Career,NA,109,NA,NA,NA,NA,NA,NA,NA,5,1,NA,0,NA,NA,NA,NA,NA,NA,NA,NA,6,LB,NA,NA,NA,NA,NA,NA,NA,NA,NA,NA,NA,9,NA,Career,164,22.5,USC,273,1,NA,NA,NA,NA,NA,76,15.2,NA,NA
2547,Michael Mauti,5,58,1.379310345,Career,NA,92,NA,NA,NA,0,0,0,NA,4,0,NA,NA,NA,NA,1,NA,NA,NA,NA,NA,NA,LB,NA,NA,NA,NA,NA,NA,NA,NA,NA,NA,NA,4.5,NA,Career,91,12.5,Penn State,183,NA,NA,NA,NA,NA,0,125,31.3,NA,NA
2558,Jerod Mayo,59,103,9.165048544,Career,NA,93,NA,0,0,0,0,0,NA,1,1,NA,0,0,NA,1,NA,NA,NA,NA,NA,6,LB,0,NA,NA,NA,NA,NA,NA,NA,NA,NA,NA,6.5,0,Career,143,21,Tennessee,236,1,0,NA,NA,NA,0,34,34,NA,NA
2559,Corey Mays,10,62,2.580645161,NA,NA,40,NA,NA,NA,3,0,0,NA,NA,NA,NA,NA,NA,NA,2,NA,NA,NA,NA,NA,NA,LB,NA,NA,NA,NA,NA,NA,NA,NA,NA,NA,NA,5,NA,Career,40,12,Notre Dame,80,NA,NA,NA,NA,NA,0,NA,NA,NA,Career
2574,Chris McCain,4,36,1.777777778,Career,NA,38,NA,NA,NA,1,0,0,NA,0,0,NA,NA,NA,NA,1,NA,NA,NA,NA,NA,NA,LB,NA,NA,NA,NA,NA,NA,NA,NA,NA,NA,NA,6,NA,Career,53,15.5,California,91,NA,NA,250,NA,NA,0,0,NA,NA,NA
2576,Colin McCarthy,11,36,4.888888889,Career,NA,146,NA,0,0,1,0,1,NA,3,0,NA,0,0,NA,0,NA,NA,NA,NA,NA,6,LB,0,NA,NA,NA,NA,NA,NA,NA,NA,NA,NA,5,0,Career,159,35,Miami (FL),305,1,0,NA,NA,NA,27,52,17.3,NA,NA
2586,Rolando McClain,29,65,7.138461538,Career,NA,135,NA,NA,NA,NA,NA,1,NA,5,0,NA,NA,NA,NA,NA,NA,NA,NA,NA,NA,6,LB,NA,NA,NA,NA,NA,NA,NA,NA,NA,NA,NA,8,NA,Career,139,31.5,Alabama,274,1,NA,NA,NA,NA,4,73,14.6,NA,NA
2608,Lerentee McCray,6,72,1.333333333,Career,NA,25,NA,0,0,1,0,0,NA,1,0,NA,0,0,NA,3,NA,NA,NA,NA,NA,6,LB,1,NA,NA,NA,NA,NA,NA,NA,NA,NA,NA,4.5,0,Career,40,12.5,Florida,65,1,0,NA,NA,NA,0,25,25,NA,NA
2609,Marlon McCree,42,116,5.793103448,NA,NA,NA,NA,0,0,NA,2,1,NA,2,0,NA,0,0,NA,NA,NA,NA,NA,NA,NA,6,LB,0,NA,NA,NA,NA,NA,NA,NA,NA,NA,NA,NA,0,Career,NA,NA,Kentucky,NA,1,0,NA,NA,NA,32,49,24.5,NA,Career
2637,Brandon McGowan,12,41,4.682926829,Career,NA,15,NA,NA,NA,0,0,NA,NA,0,0,NA,NA,NA,NA,2,NA,NA,NA,NA,NA,NA,LB,NA,NA,NA,NA,NA,NA,NA,NA,NA,NA,NA,0,NA,Career,12,2,Appalachian State,27,NA,NA,235,NA,NA,NA,0,NA,NA,NA
2642,Corey McIntyre,1,107,0.14953271,NA,NA,NA,NA,NA,NA,NA,NA,NA,NA,1,0,NA,NA,NA,NA,NA,NA,NA,NA,NA,3,NA,LB,NA,NA,NA,NA,NA,NA,3,0,4,1.3,0,NA,NA,Career,NA,NA,West Virginia,NA,NA,NA,NA,4,1.3,NA,12,12,NA,Career
2651,Tyrone McKenzie,1,19,0.842105263,Career,NA,158,NA,NA,NA,2,0,0,NA,2,0,NA,NA,NA,NA,13,NA,NA,NA,NA,NA,NA,LB,NA,NA,NA,NA,NA,NA,NA,NA,NA,NA,NA,3.5,NA,Career,201,33.5,Overall,359,NA,NA,NA,NA,NA,0,24,12,NA,NA
2652,Benardrick McKinney,43,76,9.052631579,Career,NA,121,NA,NA,NA,1,5,0,NA,0,0,NA,NA,NA,NA,7,NA,NA,NA,NA,NA,NA,LB,NA,NA,NA,NA,NA,NA,NA,NA,NA,NA,NA,7.5,NA,Career,122,19.5,Mississippi State,243,NA,NA,249,NA,NA,0,0,NA,NA,NA
2658,Scott McKillop,2,16,2,Career,NA,133,NA,0,0,0,0,0,NA,3,1,NA,0,0,NA,1,NA,NA,NA,NA,NA,6,LB,0,NA,NA,NA,NA,NA,NA,NA,NA,NA,NA,8,0,Career,211,28.5,Pitt,344,1,0,NA,NA,NA,0,18,6,NA,NA
2668,Raekwon McMillan,11,29,6.068965517,Career,NA,139,NA,0,0,2,1,NA,NA,1,1,NA,0,NA,NA,10,NA,NA,NA,NA,NA,6,LB,0,NA,NA,NA,NA,NA,NA,NA,NA,NA,NA,6,NA,Career,136,18,Ohio State,275,1,NA,243,NA,NA,NA,24,24,NA,NA
2679,Gerald McRath,7,40,2.8,Career,NA,178,NA,0,0,5,0,0,NA,1,1,NA,0,0,NA,6,NA,NA,NA,NA,NA,6,LB,0,NA,NA,NA,NA,NA,NA,NA,NA,NA,NA,7.5,0,Career,208,32,Southern Mississippi,386,1,0,NA,NA,NA,0,32,32,NA,NA
2705,Matt Milano,24,44,8.727272727,Career,NA,33,NA,0,0,2,5,NA,NA,1,1,NA,0,NA,NA,6,NA,NA,NA,NA,NA,6,LB,0,NA,NA,NA,NA,NA,NA,NA,NA,NA,NA,14,NA,Career,107,32.5,Boston College,140,1,NA,221,NA,NA,NA,19,19,NA,NA
2706,Edmond Miles,1,18,0.888888889,NA,NA,74,NA,NA,NA,1,0,0,NA,1,0,NA,NA,NA,NA,2,NA,NA,NA,NA,NA,NA,LB,NA,NA,NA,NA,NA,NA,NA,NA,NA,NA,NA,2,NA,Career,94,19.5,Iowa,168,NA,NA,NA,NA,NA,0,0,0,NA,Career
2711,Brit Miller,0,35,0,Career,NA,124,NA,0,0,0,0,1,NA,3,0,NA,0,0,NA,1,NA,NA,NA,NA,NA,6,LB,0,NA,NA,NA,NA,NA,NA,NA,NA,NA,NA,8,0,Career,159,33,Illinois,283,1,0,NA,NA,NA,27,34,11.3,NA,NA
2727,Von Miller,117,135,13.86666667,Career,NA,77,NA,NA,NA,7,0,0,NA,1,0,NA,NA,NA,NA,5,NA,NA,NA,NA,NA,NA,LB,NA,NA,NA,NA,NA,NA,NA,NA,NA,NA,NA,33,NA,Career,104,50.5,Texas A&M,181,NA,NA,NA,NA,NA,0,3,3,NA,NA
2733,Kevin Minter,27,91,4.747252747,Career,NA,125,NA,0,0,1,1,1,NA,1,0,NA,0,0,NA,1,NA,NA,NA,NA,NA,6,LB,0,NA,NA,NA,NA,NA,NA,NA,NA,NA,NA,5,0,Career,81,18.5,LSU,206,1,0,NA,NA,NA,0,4,4,NA,NA
2738,Kawika Mitchell,41,97,6.762886598,NA,NA,NA,NA,0,0,NA,1,0,NA,1,0,NA,0,0,NA,NA,NA,NA,NA,NA,1,6,LB,0,NA,0,0,NA,0,1,1,56,56,1,NA,0,Career,NA,NA,South Florida,NA,1,0,NA,56,56,17,39,39,NA,Career
2739,Marvin Mitchell,13,98,2.12244898,NA,NA,31,NA,0,0,1,0,0,NA,2,1,NA,0,0,NA,0,NA,NA,NA,NA,NA,6,LB,0,NA,NA,NA,NA,NA,NA,NA,NA,NA,NA,1,0,Career,95,13.5,Tennessee,126,1,0,NA,NA,NA,0,17,8.5,NA,Career
2740,Mike Mitchell,38,145,4.193103448,Career,NA,4,NA,NA,NA,0,1,NA,NA,0,0,NA,NA,NA,NA,0,NA,NA,NA,NA,NA,NA,LB,NA,NA,NA,NA,NA,NA,NA,NA,NA,NA,NA,0,NA,Career,3,0,Texas Tech,7,NA,NA,228,NA,NA,NA,0,NA,NA,NA
2747,Mike Mohamed,4,26,2.461538462,Career,NA,143,NA,0,0,0,0,0,NA,7,2,NA,0,0,NA,3,NA,NA,NA,NA,NA,12,LB,0,NA,NA,NA,NA,NA,NA,NA,NA,NA,NA,7,0,Career,196,20,California,339,2,0,NA,NA,NA,0,77,11,NA,NA
2776,Sio Moore,16,47,5.446808511,Career,NA,100,NA,NA,NA,4,3,0,NA,4,0,NA,NA,NA,NA,16,NA,NA,NA,NA,NA,NA,LB,NA,NA,NA,NA,NA,NA,NA,NA,NA,NA,NA,16,NA,Career,174,44,Connecticut,274,NA,NA,NA,NA,NA,0,11,2.8,NA,NA
2792,Antonio Morrison,13,47,4.425531915,Career,NA,155,NA,NA,NA,3,1,0,NA,1,0,NA,NA,NA,NA,2,NA,NA,NA,NA,NA,NA,LB,NA,NA,NA,NA,NA,NA,NA,NA,NA,NA,NA,4.5,NA,Career,132,20,Florida,287,NA,NA,229,NA,NA,0,20,20,NA,NA
2801,Dezman Moses,5,45,1.777777778,Career,NA,7,NA,NA,NA,0,0,0,NA,0,0,NA,NA,NA,NA,0,NA,NA,NA,NA,NA,NA,LB,NA,NA,NA,NA,NA,NA,NA,NA,NA,NA,NA,0,NA,Career,4,1,Iowa,11,NA,NA,NA,NA,NA,0,0,NA,NA,NA
2806,C.J. Mosley,67,79,13.56962025,2013,NA,44,NA,0,0,1,0,NA,13,0,0,NA,0,NA,NA,5,NA,NA,NA,NA,NA,0,LB,0,NA,NA,NA,NA,NA,NA,NA,NA,NA,NA,0,NA,2013,62,9,Alabama,106,0,NA,232,NA,NA,NA,0,NA,NA,NA
2814,Roddrick Muckelroy,2,21,1.523809524,Career,NA,82,NA,0,0,0,1,1,NA,2,0,NA,0,0,NA,2,NA,NA,NA,NA,NA,6,LB,0,NA,NA,NA,NA,NA,NA,NA,NA,NA,NA,5.5,0,Career,174,20.5,Texas,256,1,0,NA,NA,NA,26,11,5.5,NA,NA
2827,Calvin Munson,4,16,4,Career,NA,142,NA,0,0,3,2,NA,NA,7,3,NA,0,NA,NA,5,NA,NA,NA,NA,NA,18,LB,0,NA,NA,NA,NA,NA,NA,NA,NA,NA,NA,18,NA,Career,159,35.5,San Diego State,301,3,NA,245,NA,NA,NA,244,34.9,NA,NA
2831,Trent Murphy,31,76,6.526315789,Career,NA,58,NA,0,0,2,0,NA,NA,2,2,NA,0,NA,NA,6,NA,NA,NA,NA,NA,12,LB,0,NA,NA,NA,NA,NA,NA,NA,NA,NA,NA,32.5,0,Career,102,52.5,Stanford,160,2,0,261,NA,NA,NA,70,35,NA,NA
2856,Ryan Nece,25,101,3.96039604,NA,NA,NA,NA,NA,NA,NA,NA,1,NA,2,1,NA,NA,NA,NA,NA,NA,NA,NA,NA,NA,12,LB,0,NA,NA,NA,NA,NA,NA,NA,NA,NA,NA,NA,NA,Career,NA,NA,UCLA,NA,2,NA,NA,NA,NA,39,33,16.5,NA,Career
2859,Corey Nelson,7,61,1.836065574,Career,NA,79,NA,0,0,0,1,0,NA,1,1,NA,0,0,NA,10,NA,NA,NA,NA,NA,6,LB,0,NA,NA,NA,NA,NA,NA,NA,NA,NA,NA,7.5,0,Career,77,17.5,Oklahoma,156,1,0,226,NA,NA,0,24,24,NA,NA
2875,Jonathan Newsome,4,30,2.133333333,Career,NA,11,NA,NA,NA,0,0,0,NA,0,0,NA,NA,NA,NA,0,NA,NA,NA,NA,NA,NA,LB,NA,NA,NA,NA,NA,NA,NA,NA,NA,NA,NA,0,NA,Career,9,0,Ohio State,20,NA,NA,NA,NA,NA,0,0,NA,NA,NA
2883,Stephen Nicholas,29,101,4.594059406,NA,NA,48,NA,NA,NA,2,0,0,NA,2,0,NA,NA,NA,NA,3,NA,NA,NA,NA,NA,NA,LB,NA,NA,NA,NA,NA,NA,NA,NA,NA,NA,NA,14.5,NA,Career,120,31,South Florida,168,NA,NA,NA,NA,NA,0,0,0,NA,Career
2886,Hardy Nickerson,5,37,2.162162162,Career,NA,192,NA,NA,NA,2,4,NA,NA,3,0,NA,NA,NA,NA,1,NA,NA,NA,NA,NA,NA,LB,NA,NA,NA,NA,NA,NA,NA,NA,NA,NA,NA,4,NA,Career,159,14.5,Overall,351,NA,NA,230,NA,NA,NA,41,13.7,NA,NA
2888,Ben Niemann,3,30,1.6,Career,NA,91,NA,0,0,2,1,NA,NA,2,0,NA,0,NA,NA,11,NA,NA,NA,NA,NA,6,LB,1,NA,NA,NA,NA,NA,NA,NA,NA,NA,NA,4,NA,Career,108,16,Iowa,199,1,NA,230,NA,NA,NA,3,1.5,NA,NA
2899,Jared Norris,2,28,1.142857143,Career,NA,120,NA,NA,NA,4,1,0,NA,0,0,NA,NA,NA,NA,8,NA,NA,NA,NA,NA,NA,LB,NA,NA,NA,NA,NA,NA,NA,NA,NA,NA,NA,7,NA,Career,149,24,Utah,269,NA,NA,240,NA,NA,0,0,NA,NA,NA
2903,Eric Norwood,2,28,1.142857143,Career,NA,79,NA,0,0,1,1,2,NA,2,1,NA,0,0,NA,2,NA,NA,NA,NA,NA,18,LB,0,NA,NA,NA,NA,NA,NA,NA,NA,NA,NA,29,0,Career,176,55,South Carolina,255,3,0,NA,NA,NA,83,36,18,NA,NA
2909,Uchenna Nwosu,6,32,3,Career,NA,75,NA,NA,NA,1,1,NA,NA,1,0,NA,NA,NA,NA,19,NA,NA,NA,NA,NA,NA,LB,NA,NA,NA,NA,NA,NA,NA,NA,NA,NA,NA,12.5,NA,Career,94,20.5,USC,169,NA,NA,240,NA,NA,NA,0,0,NA,NA
2910,Mark Nzeocha,4,49,1.306122449,Career,NA,52,NA,NA,NA,4,1,0,NA,1,0,NA,NA,NA,NA,7,NA,NA,NA,NA,NA,NA,LB,NA,NA,NA,NA,NA,NA,NA,NA,NA,NA,NA,3,NA,Career,85,9,Wyoming,137,NA,NA,239,NA,NA,0,0,0,NA,NA
2914,Dorian O'Daniel,3,30,1.6,Career,NA,76,NA,0,0,1,2,NA,NA,3,2,NA,0,NA,NA,7,NA,NA,NA,NA,NA,12,LB,0,NA,NA,NA,NA,NA,NA,NA,NA,NA,NA,8.5,NA,Career,129,28,Clemson,205,2,NA,215,NA,NA,NA,67,22.3,NA,NA
2924,Steve Octavien,1,18,0.888888889,Career,NA,47,NA,NA,NA,1,0,0,NA,NA,NA,NA,NA,NA,NA,5,NA,NA,NA,NA,NA,NA,LB,NA,NA,NA,NA,NA,NA,NA,NA,NA,NA,NA,3,NA,Career,81,18.5,Nebraska,128,NA,NA,NA,NA,NA,0,NA,NA,NA,NA
2933,Alec Ogletree,55,93,9.462365591,Career,NA,67,NA,0,0,2,0,1,NA,1,0,NA,0,0,NA,3,NA,NA,NA,NA,NA,6,LB,0,NA,NA,NA,NA,NA,NA,NA,NA,NA,NA,6,0,Career,130,20,Georgia,197,1,0,NA,NA,NA,0,0,0,NA,NA
2968,Chris Owens,12,87,2.206896552,Career,NA,0,NA,NA,NA,0,0,0,NA,NA,NA,NA,NA,NA,NA,0,NA,NA,NA,NA,NA,NA,LB,NA,NA,NA,NA,NA,NA,NA,NA,NA,NA,NA,0,NA,Career,1,0,Ohio,1,NA,NA,315,NA,NA,0,NA,NA,NA,NA
2981,Ashlee Palmer,16,94,2.723404255,Career,NA,59,NA,NA,NA,NA,NA,NA,NA,4,0,NA,NA,NA,NA,NA,NA,NA,NA,NA,NA,NA,LB,NA,NA,NA,NA,NA,NA,NA,NA,NA,NA,NA,1.5,NA,Career,80,12,Ole Miss,139,NA,NA,NA,NA,NA,NA,28,7,NA,NA
3022,Spencer Paysinger,14,94,2.382978723,Career,NA,114,NA,0,0,1,0,0,NA,2,1,NA,0,0,NA,13,NA,NA,NA,NA,NA,6,LB,0,NA,NA,NA,NA,NA,NA,NA,NA,NA,NA,6.5,0,Career,142,26.5,Oregon,256,1,0,NA,NA,NA,0,70,35,NA,NA
3037,Jabrill Peppers,15,40,6,Career,0,33,0,0,0,0,0,NA,NA,1,0,0,0,NA,1,11,0,0,0,0,55,36,LB,1,0,0,82,8.2,10,45,5,239,5.3,5,3,NA,Career,86,18.5,Michigan,119,6,NA,205,321,5.8,NA,11,11,NA,NA
3046,Denzel Perryman,23,56,6.571428571,Career,NA,111,NA,0,0,6,0,NA,NA,2,1,NA,0,NA,NA,8,NA,NA,NA,NA,NA,6,LB,0,NA,NA,NA,NA,NA,NA,NA,NA,NA,NA,4.5,NA,Career,240,27,Miami (FL),351,1,NA,242,NA,NA,NA,61,30.5,NA,NA
3047,Joshua Perry,1,17,0.941176471,Career,NA,127,NA,NA,NA,1,0,0,NA,1,0,NA,NA,NA,NA,8,NA,NA,NA,NA,NA,NA,LB,NA,NA,NA,NA,NA,NA,NA,NA,NA,NA,NA,7.5,NA,Career,169,18,Ohio State,296,NA,NA,254,NA,NA,0,0,0,NA,NA
3071,Jason Phillips,3,29,1.655172414,Career,NA,118,NA,NA,NA,0,0,0,NA,2,0,NA,NA,NA,NA,2,NA,NA,NA,NA,NA,NA,LB,NA,NA,NA,NA,NA,NA,NA,NA,NA,NA,NA,7.5,NA,Career,197,38.5,Texas Christian,315,NA,NA,NA,NA,NA,0,36,18,NA,NA
3078,Antonio Pierce,56,124,7.225806452,NA,NA,NA,NA,NA,NA,NA,NA,NA,NA,1,0,NA,NA,NA,NA,NA,NA,NA,NA,NA,NA,NA,LB,NA,NA,NA,NA,NA,NA,NA,NA,NA,NA,NA,NA,NA,Career,NA,NA,Arizona,NA,NA,NA,NA,NA,NA,NA,0,0,NA,Career
3081,Kevin Pierre-Louis,8,71,1.802816901,Career,NA,146,NA,0,0,1,2,1,NA,1,1,NA,0,0,NA,10,NA,NA,NA,NA,NA,12,LB,0,NA,NA,NA,NA,NA,NA,NA,NA,NA,NA,8,0,Career,214,23,Boston College,360,2,0,225,NA,NA,96,33,33,NA,NA
3101,Carlos Polk,8,74,1.72972973,NA,NA,NA,NA,NA,NA,NA,NA,NA,NA,2,1,NA,NA,NA,NA,NA,NA,NA,NA,NA,NA,6,LB,NA,NA,NA,NA,NA,NA,NA,NA,NA,NA,NA,NA,NA,Career,NA,NA,Nebraska,NA,1,NA,NA,NA,NA,NA,55,27.5,NA,Career
3105,Paul Posluszny,73,145,8.055172414,NA,NA,99,NA,0,0,2,0,0,NA,2,1,NA,0,0,NA,7,NA,NA,NA,NA,NA,6,LB,0,NA,NA,NA,NA,NA,NA,NA,NA,NA,NA,6,0,Career,133,20.5,Penn State,232,1,0,NA,NA,NA,0,32,16,NA,Career
3149,Hayes Pullard,9,46,3.130434783,Career,NA,177,NA,0,0,1,1,NA,NA,3,1,NA,0,NA,NA,15,NA,NA,NA,NA,NA,6,LB,0,NA,NA,NA,NA,NA,NA,NA,NA,NA,NA,6,0,Career,197,25,USC,374,1,0,235,NA,NA,NA,46,15.3,NA,NA
3163,Reggie Ragland,15,42,5.714285714,2013,NA,11,NA,NA,NA,0,0,NA,10,0,0,NA,NA,NA,NA,0,NA,NA,NA,NA,NA,NA,LB,NA,NA,NA,NA,NA,NA,NA,NA,NA,NA,NA,0,NA,2013,6,0.5,Alabama,17,NA,NA,252,NA,NA,NA,0,NA,NA,NA
3190,Kevin Reddick,1,26,0.615384615,Career,NA,112,NA,0,0,2,0,0,NA,2,1,NA,0,0,NA,11,NA,NA,NA,NA,NA,6,LB,0,NA,NA,NA,NA,NA,NA,NA,NA,NA,NA,8.5,0,Career,163,36,North Carolina,275,1,0,NA,NA,NA,0,22,11,NA,NA
3204,Jalen Reeves-Maybin,5,39,2.051282051,Career,NA,91,NA,NA,NA,2,4,NA,NA,1,0,NA,NA,NA,NA,4,NA,NA,NA,NA,NA,NA,LB,NA,NA,NA,NA,NA,NA,NA,NA,NA,NA,NA,8,NA,Career,149,27,Tennessee,240,NA,NA,230,NA,NA,NA,1,1,NA,NA
3224,Vincent Rey,35,128,4.375,Career,NA,173,NA,0,0,3,0,3,NA,3,0,NA,0,0,NA,4,NA,NA,NA,NA,NA,18,LB,0,NA,NA,NA,NA,NA,NA,NA,NA,NA,NA,5.5,0,Career,157,28,Duke,330,3,0,NA,NA,NA,89,18,6,NA,NA
3237,Jordan Richards,10,68,2.352941176,Career,NA,33,NA,NA,NA,1,0,0,NA,0,0,NA,NA,NA,NA,1,NA,NA,NA,NA,NA,NA,LB,NA,NA,NA,NA,NA,NA,NA,NA,NA,NA,NA,2,NA,Career,72,10.5,UCF,105,NA,NA,NA,NA,NA,0,0,NA,NA,NA
3249,Duke Riley,8,44,2.909090909,Career,NA,85,NA,NA,NA,0,2,NA,NA,1,0,NA,NA,NA,NA,1,NA,NA,NA,NA,NA,NA,LB,NA,NA,NA,NA,NA,NA,NA,NA,NA,NA,NA,1.5,NA,Career,59,10,LSU,144,NA,NA,227,NA,NA,NA,3,3,NA,NA
3250,Perry Riley,34,90,6.044444444,Career,NA,98,NA,NA,NA,0,0,0,NA,2,0,NA,NA,NA,NA,0,NA,NA,NA,NA,NA,NA,LB,NA,NA,NA,NA,NA,NA,NA,NA,NA,NA,NA,2,NA,Career,87,13,LSU,185,NA,NA,NA,NA,NA,0,17,8.5,NA,NA
3255,Keith Rivers,26,74,5.621621622,Career,NA,88,NA,NA,NA,4,0,0,NA,2,0,NA,NA,NA,NA,6,NA,NA,NA,NA,NA,NA,LB,NA,NA,NA,NA,NA,NA,NA,NA,NA,NA,NA,3,NA,Career,127,15.5,USC,215,NA,NA,NA,NA,NA,0,36,18,NA,NA
3258,Nick Roach,37,96,6.166666667,NA,NA,63,NA,NA,NA,NA,NA,NA,NA,2,0,NA,NA,NA,NA,NA,NA,NA,NA,NA,NA,NA,LB,NA,NA,NA,NA,NA,NA,NA,NA,NA,NA,NA,3,NA,Career,76,7.5,Northwestern,139,NA,NA,NA,NA,NA,NA,49,24.5,NA,Career
3261,Craig Robertson,41,120,5.466666667,Career,NA,188,NA,NA,NA,NA,NA,NA,NA,9,0,NA,NA,NA,NA,NA,NA,NA,NA,NA,1,NA,LB,NA,NA,NA,NA,NA,NA,1,0,64,64,0,2,NA,Career,193,23.5,North Texas,381,NA,NA,NA,64,64,NA,66,7.3,NA,NA
3264,Elandon Roberts,22,60,5.866666667,Career,NA,66,NA,NA,NA,2,0,NA,NA,1,0,NA,NA,NA,NA,5,NA,NA,NA,NA,NA,NA,LB,NA,NA,NA,NA,NA,NA,NA,NA,NA,NA,NA,7,NA,Career,109,23.5,Houston,175,NA,NA,235,NA,NA,NA,7,7,NA,NA
3278,Cam Robinson,16,32,8,Career,NA,65,NA,NA,NA,0,0,0,NA,0,0,NA,NA,NA,NA,0,NA,NA,NA,NA,NA,NA,LB,NA,NA,NA,NA,NA,NA,NA,NA,NA,NA,NA,5.5,NA,Career,71,14.5,Middle Tennessee State,136,NA,NA,NA,NA,NA,0,0,NA,NA,NA
3286,Greg Robinson,30,83,5.78313253,Career,NA,1,NA,NA,NA,0,0,0,NA,NA,NA,NA,NA,NA,NA,0,NA,NA,NA,NA,NA,NA,LB,NA,NA,NA,NA,NA,NA,NA,NA,NA,NA,NA,0,NA,Career,1,0,Connecticut,2,NA,NA,NA,NA,NA,0,NA,NA,NA,NA
3289,Keenan Robinson,19,58,5.24137931,Career,NA,108,NA,0,0,2,0,1,NA,2,0,NA,0,0,NA,7,NA,NA,NA,NA,NA,6,LB,0,NA,NA,NA,NA,NA,NA,NA,NA,NA,NA,5.5,0,Career,167,20.5,Texas,275,1,0,NA,NA,NA,10,0,0,NA,NA
3314,Brian Rolle,6,20,4.8,Career,NA,117,NA,0,0,0,0,1,NA,4,1,NA,0,0,NA,0,NA,NA,NA,NA,NA,12,LB,0,NA,NA,NA,NA,NA,NA,NA,NA,NA,NA,2.5,0,Career,85,19,Ohio State,202,2,0,NA,NA,NA,0,76,19,NA,NA
3335,Aaron Rouse,8,41,3.12195122,NA,NA,75,NA,NA,NA,NA,NA,NA,NA,5,0,NA,NA,NA,NA,NA,NA,NA,NA,NA,NA,NA,LB,NA,NA,NA,NA,NA,NA,NA,NA,NA,NA,NA,0,NA,Career,59,6.5,Virginia Tech,134,NA,NA,NA,NA,NA,NA,80,16,NA,Career
3355,Barrett Ruud,46,116,6.344827586,NA,NA,NA,NA,NA,NA,NA,NA,1,NA,1,1,NA,NA,NA,NA,NA,NA,NA,NA,NA,NA,12,LB,NA,NA,NA,NA,NA,NA,NA,NA,NA,NA,NA,NA,NA,Career,NA,NA,Nebraska,NA,2,NA,NA,NA,NA,15,27,27,NA,Career
3358,Jake Ryan,15,45,5.333333333,Career,NA,101,NA,NA,NA,7,2,0,NA,1,0,NA,NA,NA,NA,7,NA,NA,NA,NA,NA,NA,LB,NA,NA,NA,NA,NA,NA,NA,NA,NA,NA,NA,9.5,NA,Career,166,45.5,Michigan,267,NA,NA,236,NA,NA,0,2,2,NA,NA
3400,Rich Scanlon,3,41,1.170731707,NA,NA,NA,NA,NA,NA,NA,NA,NA,NA,2,0,NA,NA,NA,NA,NA,NA,NA,NA,NA,NA,NA,LB,NA,NA,NA,NA,NA,NA,NA,NA,NA,NA,NA,NA,NA,Career,NA,NA,Syracuse,NA,NA,NA,NA,NA,NA,NA,6,3,NA,Career
3412,Joe Schobert,27,61,7.081967213,Career,NA,64,NA,NA,NA,6,2,NA,NA,1,0,NA,NA,NA,NA,10,NA,NA,NA,NA,1,NA,LB,NA,NA,0,0,NA,0,1,0,57,57,0,13,NA,Career,90,33.5,Wisconsin,154,NA,NA,239,57,57,NA,14,14,NA,NA
3452,Clint Session,21,57,5.894736842,NA,NA,43,NA,0,0,2,0,0,NA,3,1,NA,0,0,NA,0,NA,NA,NA,NA,NA,6,LB,0,NA,NA,NA,NA,NA,NA,NA,NA,NA,NA,1,0,Career,86,14,Pitt,129,1,0,NA,NA,NA,0,114,38,NA,Career
3457,Adam Seward,4,43,1.488372093,NA,NA,NA,NA,NA,NA,NA,NA,NA,NA,2,0,NA,NA,NA,NA,NA,NA,NA,NA,NA,NA,NA,LB,NA,NA,NA,NA,NA,NA,NA,NA,NA,NA,NA,NA,NA,Career,NA,NA,UNLV,NA,NA,NA,NA,NA,NA,NA,22,11,NA,Career
3462,Scott Shanle,50,133,6.015037594,NA,NA,NA,NA,NA,NA,NA,NA,NA,NA,1,0,NA,NA,NA,NA,NA,NA,NA,NA,NA,NA,6,LB,1,NA,NA,NA,NA,NA,NA,NA,NA,NA,NA,NA,NA,Career,NA,NA,Nebraska,NA,1,NA,NA,NA,NA,NA,18,18,NA,Career
3464,Darryl Sharpton,11,47,3.744680851,Career,NA,101,NA,0,0,0,0,0,NA,1,1,NA,0,0,NA,3,NA,NA,NA,NA,NA,6,LB,0,NA,NA,NA,NA,NA,NA,NA,NA,NA,NA,2.5,0,Career,154,27,Miami (FL),255,1,0,NA,NA,NA,0,73,73,NA,NA
3469,Tim Shaw,8,80,1.6,NA,NA,51,NA,0,0,2,0,0,NA,1,0,NA,0,0,NA,9,NA,NA,NA,NA,15,2,LB,0,NA,0,19,19,1,14,0,59,4.2,0,11.5,1,Career,69,14.5,Penn State,120,0,0,NA,78,5.2,0,5,5,NA,Career
3470,Ryan Shazier,28,46,9.739130435,Career,NA,107,NA,0,0,5,0,NA,NA,1,1,NA,0,NA,NA,4,NA,NA,NA,NA,NA,6,LB,0,NA,NA,NA,NA,NA,NA,NA,NA,NA,NA,15,NA,Career,210,45.5,Ohio State,317,1,NA,222,NA,NA,NA,17,17,NA,NA
3477,Prince Shembo,2,16,2,Career,NA,74,NA,NA,NA,1,0,0,NA,0,0,NA,NA,NA,NA,1,NA,NA,NA,NA,NA,NA,LB,NA,NA,NA,NA,NA,NA,NA,NA,NA,NA,NA,19.5,NA,Career,71,24.5,Notre Dame,145,NA,NA,258,NA,NA,0,0,NA,NA,NA
3478,Kelvin Sheppard,30,107,4.485981308,Career,NA,175,NA,NA,NA,NA,NA,NA,NA,2,0,NA,NA,NA,NA,NA,NA,NA,NA,NA,NA,NA,LB,NA,NA,NA,NA,NA,NA,NA,NA,NA,NA,NA,5.5,NA,Career,136,26,LSU,311,NA,NA,NA,NA,NA,NA,1,0.5,NA,NA
3500,Brandon Siler,13,74,2.810810811,NA,NA,55,NA,0,0,1,1,0,NA,NA,NA,NA,0,NA,NA,7,NA,NA,NA,NA,NA,2,LB,0,NA,NA,NA,NA,NA,NA,NA,NA,NA,NA,7,1,Career,86,19,Florida,141,0,0,NA,NA,NA,19,NA,NA,NA,Career
3508,Mark Simoneau,34,124,4.387096774,NA,NA,NA,NA,NA,NA,NA,NA,NA,NA,4,1,NA,0,NA,NA,NA,NA,NA,NA,NA,NA,6,LB,NA,NA,NA,NA,NA,NA,NA,NA,NA,NA,NA,NA,NA,Career,NA,NA,Kansas State,NA,1,NA,NA,NA,NA,NA,61,15.3,NA,Career
3517,Ernie Sims,34,109,4.990825688,NA,NA,50,NA,NA,NA,NA,0,0,NA,2,0,NA,NA,NA,NA,NA,NA,NA,NA,NA,2,NA,LB,NA,NA,0,0,NA,0,2,0,1,0.5,0,2.5,NA,Career,22,10,Florida State,72,NA,NA,NA,1,0.5,0,3,1.5,NA,Career
3523,Clint Sintim,2,24,1.333333333,Career,NA,114,NA,NA,NA,5,0,0,NA,NA,NA,NA,NA,NA,NA,3,NA,NA,NA,NA,NA,NA,LB,NA,NA,NA,NA,NA,NA,NA,NA,NA,NA,NA,27,NA,Career,131,38.5,Virginia,245,NA,NA,NA,NA,NA,0,NA,NA,NA,NA
3526,Shayne Skov,1,24,0.666666667,Career,NA,133,NA,NA,NA,3,2,0,NA,0,0,NA,NA,NA,NA,9,NA,NA,NA,NA,NA,NA,LB,NA,NA,NA,NA,NA,NA,NA,NA,NA,NA,NA,12.5,NA,Career,175,35,Stanford,308,NA,NA,245,NA,NA,0,0,NA,NA,NA
3537,Aaron Smith,90,160,9,Career,NA,7,NA,NA,NA,0,0,0,NA,NA,NA,NA,NA,NA,NA,0,NA,NA,NA,NA,NA,NA,LB,NA,NA,NA,NA,NA,NA,NA,NA,NA,NA,NA,0,NA,Career,17,0,Texas,24,NA,NA,NA,NA,NA,0,NA,NA,NA,NA
3547,Corey Smith,7,62,1.806451613,Career,NA,128,NA,NA,NA,1,0,0,NA,3,0,NA,NA,NA,NA,0,NA,NA,NA,NA,1,NA,LB,NA,NA,0,0,NA,0,1,0,-8,-8,0,6.5,NA,Career,142,32,Cincinnati,270,NA,NA,NA,-8,-8,0,72,24,NA,NA
3549,Daryl Smith,96,190,8.084210526,NA,NA,NA,NA,0,0,NA,1,0,NA,3,1,NA,0,0,NA,NA,NA,NA,NA,NA,NA,6,LB,0,NA,NA,NA,NA,NA,NA,NA,NA,NA,NA,NA,0,Career,NA,NA,Georgia Tech,NA,1,0,NA,NA,NA,7,89,29.7,NA,Career
3558,Hunter Smith,25,182,2.197802198,Career,NA,11,NA,NA,NA,0,0,NA,NA,0,0,NA,NA,NA,NA,0,NA,NA,NA,NA,NA,NA,LB,NA,NA,NA,NA,NA,NA,NA,NA,NA,NA,NA,0,NA,Career,14,1.5,Louisiana-Monroe,25,NA,NA,214,NA,NA,NA,0,NA,NA,NA
3561,Jaylon Smith,25,48,8.333333333,Career,NA,116,NA,NA,NA,3,3,NA,NA,1,0,NA,NA,NA,NA,10,NA,NA,NA,NA,NA,NA,LB,NA,NA,NA,NA,NA,NA,NA,NA,NA,NA,NA,4.5,NA,Career,168,23.5,Notre Dame,284,NA,NA,235,NA,NA,NA,-1,-1,NA,NA
3574,Malcolm Smith,33,104,5.076923077,Career,NA,73,NA,0,0,0,0,1,NA,2,2,NA,0,0,NA,0,NA,NA,NA,NA,NA,18,LB,0,NA,NA,NA,NA,NA,NA,NA,NA,NA,NA,1,0,Career,101,14.5,USC,174,3,0,NA,NA,NA,68,136,68,NA,NA
3576,Preston Smith,35,80,7,Career,NA,57,NA,NA,NA,2,0,0,NA,NA,NA,NA,NA,NA,NA,3,NA,NA,NA,NA,NA,NA,LB,NA,NA,NA,NA,NA,NA,NA,NA,NA,NA,NA,3.5,NA,Career,63,12.5,Louisville,120,NA,NA,NA,NA,NA,0,NA,NA,NA,NA
3579,Roquan Smith,16,28,9.142857143,Career,NA,106,NA,NA,NA,3,3,NA,NA,0,0,NA,NA,NA,NA,3,NA,NA,NA,NA,NA,NA,LB,NA,NA,NA,NA,NA,NA,NA,NA,NA,NA,NA,6.5,NA,Career,146,20.5,Georgia,252,NA,NA,225,NA,NA,NA,0,NA,NA,NA
3586,Telvin Smith,48,76,10.10526316,Career,NA,75,NA,0,0,2,4,0,NA,4,2,NA,0,0,NA,9,NA,NA,NA,NA,NA,12,LB,0,NA,NA,NA,NA,NA,NA,NA,NA,NA,NA,7,0,Career,139,29,Florida State,214,2,0,218,NA,NA,0,160,40,NA,NA
3587,Terrance Smith,4,31,2.064516129,Career,NA,91,NA,0,0,1,0,0,NA,3,1,NA,0,NA,NA,5,NA,NA,NA,NA,NA,6,LB,0,NA,NA,NA,NA,NA,NA,NA,NA,NA,NA,4,0,Career,128,12,Florida State,219,1,0,230,NA,NA,0,129,43,NA,NA
3597,Will Smith,63,139,7.251798561,Career,NA,55,NA,NA,NA,0,0,0,NA,0,0,NA,NA,NA,NA,2,NA,NA,NA,NA,NA,NA,LB,NA,NA,NA,NA,NA,NA,NA,NA,NA,NA,NA,4.5,NA,Career,120,12,Texas Tech,175,NA,NA,220,NA,NA,0,0,NA,NA,NA
3619,Martrell Spaight,6,37,2.594594595,Career,NA,72,NA,NA,NA,2,1,NA,NA,1,0,NA,NA,NA,NA,3,NA,NA,NA,NA,NA,NA,LB,NA,NA,NA,NA,NA,NA,NA,NA,NA,NA,NA,2,NA,Career,78,11.5,Arkansas,150,NA,NA,232,NA,NA,NA,30,30,NA,NA
3627,Cody Spencer,4,50,1.28,NA,NA,NA,NA,NA,NA,NA,NA,NA,NA,6,0,NA,NA,NA,NA,NA,NA,NA,NA,NA,NA,NA,LB,NA,NA,NA,NA,NA,NA,NA,NA,NA,NA,NA,NA,NA,Career,NA,NA,North Texas,NA,NA,NA,NA,NA,NA,NA,93,15.5,NA,Career
3629,Sean Spence,13,53,3.924528302,Career,NA,148,NA,0,0,3,1,0,NA,1,1,NA,0,0,NA,8,NA,NA,NA,NA,NA,6,LB,0,NA,NA,NA,NA,NA,NA,NA,NA,NA,NA,10.5,0,Career,169,46,Miami (FL),317,1,0,NA,NA,NA,0,7,7,NA,NA
3634,Brandon Spikes,25,78,5.128205128,Career,NA,129,NA,0,0,1,0,0,NA,6,4,NA,0,0,NA,9,NA,NA,NA,NA,NA,24,LB,0,NA,NA,NA,NA,NA,NA,NA,NA,NA,NA,6.5,0,Career,178,31.5,Florida,307,4,0,NA,NA,NA,0,139,23.2,NA,NA
3638,Austin Spitler,5,55,1.454545455,Career,NA,47,NA,NA,NA,0,0,0,NA,1,0,NA,NA,NA,NA,0,NA,NA,NA,NA,NA,NA,LB,NA,NA,NA,NA,NA,NA,NA,NA,NA,NA,NA,2,NA,Career,35,8,Ohio State,82,NA,NA,NA,NA,NA,0,0,0,NA,NA
3708,Nathan Stupar,10,82,1.951219512,Career,NA,105,NA,NA,NA,0,0,0,NA,4,0,NA,NA,NA,NA,1,NA,NA,NA,NA,NA,NA,LB,NA,NA,NA,NA,NA,NA,NA,NA,NA,NA,NA,5,NA,Career,100,14.5,Penn State,205,NA,NA,NA,NA,NA,0,72,18,NA,NA
3734,Stevenson Sylvester,5,50,1.6,Career,NA,142,NA,0,0,3,0,0,NA,2,2,NA,0,0,NA,9,NA,NA,NA,NA,NA,12,LB,0,NA,NA,NA,NA,NA,NA,NA,NA,NA,NA,9,0,Career,120,24.5,Utah,262,2,0,NA,NA,NA,0,72,36,NA,NA
3748,Jeff Tarpinian,4,32,2,Career,NA,53,NA,NA,NA,1,0,0,NA,NA,NA,NA,NA,NA,NA,2,NA,NA,NA,NA,NA,NA,LB,NA,NA,NA,NA,NA,NA,NA,NA,NA,NA,NA,2,NA,Career,44,2.5,Iowa,97,NA,NA,NA,NA,NA,0,NA,NA,NA,NA
3754,Lofa Tatupu,53,84,10.0952381,NA,NA,NA,NA,NA,NA,NA,NA,NA,NA,7,1,NA,NA,NA,NA,NA,NA,NA,NA,NA,NA,6,LB,NA,NA,NA,NA,NA,NA,NA,NA,NA,NA,NA,NA,NA,Career,NA,NA,USC,NA,1,NA,NA,NA,NA,NA,164,23.4,NA,Career
3781,Manti Te'o,23,62,5.935483871,Career,NA,225,NA,NA,NA,2,0,0,NA,7,0,NA,NA,NA,NA,6,NA,NA,NA,NA,NA,NA,LB,NA,NA,NA,NA,NA,NA,NA,NA,NA,NA,NA,8.5,NA,Career,212,34,Notre Dame,437,NA,NA,NA,NA,NA,0,35,5,NA,NA
3797,Corey Thompson,2,18,1.777777778,Career,NA,58,NA,NA,NA,0,0,0,NA,0,0,NA,NA,NA,NA,3,NA,NA,NA,NA,NA,NA,LB,NA,NA,NA,NA,NA,NA,NA,NA,NA,NA,NA,6,NA,Career,51,7.5,LSU,109,NA,NA,221,NA,NA,0,0,NA,NA,NA
3805,Dontarrious Thomas,9,63,2.285714286,NA,NA,NA,NA,NA,NA,NA,NA,NA,NA,2,0,NA,NA,NA,NA,NA,NA,NA,NA,NA,NA,NA,LB,NA,NA,NA,NA,NA,NA,NA,NA,NA,NA,NA,NA,NA,Career,NA,NA,Auburn,NA,NA,NA,NA,NA,NA,NA,33,16.5,NA,Career
3809,Ian Thomas,4,32,2,Career,NA,130,NA,NA,NA,0,1,0,NA,1,0,NA,NA,NA,NA,6,NA,NA,NA,NA,NA,NA,LB,NA,NA,NA,NA,NA,NA,NA,NA,NA,NA,NA,5.5,NA,Career,121,21.5,Illinois,251,NA,NA,225,NA,NA,1,15,15,NA,NA
3810,J.T. Thomas,13,62,3.35483871,Career,NA,121,NA,NA,NA,2,1,0,NA,2,0,NA,NA,NA,NA,4,NA,NA,NA,NA,NA,NA,LB,NA,NA,NA,NA,NA,NA,NA,NA,NA,NA,NA,6,NA,Career,93,24,West Virginia,214,NA,NA,NA,NA,NA,12,29,14.5,NA,NA
3811,Josh Thomas,7,52,2.153846154,Career,NA,96,NA,NA,NA,3,1,0,NA,NA,NA,NA,NA,NA,NA,6,NA,NA,NA,NA,NA,NA,LB,NA,NA,NA,NA,NA,NA,NA,NA,NA,NA,NA,2,NA,Career,128,17.5,Louisiana-Monroe,224,NA,NA,205,NA,NA,29,NA,NA,NA,NA
3821,Mike Thomas,22,61,5.770491803,Career,NA,113,NA,NA,NA,2,0,0,NA,2,0,NA,NA,NA,NA,3,NA,NA,NA,NA,NA,NA,LB,NA,NA,NA,NA,NA,NA,NA,NA,NA,NA,NA,2.5,NA,Career,152,14,Akron,265,NA,NA,NA,NA,NA,0,0,0,NA,NA
3829,Shaq Thompson,28,70,6.4,Career,NA,87,NA,0,0,2,4,3,NA,5,2,NA,0,0,NA,8,NA,NA,NA,NA,65,42,LB,0,NA,0,56,14,4,61,2,456,7.5,2,3.5,NA,Career,145,15,Washington,232,7,NA,228,512,7.9,184,152,30.4,NA,NA
3836,Zach Thomas,149,184,12.95652174,NA,NA,NA,NA,NA,NA,NA,NA,NA,NA,7,2,NA,NA,NA,NA,NA,NA,NA,NA,NA,NA,12,LB,0,NA,NA,NA,NA,NA,NA,NA,NA,NA,NA,NA,NA,Career,NA,NA,Texas Tech,NA,2,NA,297,NA,NA,NA,157,22.4,NA,Career
3838,David Thornton,48,121,6.347107438,NA,NA,NA,NA,NA,NA,NA,NA,NA,NA,1,0,NA,NA,NA,NA,NA,NA,NA,NA,NA,NA,NA,LB,NA,NA,NA,NA,NA,NA,NA,NA,NA,NA,NA,NA,NA,Career,NA,NA,North Carolina,NA,NA,NA,NA,NA,NA,NA,19,19,NA,Career
3847,Lawrence Timmons,90,172,8.372093023,NA,NA,55,NA,NA,NA,NA,NA,1,NA,1,1,NA,NA,NA,NA,NA,NA,NA,NA,NA,NA,18,LB,1,NA,NA,NA,NA,NA,NA,NA,NA,NA,NA,8,NA,Career,59,21.5,Florida State,114,3,NA,NA,NA,NA,36,22,22,NA,Career
3848,John Timu,6,29,3.310344828,Career,NA,160,NA,0,0,4,2,NA,NA,6,2,NA,0,NA,NA,14,NA,NA,NA,NA,NA,12,LB,0,NA,NA,NA,NA,NA,NA,NA,NA,NA,NA,4,NA,Career,169,13.5,Washington,329,2,NA,246,NA,NA,NA,130,21.7,NA,NA
3850,Pisa Tinoisamoa,40,98,6.530612245,NA,NA,NA,NA,NA,NA,NA,NA,NA,NA,2,0,NA,NA,NA,NA,NA,NA,NA,NA,NA,1,NA,LB,NA,NA,NA,NA,NA,NA,1,0,0,0,0,NA,NA,Career,NA,NA,Hawaii,NA,NA,NA,NA,0,0,NA,23,11.5,NA,Career
3878,Brynden Trawick,8,91,1.406593407,Career,NA,1,NA,NA,NA,0,0,0,NA,NA,NA,NA,NA,NA,NA,0,NA,NA,NA,NA,NA,NA,LB,NA,NA,NA,NA,NA,NA,NA,NA,NA,NA,NA,0,NA,Career,1,0,Michigan State,2,NA,NA,NA,NA,NA,0,NA,NA,NA,NA
3882,Danny Trevathan,47,96,7.833333333,Career,NA,176,NA,NA,NA,11,1,0,NA,4,0,NA,NA,NA,NA,8,NA,NA,NA,NA,NA,NA,LB,NA,NA,NA,NA,NA,NA,NA,NA,NA,NA,NA,6,NA,Career,198,32.5,Kentucky,374,NA,NA,NA,NA,NA,0,73,18.3,NA,NA
3901,Stephen Tulloch,59,159,5.937106918,NA,NA,75,NA,NA,NA,NA,NA,NA,NA,1,1,NA,NA,NA,NA,NA,NA,NA,NA,NA,NA,6,LB,NA,NA,NA,NA,NA,NA,NA,NA,NA,NA,NA,6,NA,Career,59,21,North Carolina State,134,1,NA,NA,NA,NA,NA,50,50,NA,Career
3923,Courtney Upshaw,27,90,4.8,Career,NA,53,NA,0,0,6,2,1,NA,1,1,NA,0,0,NA,4,NA,NA,NA,NA,NA,12,LB,0,NA,NA,NA,NA,NA,NA,NA,NA,NA,NA,17.5,0,Career,88,36.5,Alabama,141,2,0,NA,NA,NA,45,45,45,NA,NA
3937,Tanner Vallejo,3,39,1.230769231,Career,NA,113,NA,0,0,2,3,NA,NA,1,1,NA,0,NA,NA,7,NA,NA,NA,NA,NA,6,LB,0,NA,NA,NA,NA,NA,NA,NA,NA,NA,NA,5.5,NA,Career,162,35,Boise State,275,1,NA,223,NA,NA,NA,63,63,NA,NA
3939,Kyle Van Noy,37,81,7.308641975,Career,NA,69,NA,0,0,5,4,3,NA,7,2,NA,0,0,NA,11,NA,NA,NA,NA,NA,30,LB,0,NA,NA,NA,NA,NA,NA,NA,NA,NA,NA,25,0,Career,157,61.5,Brigham Young,226,5,0,245,NA,NA,53,122,17.4,NA,NA
3943,Leighton Vander Esch,16,25,10.24,Career,NA,60,NA,NA,NA,4,1,NA,NA,3,0,NA,NA,NA,NA,6,NA,NA,NA,NA,1,NA,LB,NA,NA,0,0,NA,0,1,0,10,10,0,5,NA,Career,128,13,Boise State,188,NA,NA,240,10,10,NA,47,15.7,NA,NA
3963,Nick Vigil,18,54,5.333333333,Career,6.5,179,2,0,0,6,2,NA,NA,2,0,0,0,NA,2,5,100,0,13,6.5,47,24,LB,0,154.6,0,0,NA,0,47,4,169,3.6,4,17.5,NA,Career,160,40,Utah State,339,4,NA,235,169,3.6,NA,19,9.5,NA,NA
3964,Zach Vigil,6,46,2.086956522,Career,NA,218,NA,0,0,3,2,NA,NA,2,1,NA,0,NA,NA,5,NA,NA,NA,NA,NA,6,LB,0,NA,NA,NA,NA,NA,NA,NA,NA,NA,NA,13.5,NA,Career,154,40,Utah State,372,1,NA,232,NA,NA,NA,35,17.5,NA,NA
3966,Jonathan Vilma,68,125,8.704,NA,NA,NA,NA,0,0,NA,1,2,NA,1,0,NA,0,0,NA,NA,NA,NA,NA,NA,NA,12,LB,0,NA,NA,NA,NA,NA,NA,NA,NA,NA,NA,NA,0,Career,NA,NA,Miami (FL),NA,2,0,NA,NA,NA,38,16,16,NA,Career
3982,Bobby Wagner,112,119,15.05882353,Career,NA,245,NA,NA,NA,0,0,0,NA,4,0,NA,NA,NA,NA,2,NA,NA,NA,NA,NA,NA,LB,NA,NA,NA,NA,NA,NA,NA,NA,NA,NA,NA,4.5,NA,Career,200,28.5,Utah State,445,NA,NA,NA,NA,NA,0,51,12.8,NA,NA
3989,Anthony Walker,16,41,6.243902439,Career,NA,122,NA,0,0,8,6,1,NA,4,1,NA,0,0,NA,12,NA,NA,NA,NA,NA,12,LB,0,NA,NA,NA,NA,NA,NA,NA,NA,NA,NA,7.5,NA,Career,154,38,Northwestern,276,2,NA,238,NA,NA,13,134,33.5,NA,NA
3996,Joe Walker,7,42,2.666666667,Career,NA,85,NA,0,0,0,2,2,NA,1,0,NA,0,0,NA,1,NA,NA,NA,NA,NA,12,LB,0,NA,NA,NA,NA,NA,NA,NA,NA,NA,NA,5,NA,Career,120,16,Oregon,205,2,NA,240,NA,NA,152,0,0,NA,NA
4019,Denzel Ward,13,25,8.32,Career,NA,23,NA,NA,NA,0,0,NA,NA,0,0,NA,NA,NA,NA,1,NA,NA,NA,NA,NA,NA,LB,NA,NA,NA,NA,NA,NA,NA,NA,NA,NA,NA,1,NA,Career,19,1.5,Appalachian State,42,NA,NA,245,NA,NA,NA,0,NA,NA,NA
4030,Fred Warner,16,32,8,Career,NA,104,NA,0,0,3,5,NA,NA,7,2,NA,0,NA,NA,13,NA,NA,NA,NA,NA,12,LB,0,NA,NA,NA,NA,NA,NA,NA,NA,NA,NA,6.5,NA,Career,158,32.5,Brigham Young,262,2,NA,230,NA,NA,NA,134,19.1,NA,NA
4037,Cornelius Washington,6,46,2.086956522,Career,NA,30,NA,NA,NA,0,0,0,NA,NA,NA,NA,NA,NA,NA,3,NA,NA,NA,NA,NA,NA,LB,NA,NA,NA,NA,NA,NA,NA,NA,NA,NA,NA,10.5,NA,Career,46,17,Georgia,76,NA,NA,NA,NA,NA,0,NA,NA,NA,NA
4038,Daryl Washington,38,59,10.30508475,Career,NA,72,NA,NA,NA,NA,NA,NA,NA,4,1,NA,NA,NA,NA,NA,NA,NA,NA,NA,NA,6,LB,0,NA,NA,NA,NA,NA,NA,NA,NA,NA,NA,5.5,NA,Career,148,20.5,Texas Christian,220,1,NA,NA,NA,NA,NA,45,11.3,NA,NA
4048,Anthony Waters,2,20,1.6,NA,NA,38,NA,NA,NA,0,0,0,NA,NA,NA,NA,NA,NA,NA,7,NA,NA,NA,NA,NA,NA,LB,NA,NA,NA,NA,NA,NA,NA,NA,NA,NA,NA,1.5,NA,Career,67,12.5,Clemson,105,NA,NA,NA,NA,NA,0,NA,NA,NA,Career
4059,Dekoda Watson,12,108,1.777777778,Career,NA,71,NA,0,0,0,0,1,NA,2,1,NA,0,0,NA,1,NA,NA,NA,NA,NA,12,LB,0,NA,NA,NA,NA,NA,NA,NA,NA,NA,NA,11.5,0,Career,113,32.5,Florida State,184,2,0,NA,NA,NA,51,44,22,NA,NA
4067,T.J. Watt,32,47,10.89361702,Career,NA,29,NA,0,0,2,1,NA,NA,1,1,NA,0,NA,NA,6,NA,NA,NA,NA,NA,6,LB,0,NA,NA,NA,NA,NA,NA,NA,NA,NA,NA,11.5,NA,Career,41,17,Wisconsin,70,1,NA,243,NA,NA,NA,17,17,NA,NA
4071,Sean Weatherspoon,24,67,5.731343284,Career,NA,173,NA,0,0,2,0,0,NA,4,2,NA,0,0,NA,8,NA,NA,NA,NA,NA,12,LB,0,NA,NA,NA,NA,NA,NA,NA,NA,NA,NA,12,0,Career,233,44,Missouri,406,2,0,NA,NA,NA,0,106,26.5,NA,NA
4072,Stephen Weatherly,8,49,2.612244898,Career,NA,50,NA,0,0,3,3,NA,NA,0,0,NA,0,NA,NA,4,NA,NA,NA,NA,NA,6,LB,1,NA,NA,NA,NA,NA,NA,NA,NA,NA,NA,11.5,NA,Career,66,26,Vanderbilt,116,1,NA,250,NA,NA,NA,0,NA,NA,NA
4110,Philip Wheeler,33,133,3.969924812,Career,NA,108,NA,NA,NA,2,2,0,NA,4,0,NA,NA,NA,NA,10,NA,NA,NA,NA,NA,NA,LB,NA,NA,NA,NA,NA,NA,NA,NA,NA,NA,NA,19.5,NA,Career,135,35,Georgia Tech,243,NA,NA,NA,NA,NA,8,18,4.5,NA,NA
4115,Chris White,4,51,1.254901961,Career,NA,87,NA,NA,NA,0,0,0,NA,2,0,NA,NA,NA,NA,3,NA,NA,NA,NA,NA,NA,LB,NA,NA,NA,NA,NA,NA,NA,NA,NA,NA,NA,6.5,NA,Career,98,19.5,Mississippi State,185,NA,NA,NA,NA,NA,0,5,2.5,NA,NA
4135,Tahir Whitehead,43,125,5.504,Career,NA,56,NA,NA,NA,7,3,0,NA,1,0,NA,NA,NA,NA,5,NA,NA,NA,NA,NA,NA,LB,NA,NA,NA,NA,NA,NA,NA,NA,NA,NA,NA,7,NA,Career,107,25.5,Temple,163,NA,NA,NA,NA,NA,0,6,6,NA,NA
4140,Kyle Wilber,15,117,2.051282051,Career,NA,78,NA,0,0,6,1,1,NA,NA,NA,NA,0,NA,NA,6,NA,NA,NA,NA,NA,6,LB,0,NA,NA,NA,NA,NA,NA,NA,NA,NA,NA,13.5,0,Career,117,35.5,Wake Forest,195,1,0,NA,NA,NA,2,NA,NA,NA,NA
4147,Matt Wilhelm,18,89,3.235955056,NA,NA,NA,NA,NA,NA,NA,NA,NA,NA,3,1,NA,NA,NA,NA,NA,NA,NA,NA,NA,NA,6,LB,NA,NA,NA,NA,NA,NA,NA,NA,NA,NA,NA,NA,NA,Career,NA,NA,Ohio State,NA,1,NA,NA,NA,NA,NA,25,8.3,NA,Career
4151,Gerris Wilkinson,7,58,1.931034483,NA,NA,41,NA,NA,NA,NA,NA,NA,NA,3,0,NA,NA,NA,NA,NA,NA,NA,NA,NA,NA,NA,LB,NA,NA,NA,NA,NA,NA,NA,NA,NA,NA,NA,4,NA,Career,44,9,Georgia Tech,85,NA,NA,NA,NA,NA,NA,46,15.3,NA,Career
4155,Aaron Williams,19,59,5.152542373,Career,NA,41,NA,NA,NA,NA,NA,NA,NA,0,0,NA,0,NA,NA,NA,NA,NA,NA,NA,NA,12,LB,2,NA,NA,NA,NA,NA,NA,NA,NA,NA,NA,1,NA,Career,40,5.5,Akron,81,2,NA,NA,NA,NA,NA,0,NA,NA,NA
4157,Avery Williamson,36,79,7.291139241,Career,NA,149,NA,NA,NA,1,2,NA,NA,2,0,NA,NA,NA,NA,1,NA,NA,NA,NA,NA,NA,LB,NA,NA,NA,NA,NA,NA,NA,NA,NA,NA,NA,4,NA,Career,147,10,Kentucky,296,NA,NA,238,NA,NA,NA,18,9,NA,NA
4176,Demorrio Williams,40,138,4.637681159,NA,NA,NA,NA,NA,NA,NA,NA,NA,NA,2,0,NA,NA,NA,NA,NA,NA,NA,NA,NA,NA,NA,LB,NA,NA,NA,NA,NA,NA,NA,NA,NA,NA,NA,NA,NA,Career,NA,NA,Nebraska,NA,NA,NA,NA,NA,NA,NA,36,18,NA,Career
4181,Jacquian Williams,14,51,4.392156863,Career,NA,38,NA,NA,NA,NA,NA,NA,NA,1,0,NA,NA,NA,NA,NA,NA,NA,NA,NA,NA,NA,LB,NA,NA,NA,NA,NA,NA,NA,NA,NA,NA,NA,2.5,NA,Career,61,12,South Florida,99,NA,NA,NA,NA,NA,NA,12,12,NA,NA
4183,Jamar Williams,5,54,1.481481481,Career,NA,23,NA,NA,NA,1,1,0,NA,NA,NA,NA,NA,NA,NA,1,NA,NA,NA,NA,NA,NA,LB,NA,NA,NA,NA,NA,NA,NA,NA,NA,NA,NA,0,NA,Career,16,2,Akron,39,NA,NA,NA,NA,NA,24,NA,NA,NA,NA
4195,Leon Williams,9,61,2.360655738,NA,NA,19,NA,NA,NA,0,0,0,NA,NA,NA,NA,NA,NA,NA,2,NA,NA,NA,NA,NA,NA,LB,NA,NA,NA,NA,NA,NA,NA,NA,NA,NA,NA,0,NA,Career,35,3.5,Miami (FL),54,NA,NA,NA,NA,NA,51,NA,NA,NA,Career
4207,Patrick Willis,107,112,15.28571429,NA,NA,88,NA,NA,NA,2,1,0,NA,1,0,NA,NA,NA,NA,7,NA,NA,NA,NA,NA,NA,LB,NA,NA,NA,NA,NA,NA,NA,NA,NA,NA,NA,6,NA,Career,177,21,Ole Miss,265,NA,NA,NA,NA,NA,2,0,0,NA,Career
4220,Tim Williams,2,20,1.6,2013,NA,1,NA,0,0,0,0,NA,3,0,0,NA,0,NA,NA,0,NA,NA,NA,NA,NA,0,LB,0,NA,NA,NA,NA,NA,NA,NA,NA,NA,NA,0,NA,2013,2,1,Alabama,3,0,NA,244,NA,NA,NA,0,NA,NA,NA
4227,Vince Williams,33,107,4.934579439,Career,NA,54,NA,NA,NA,0,0,0,NA,1,0,NA,NA,NA,NA,2,NA,NA,NA,NA,NA,NA,LB,NA,NA,NA,NA,NA,NA,NA,NA,NA,NA,NA,3,NA,Career,85,12.5,Florida State,139,NA,NA,NA,NA,NA,0,7,7,NA,NA
4231,Brandon Wilson,3,36,1.333333333,Career,NA,56,NA,NA,NA,1,0,0,NA,NA,NA,NA,NA,NA,NA,1,NA,NA,NA,NA,NA,NA,LB,NA,NA,NA,NA,NA,NA,NA,NA,NA,NA,NA,0.5,NA,Career,60,2.5,Mississippi State,116,NA,NA,252,NA,NA,0,NA,NA,NA,NA
4234,Damien Wilson,19,80,3.8,Career,NA,85,NA,NA,NA,1,1,NA,NA,1,0,NA,NA,NA,NA,3,NA,NA,NA,NA,NA,NA,LB,NA,NA,NA,NA,NA,NA,NA,NA,NA,NA,NA,5,NA,Career,101,15,Minnesota,186,NA,NA,240,NA,NA,NA,1,1,NA,NA
4235,Eric Wilson,8,48,2.666666667,Career,NA,135,NA,0,0,6,7,1,NA,0,0,NA,0,0,NA,4,NA,NA,NA,NA,NA,6,LB,0,NA,NA,NA,NA,NA,NA,NA,NA,NA,NA,3,NA,Career,126,14.5,Cincinnati,261,1,NA,225,NA,NA,NA,0,NA,NA,NA
4244,Martez Wilson,3,38,1.263157895,Career,NA,121,NA,NA,NA,1,0,0,NA,1,0,NA,NA,NA,NA,4,NA,NA,NA,NA,NA,NA,LB,NA,NA,NA,NA,NA,NA,NA,NA,NA,NA,NA,9,NA,Career,102,20,Illinois,223,NA,NA,NA,NA,NA,0,1,1,NA,NA
4247,Ramik Wilson,15,47,5.106382979,Career,NA,115,NA,NA,NA,2,1,0,NA,0,0,NA,NA,NA,NA,4,NA,NA,NA,NA,NA,NA,LB,NA,NA,NA,NA,NA,NA,NA,NA,NA,NA,NA,6,NA,Career,138,19,Georgia,253,NA,NA,237,NA,NA,0,0,NA,NA,NA
4263,Coy Wire,19,127,2.393700787,NA,23,NA,1,NA,NA,NA,NA,1,NA,1,0,0,0,NA,2,NA,50,1,26,13,192,42,LB,0,324.2,0,115,6.1,19,173,6,615,3.6,6,NA,NA,Career,NA,NA,Stanford,NA,7,NA,NA,730,3.8,89,11,11,NA,Career
4282,Pierre Woods,8,58,2.206896552,NA,NA,4,NA,NA,NA,2,0,0,NA,0,0,NA,NA,NA,NA,1,NA,NA,NA,NA,NA,NA,LB,NA,NA,NA,NA,NA,NA,NA,NA,NA,NA,NA,2.5,NA,Career,20,10,Michigan,24,NA,NA,NA,NA,NA,0,0,NA,NA,Career
4284,Wesley Woodyard,63,180,5.6,Career,NA,133,NA,NA,NA,3,0,0,NA,2,0,NA,NA,NA,NA,5,NA,NA,NA,NA,NA,NA,LB,NA,NA,NA,NA,NA,NA,NA,NA,NA,NA,NA,6,NA,Career,227,24.5,Kentucky,360,NA,NA,NA,NA,NA,0,0,0,NA,NA
4302,K.J. Wright,72,128,9,Career,NA,127,NA,NA,NA,3,0,0,NA,NA,NA,NA,NA,NA,NA,14,NA,NA,NA,NA,NA,NA,LB,NA,NA,NA,NA,NA,NA,NA,NA,NA,NA,NA,8,NA,Career,131,22.5,Mississippi State,258,NA,NA,NA,NA,NA,0,NA,NA,NA,NA
4325,Kenny Young,7,30,3.733333333,Career,NA,109,NA,0,0,2,4,NA,NA,2,1,NA,0,NA,NA,5,NA,NA,NA,NA,NA,6,LB,0,NA,NA,NA,NA,NA,NA,NA,NA,NA,NA,6.5,NA,Career,195,22,UCLA,304,1,NA,240,NA,NA,NA,63,31.5,NA,NA