7,Oday Aboushi,14,49,4.571428571,Career,NA,1,NA,NA,NA,0,0,0,NA,0,0,NA,NA,NA,NA,0,NA,NA,NA,NA,NA,NA,OL,NA,NA,NA,NA,NA,NA,NA,NA,NA,NA,NA,0,NA,Career,1,0,Virginia,2,NA,NA,NA,NA,NA,0,0,NA,NA,NA
40,Danny Aiken,4,66,0.96969697,Career,NA,7,NA,NA,NA,0,0,0,NA,NA,NA,NA,NA,NA,NA,0,NA,NA,NA,NA,NA,NA,OL,NA,NA,NA,NA,NA,NA,NA,NA,NA,NA,NA,0,NA,Career,5,0,Virginia,12,NA,NA,NA,NA,NA,0,NA,NA,NA,NA
48,Branden Albert,53,120,7.066666667,Career,NA,NA,NA,NA,NA,NA,NA,NA,NA,NA,NA,NA,NA,NA,NA,NA,NA,NA,NA,NA,1,NA,OL,NA,NA,NA,NA,NA,NA,1,0,2,2,0,NA,NA,Career,NA,NA,Virginia,NA,NA,NA,NA,2,2,NA,NA,NA,NA,NA
120,Shawn Andrews,40,63,10.15873016,NA,NA,NA,NA,NA,NA,NA,NA,NA,NA,NA,NA,NA,NA,NA,NA,NA,NA,NA,NA,NA,3,12,OL,NA,NA,NA,NA,NA,NA,3,2,3,1,2,NA,NA,Career,NA,NA,Arkansas,NA,2,NA,NA,3,1,NA,NA,NA,NA,Career
146,Jon Asamoah,23,75,4.906666667,Career,NA,0,NA,NA,NA,0,0,0,NA,NA,NA,NA,NA,NA,NA,0,NA,NA,NA,NA,NA,NA,OL,NA,NA,NA,NA,NA,NA,NA,NA,NA,NA,NA,0,NA,Career,1,0,Illinois,1,NA,NA,NA,NA,NA,0,NA,NA,NA,NA
184,Alvin Bailey,11,57,3.087719298,Career,NA,1,NA,NA,NA,0,0,0,NA,NA,NA,NA,NA,NA,NA,0,NA,NA,NA,NA,NA,NA,OL,NA,NA,NA,NA,NA,NA,NA,NA,NA,NA,NA,0,NA,Career,2,0,Arkansas,3,NA,NA,NA,NA,NA,0,NA,NA,NA,NA
223,Don Barclay,18,65,4.430769231,Career,NA,0,NA,NA,NA,0,0,0,NA,NA,NA,NA,NA,NA,NA,0,NA,NA,NA,NA,NA,NA,OL,NA,NA,NA,NA,NA,NA,NA,NA,NA,NA,NA,0,NA,Career,1,0,West Virginia,1,NA,NA,NA,NA,NA,0,NA,NA,NA,NA
235,Tim Barnes,15,78,3.076923077,Career,NA,0,NA,NA,NA,0,0,0,NA,NA,NA,NA,NA,NA,NA,0,NA,NA,NA,NA,NA,NA,OL,NA,NA,NA,NA,NA,NA,NA,NA,NA,NA,NA,0,NA,Career,1,0,Missouri,1,NA,NA,NA,NA,NA,0,NA,NA,NA,NA
260,Zane Beadles,60,137,7.00729927,Career,NA,0,NA,NA,NA,0,0,0,NA,NA,NA,NA,NA,NA,NA,0,NA,NA,NA,NA,NA,NA,OL,NA,NA,NA,NA,NA,NA,NA,NA,NA,NA,NA,0,NA,Career,2,0,Utah,2,NA,NA,NA,NA,NA,0,NA,NA,NA,NA
301,Tony Bergstrom,13,82,2.536585366,Career,NA,1,NA,NA,NA,0,0,0,NA,NA,NA,NA,NA,NA,NA,0,NA,NA,NA,NA,NA,NA,OL,NA,NA,NA,NA,NA,NA,NA,NA,NA,NA,NA,0,NA,Career,0,0,Utah,1,NA,NA,NA,NA,NA,0,NA,NA,NA,NA
330,Joel Bitonio,38,79,7.696202532,Career,NA,1,NA,NA,NA,0,0,0,NA,0,0,NA,NA,NA,NA,0,NA,NA,NA,NA,NA,NA,OL,NA,NA,NA,NA,NA,NA,NA,NA,NA,NA,NA,0,NA,Career,2,0,Nevada,3,NA,NA,315,NA,NA,0,0,NA,NA,NA
346,Austin Blythe,20,55,5.818181818,Career,NA,0,NA,NA,NA,0,0,NA,NA,0,0,NA,NA,NA,NA,0,NA,NA,NA,NA,NA,NA,OL,NA,NA,NA,NA,NA,NA,NA,NA,NA,NA,NA,0,NA,Career,1,0,Iowa,1,NA,NA,290,NA,NA,NA,0,NA,NA,NA
351,Russell Bodine,31,74,6.702702703,Career,NA,1,NA,NA,NA,0,0,0,NA,NA,NA,NA,NA,NA,NA,0,NA,NA,NA,NA,NA,NA,OL,NA,NA,NA,NA,NA,NA,NA,NA,NA,NA,NA,0,NA,Career,0,0,North Carolina,1,NA,NA,310,NA,NA,0,NA,NA,NA,NA
352,Evan Boehm,12,55,3.490909091,Career,NA,0,NA,NA,NA,0,0,0,NA,NA,NA,NA,NA,NA,NA,0,NA,NA,NA,NA,NA,NA,OL,NA,NA,NA,NA,NA,NA,NA,NA,NA,NA,NA,0,NA,Career,1,0,Missouri,1,NA,NA,320,NA,NA,0,NA,NA,NA,NA
361,Clint Boling,51,111,7.351351351,Career,NA,0,NA,NA,NA,0,0,0,NA,NA,NA,NA,NA,NA,NA,0,NA,NA,NA,NA,NA,NA,OL,NA,NA,NA,NA,NA,NA,NA,NA,NA,NA,NA,0,NA,Career,2,0,Georgia,2,NA,NA,NA,NA,NA,0,NA,NA,NA,NA
437,Mike Brisiel,40,80,8,NA,NA,0,NA,NA,NA,0,0,0,NA,NA,NA,NA,NA,NA,NA,0,NA,NA,NA,NA,NA,NA,OL,NA,NA,NA,NA,NA,NA,NA,NA,NA,NA,NA,0,NA,Career,1,0,Colorado State,1,NA,NA,NA,NA,NA,0,NA,NA,NA,Career
438,Eben Britton,18,60,4.8,Career,NA,0,NA,NA,NA,0,0,0,NA,NA,NA,NA,NA,NA,NA,0,NA,NA,NA,NA,NA,NA,OL,NA,NA,NA,NA,NA,NA,NA,NA,NA,NA,NA,0,NA,Career,1,0,Arizona,1,NA,NA,NA,NA,NA,0,NA,NA,NA,NA
439,Justin Britt,43,87,7.908045977,Career,NA,1,NA,NA,NA,0,0,0,NA,0,0,NA,NA,NA,NA,0,NA,NA,NA,NA,1,NA,OL,NA,NA,0,0,NA,0,1,0,7,7,0,0,NA,Career,1,0,Missouri,2,NA,NA,315,7,7,0,0,NA,NA,NA
448,Brandon Brooks,51,112,7.285714286,Career,NA,2,NA,NA,NA,0,0,NA,NA,0,0,NA,NA,NA,NA,0,NA,NA,NA,NA,NA,NA,OL,NA,NA,NA,NA,NA,NA,NA,NA,NA,NA,NA,0,NA,Career,2,0,Miami (OH),4,NA,NA,NA,NA,NA,NA,0,NA,NA,NA
470,Duane Brown,105,170,9.882352941,Career,NA,2,NA,0,0,0,0,0,NA,0,0,NA,0,0,NA,0,NA,NA,NA,NA,NA,6,OL,0,NA,NA,NA,NA,NA,NA,NA,NA,NA,NA,0,0,Career,4,0,Virginia Tech,6,1,0,NA,NA,NA,0,0,NA,NA,NA
477,Jamon Brown,22,60,5.866666667,Career,NA,1,NA,NA,NA,0,0,0,NA,NA,NA,NA,NA,NA,NA,0,NA,NA,NA,NA,NA,NA,OL,NA,NA,NA,NA,NA,NA,NA,NA,NA,NA,NA,0,NA,Career,0,0,Louisville,1,NA,NA,326,NA,NA,0,NA,NA,NA,NA
585,Jeff Byers,5,22,3.636363636,Career,NA,0,NA,NA,NA,0,0,0,NA,NA,NA,NA,NA,NA,NA,0,NA,NA,NA,NA,NA,NA,OL,NA,NA,NA,NA,NA,NA,NA,NA,NA,NA,NA,0,NA,Career,1,0,USC,1,NA,NA,NA,NA,NA,0,NA,NA,NA,NA
628,James Carpenter,50,114,7.01754386,Career,NA,0,NA,NA,NA,0,0,0,NA,NA,NA,NA,NA,NA,NA,0,NA,NA,NA,NA,NA,NA,OL,NA,NA,NA,NA,NA,NA,NA,NA,NA,NA,NA,0,NA,Career,1,0,Alabama,1,NA,NA,NA,NA,NA,0,NA,NA,NA,NA
666,Anthony Castonzo,67,132,8.121212121,Career,NA,1,NA,NA,NA,0,0,0,NA,NA,NA,NA,NA,NA,NA,0,NA,NA,NA,NA,NA,NA,OL,NA,NA,NA,NA,NA,NA,NA,NA,NA,NA,NA,0,NA,Career,2,0,Boston College,3,NA,NA,NA,NA,NA,0,NA,NA,NA,NA
694,Gosder Cherilus,60,132,7.272727273,Career,NA,0,NA,NA,NA,0,0,0,NA,NA,NA,NA,NA,NA,NA,0,NA,NA,NA,NA,NA,NA,OL,NA,NA,NA,NA,NA,NA,NA,NA,NA,NA,NA,0,NA,Career,3,0,Boston College,3,NA,NA,NA,NA,NA,0,NA,NA,NA,NA
708,Ryan Clady,73,107,10.91588785,2007,NA,NA,NA,NA,NA,NA,NA,NA,NA,NA,NA,NA,NA,NA,NA,NA,NA,NA,NA,NA,NA,NA,OL,NA,NA,NA,NA,NA,NA,NA,NA,NA,NA,NA,NA,NA,2007,NA,NA,Boise State,NA,NA,NA,NA,NA,NA,NA,NA,NA,NA,NA
713,Chris Clark,40,129,4.96124031,Career,NA,0,NA,NA,NA,0,0,0,NA,NA,NA,NA,NA,NA,NA,0,NA,NA,NA,NA,NA,NA,OL,NA,NA,NA,NA,NA,NA,NA,NA,NA,NA,NA,0,NA,Career,3,0,Southern Mississippi,3,NA,NA,255,NA,NA,0,NA,NA,NA,NA
718,Jeromey Clary,55,103,8.54368932,NA,NA,1,NA,NA,NA,NA,NA,NA,NA,0,0,NA,NA,NA,NA,NA,NA,NA,NA,NA,NA,NA,OL,NA,NA,NA,NA,NA,NA,NA,NA,NA,NA,NA,0,NA,Career,1,0,Kansas State,2,NA,NA,NA,NA,NA,NA,0,NA,NA,Career
824,Jonathan Cooper,15,46,5.217391304,Career,NA,0,NA,NA,NA,0,0,0,NA,0,0,NA,NA,NA,NA,0,NA,NA,NA,NA,NA,NA,OL,NA,NA,NA,NA,NA,NA,NA,NA,NA,NA,NA,0,NA,Career,2,0,North Carolina,2,NA,NA,NA,NA,NA,0,0,NA,NA,NA
834,Jim Cordle,6,36,2.666666667,Career,NA,1,NA,NA,NA,0,0,0,NA,NA,NA,NA,NA,NA,NA,0,NA,NA,NA,NA,NA,NA,OL,NA,NA,NA,NA,NA,NA,NA,NA,NA,NA,NA,0,NA,Career,0,0,Ohio State,1,NA,NA,NA,NA,NA,0,NA,NA,NA,NA
855,Morgan Cox,14,150,1.493333333,Career,NA,6,NA,NA,NA,0,0,0,NA,NA,NA,NA,NA,NA,NA,0,NA,NA,NA,NA,NA,NA,OL,NA,NA,NA,NA,NA,NA,NA,NA,NA,NA,NA,0,NA,Career,3,0,Tennessee,9,NA,NA,NA,NA,NA,0,NA,NA,NA,NA
913,James Daniels,11,32,5.5,Career,NA,0,NA,NA,NA,0,0,NA,NA,0,0,NA,NA,NA,NA,0,NA,NA,NA,NA,NA,NA,OL,NA,NA,NA,NA,NA,NA,NA,NA,NA,NA,NA,0,NA,Career,1,0,Iowa,1,NA,NA,295,NA,NA,NA,0,NA,NA,NA
990,Taylor Decker,30,55,8.727272727,Career,NA,0,NA,NA,NA,0,0,NA,NA,0,0,NA,NA,NA,NA,0,NA,NA,NA,NA,NA,NA,OL,NA,NA,NA,NA,NA,NA,NA,NA,NA,NA,NA,0,NA,Career,2,0,Ohio State,2,NA,NA,315,NA,NA,NA,0,NA,NA,NA
1042,Brandyn Dombrowski,13,47,4.425531915,Career,NA,0,NA,NA,NA,0,0,0,NA,NA,NA,NA,NA,NA,NA,0,NA,NA,NA,NA,NA,NA,OL,NA,NA,NA,NA,NA,NA,NA,NA,NA,NA,NA,0,NA,Career,1,0,San Diego State,1,NA,NA,NA,NA,NA,0,NA,NA,NA,NA
1056,Jamil Douglas,6,32,3,Career,NA,0,NA,NA,NA,0,0,0,NA,0,0,NA,NA,NA,NA,0,NA,NA,NA,NA,NA,NA,OL,NA,NA,NA,NA,NA,NA,NA,NA,NA,NA,NA,0,NA,Career,2,0,Arizona State,2,NA,NA,300,NA,NA,0,0,NA,NA,NA
1069,Justin Drescher,6,110,0.872727273,Career,NA,1,NA,NA,NA,0,0,0,NA,NA,NA,NA,NA,NA,NA,0,NA,NA,NA,NA,NA,NA,OL,NA,NA,NA,NA,NA,NA,NA,NA,NA,NA,NA,0,NA,Career,4,0,Colorado,5,NA,NA,NA,NA,NA,0,NA,NA,NA,NA
1126,Pat Elflein,22,43,8.186046512,Career,NA,0,NA,NA,NA,0,0,NA,NA,0,0,NA,NA,NA,NA,0,NA,NA,NA,NA,NA,NA,OL,NA,NA,NA,NA,NA,NA,NA,NA,NA,NA,NA,0,NA,Career,1,0,Ohio State,1,NA,NA,303,NA,NA,NA,0,NA,NA,NA
1152,Cameron Erving,22,69,5.101449275,Career,NA,9,NA,NA,NA,0,0,NA,NA,0,0,NA,NA,NA,NA,0,NA,NA,NA,NA,NA,NA,OL,NA,NA,NA,NA,NA,NA,NA,NA,NA,NA,NA,1,NA,Career,13,2.5,Florida State,22,NA,NA,308,NA,NA,NA,0,NA,NA,NA
1155,Trai Essex,18,76,3.789473684,NA,NA,NA,NA,NA,NA,NA,NA,NA,NA,NA,NA,NA,NA,NA,NA,NA,NA,NA,NA,NA,NA,6,OL,NA,NA,NA,NA,NA,NA,NA,NA,NA,NA,NA,NA,NA,Career,NA,NA,Northwestern,NA,1,NA,NA,NA,NA,NA,NA,NA,NA,Career
1173,Jason Fabini,65,152,6.842105263,NA,NA,NA,NA,NA,NA,NA,NA,NA,NA,NA,NA,NA,NA,NA,NA,NA,NA,NA,NA,NA,NA,6,OL,NA,NA,NA,NA,NA,NA,NA,NA,NA,NA,NA,NA,NA,Career,NA,NA,Cincinnati,NA,1,NA,NA,NA,NA,NA,NA,NA,NA,Career
1218,B.J. Finney,9,59,2.440677966,Career,NA,0,NA,NA,NA,0,0,NA,NA,0,0,NA,NA,NA,NA,0,NA,NA,NA,NA,NA,NA,OL,NA,NA,NA,NA,NA,NA,NA,NA,NA,NA,NA,0,NA,Career,1,0,Kansas State,1,NA,NA,303,NA,NA,NA,0,NA,NA,NA
1223,Jake Fisher,6,48,2,Career,NA,NA,NA,NA,NA,NA,NA,NA,NA,NA,NA,NA,NA,NA,NA,NA,NA,NA,NA,NA,NA,6,OL,NA,NA,NA,NA,NA,NA,NA,NA,NA,NA,NA,NA,NA,Career,NA,NA,Oregon,NA,1,NA,300,NA,NA,NA,NA,NA,NA,NA
1238,Ereck Flowers,31,75,6.613333333,Career,NA,1,NA,NA,NA,0,0,NA,NA,0,0,NA,NA,NA,NA,0,NA,NA,NA,NA,NA,NA,OL,NA,NA,NA,NA,NA,NA,NA,NA,NA,NA,NA,0,NA,Career,0,0,Miami (FL),1,NA,NA,322,NA,NA,NA,0,NA,NA,NA
1248,D.J. Fluker,43,92,7.47826087,Career,NA,0,NA,NA,NA,0,0,NA,NA,0,0,NA,NA,NA,NA,0,NA,NA,NA,NA,NA,NA,OL,NA,NA,NA,NA,NA,NA,NA,NA,NA,NA,NA,0,NA,Career,1,0,Alabama,1,NA,NA,NA,NA,NA,NA,0,NA,NA,NA
1276,Ramon Foster,69,160,6.9,Career,NA,0,NA,NA,NA,0,0,0,NA,NA,NA,NA,NA,NA,NA,0,NA,NA,NA,NA,NA,NA,OL,NA,NA,NA,NA,NA,NA,NA,NA,NA,NA,NA,0,NA,Career,1,0,Tennessee,1,NA,NA,NA,NA,NA,0,NA,NA,NA,NA
1286,Jason Fox,9,37,3.891891892,Career,NA,0,NA,0,0,0,0,0,NA,0,0,NA,0,0,NA,0,NA,NA,NA,NA,1,6,OL,0,NA,0,0,NA,0,1,1,5,5,1,0,0,Career,2,0,Miami (FL),2,1,0,NA,5,5,0,0,NA,NA,NA
1300,Orlando Franklin,44,90,7.822222222,Career,NA,0,NA,NA,NA,0,0,0,NA,NA,NA,NA,NA,NA,NA,0,NA,NA,NA,NA,NA,NA,OL,NA,NA,NA,NA,NA,NA,NA,NA,NA,NA,NA,0,NA,Career,5,0,Miami (FL),5,NA,NA,NA,NA,NA,0,NA,NA,NA,NA
1306,Travis Frederick,61,96,10.16666667,Career,NA,0,NA,NA,NA,0,0,0,NA,0,0,NA,NA,NA,NA,0,NA,NA,NA,NA,NA,NA,OL,NA,NA,NA,NA,NA,NA,NA,NA,NA,NA,NA,0,NA,Career,2,0,Wisconsin,2,NA,NA,NA,NA,NA,0,0,NA,NA,NA
1363,Joshua Garnett,5,22,3.636363636,Career,NA,0,NA,NA,NA,0,0,NA,NA,0,0,NA,NA,NA,NA,0,NA,NA,NA,NA,NA,NA,OL,NA,NA,NA,NA,NA,NA,NA,NA,NA,NA,NA,0,NA,Career,1,0,Stanford,1,NA,NA,321,NA,NA,NA,0,NA,NA,NA
1364,Nate Garner,14,74,3.027027027,Career,NA,0,NA,NA,NA,0,0,0,NA,NA,NA,NA,NA,NA,NA,0,NA,NA,NA,NA,NA,NA,OL,NA,NA,NA,NA,NA,NA,NA,NA,NA,NA,NA,0,NA,Career,1,0,Arkansas,1,NA,NA,NA,NA,NA,0,NA,NA,NA,NA
1397,Marcus Gilbert,44,88,8,Career,NA,0,NA,NA,NA,0,0,0,NA,NA,NA,NA,NA,NA,NA,0,NA,NA,NA,NA,NA,NA,OL,NA,NA,NA,NA,NA,NA,NA,NA,NA,NA,NA,0,NA,Career,1,0,Florida,1,NA,NA,NA,NA,NA,0,NA,NA,NA,NA
1412,Graham Glasgow,28,62,7.225806452,Career,NA,4,NA,NA,NA,0,0,NA,NA,0,0,NA,NA,NA,NA,0,NA,NA,NA,NA,NA,NA,OL,NA,NA,NA,NA,NA,NA,NA,NA,NA,NA,NA,0,NA,Career,8,4,Michigan,12,NA,NA,303,NA,NA,NA,0,NA,NA,NA
1415,Cordy Glenn,47,97,7.75257732,Career,NA,1,NA,NA,NA,0,0,0,NA,NA,NA,NA,NA,NA,NA,0,NA,NA,NA,NA,NA,NA,OL,NA,NA,NA,NA,NA,NA,NA,NA,NA,NA,NA,0,NA,Career,1,0,Georgia,2,NA,NA,NA,NA,NA,0,NA,NA,NA,NA
1419,Mark Glowinski,20,62,5.161290323,Career,NA,0,NA,NA,NA,0,0,NA,NA,0,0,NA,NA,NA,NA,0,NA,NA,NA,NA,NA,NA,OL,NA,NA,NA,NA,NA,NA,NA,NA,NA,NA,NA,0,NA,Career,1,0,West Virginia,1,NA,NA,310,NA,NA,NA,0,NA,NA,NA
1430,Adam Goldberg,30,112,4.285714286,NA,NA,NA,NA,NA,NA,NA,NA,NA,NA,NA,NA,NA,NA,NA,NA,NA,NA,NA,NA,NA,1,NA,OL,NA,NA,NA,NA,NA,NA,1,0,2,2,0,NA,NA,Career,NA,NA,Wyoming,NA,NA,NA,NA,2,2,NA,NA,NA,NA,Career
1444,Brett Goode,9,152,0.947368421,NA,NA,3,NA,NA,NA,0,0,0,NA,NA,NA,NA,NA,NA,NA,0,NA,NA,NA,NA,NA,NA,OL,NA,NA,NA,NA,NA,NA,NA,NA,NA,NA,NA,0,NA,Career,1,0,Arkansas,4,NA,NA,NA,NA,NA,0,NA,NA,NA,Career
1490,John Greco,32,132,3.878787879,Career,NA,0,NA,NA,NA,0,0,0,NA,0,0,NA,NA,NA,NA,0,NA,NA,NA,NA,NA,NA,OL,NA,NA,NA,NA,NA,NA,NA,NA,NA,NA,NA,0,NA,Career,3,0,Toledo,3,NA,NA,NA,NA,NA,0,0,NA,NA,NA
1521,Clint Gresham,6,96,1,Career,NA,1,NA,NA,NA,0,0,0,NA,NA,NA,NA,NA,NA,NA,0,NA,NA,NA,NA,NA,NA,OL,NA,NA,NA,NA,NA,NA,NA,NA,NA,NA,NA,0,NA,Career,7,0,Texas Christian,8,NA,NA,NA,NA,NA,0,NA,NA,NA,NA
1549,Ryan Groy,9,65,2.215384615,Career,NA,0,NA,NA,NA,0,0,0,NA,0,0,NA,NA,NA,NA,0,NA,NA,NA,NA,NA,NA,OL,NA,NA,NA,NA,NA,NA,NA,NA,NA,NA,NA,0,NA,Career,3,0,Wisconsin,3,NA,NA,320,NA,NA,0,0,NA,NA,NA
1550,Ben Grubbs,65,129,8.062015504,NA,NA,0,NA,NA,NA,0,0,0,NA,NA,NA,NA,NA,NA,NA,0,NA,NA,NA,NA,NA,NA,OL,NA,NA,NA,NA,NA,NA,NA,NA,NA,NA,NA,0,NA,Career,3,0,Auburn,3,NA,NA,NA,NA,NA,0,NA,NA,NA,Career
1571,Chris Hairston,20,74,4.324324324,Career,NA,1,NA,NA,NA,0,0,0,NA,NA,NA,NA,NA,NA,NA,0,NA,NA,NA,NA,NA,NA,OL,NA,NA,NA,NA,NA,NA,NA,NA,NA,NA,NA,0,NA,Career,1,0,Clemson,2,NA,NA,NA,NA,NA,0,NA,NA,NA,NA
1673,Rob Havenstein,35,68,8.235294118,Career,NA,0,NA,NA,NA,0,0,NA,NA,0,0,NA,NA,NA,NA,0,NA,NA,NA,NA,NA,NA,OL,NA,NA,NA,NA,NA,NA,NA,NA,NA,NA,NA,0,NA,Career,2,0,Wisconsin,2,NA,NA,333,NA,NA,NA,0,NA,NA,NA
1680,Joe Hawley,29,91,5.098901099,Career,NA,0,NA,NA,NA,0,0,0,NA,0,0,NA,NA,NA,NA,0,NA,NA,NA,NA,NA,NA,OL,NA,NA,NA,NA,NA,NA,NA,NA,NA,NA,NA,0,NA,Career,1,0,UNLV,1,NA,NA,NA,NA,NA,0,0,NA,NA,NA
1761,Jason Hill,10,54,2.962962963,Career,NA,0,NA,NA,NA,0,0,0,NA,NA,NA,NA,NA,NA,NA,0,NA,NA,NA,NA,NA,NA,OL,NA,NA,NA,NA,NA,NA,NA,NA,NA,NA,NA,0,NA,Career,1,0,Georgia Tech,1,NA,NA,NA,NA,NA,0,NA,NA,NA,NA
1844,Rodney Hudson,57,127,7.181102362,Career,NA,0,NA,NA,NA,0,0,0,NA,0,0,NA,NA,NA,NA,0,NA,NA,NA,NA,NA,NA,OL,NA,NA,NA,NA,NA,NA,NA,NA,NA,NA,NA,0,NA,Career,1,0,Florida State,1,NA,NA,NA,NA,NA,0,0,NA,NA,NA
1849,Charley Hughlett,5,80,1,Career,NA,5,NA,NA,NA,0,0,0,NA,NA,NA,NA,NA,NA,NA,0,NA,NA,NA,NA,NA,NA,OL,NA,NA,NA,NA,NA,NA,NA,NA,NA,NA,NA,0,NA,Career,0,0,UCF,5,NA,NA,NA,NA,NA,0,NA,NA,NA,NA
1921,Gabe Jackson,35,84,6.666666667,Career,NA,3,NA,0,0,0,0,1,NA,0,0,NA,0,0,NA,0,NA,NA,NA,NA,NA,12,OL,0,NA,NA,NA,NA,NA,NA,NA,NA,NA,NA,0,0,Career,3,0,Mississippi State,6,2,0,335,NA,NA,0,0,NA,NA,NA
1952,Ja'Wuan James,31,65,7.630769231,Career,NA,0,NA,NA,NA,0,0,0,NA,0,0,NA,NA,NA,NA,0,NA,NA,NA,NA,NA,NA,OL,NA,NA,NA,NA,NA,NA,NA,NA,NA,NA,NA,0,NA,Career,5,0,Tennessee,5,NA,NA,318,NA,NA,0,0,NA,NA,NA
1963,J.J. Jansen,13,176,1.181818182,Career,NA,5,NA,NA,NA,0,0,0,NA,NA,NA,NA,NA,NA,NA,0,NA,NA,NA,NA,NA,NA,OL,NA,NA,NA,NA,NA,NA,NA,NA,NA,NA,NA,0,NA,Career,3,0,Notre Dame,8,NA,NA,NA,NA,NA,0,NA,NA,NA,NA
2009,Luke Joeckel,23,50,7.36,Career,NA,0,NA,NA,NA,0,0,0,NA,NA,NA,NA,NA,NA,NA,0,NA,NA,NA,NA,NA,NA,OL,NA,NA,NA,NA,NA,NA,NA,NA,NA,NA,NA,0,NA,Career,1,0,Texas A&M,1,NA,NA,NA,NA,NA,0,NA,NA,NA,NA
2026,Charlie Johnson,65,134,7.76119403,NA,NA,2,NA,NA,NA,NA,NA,NA,NA,0,0,NA,NA,NA,NA,NA,NA,NA,NA,NA,NA,24,OL,NA,NA,NA,NA,NA,NA,NA,NA,NA,NA,NA,0,NA,Career,2,0,Oklahoma State,4,4,NA,NA,NA,NA,NA,0,NA,NA,Career
2030,Danny Johnson,2,16,2,Career,NA,1,NA,NA,NA,0,0,NA,NA,0,0,NA,NA,NA,NA,0,NA,NA,NA,NA,NA,NA,OL,NA,NA,NA,NA,NA,NA,NA,NA,NA,NA,NA,0,NA,Career,0,0,Kent State,1,NA,NA,265,NA,NA,NA,0,NA,NA,NA
2050,Lane Johnson,55,92,9.565217391,Career,NA,0,NA,NA,NA,0,0,0,NA,NA,NA,NA,NA,NA,NA,0,NA,NA,NA,NA,NA,NA,OL,NA,NA,NA,NA,NA,NA,NA,NA,NA,NA,NA,0,NA,Career,1,0,Oklahoma,1,NA,NA,NA,NA,NA,0,NA,NA,NA,NA
2062,Spencer Johnson,24,125,3.072,Career,NA,0,NA,NA,NA,0,0,0,NA,NA,NA,NA,NA,NA,NA,0,NA,NA,NA,NA,NA,NA,OL,NA,NA,NA,NA,NA,NA,NA,NA,NA,NA,NA,0,NA,Career,1,0,Utah State,1,NA,NA,NA,NA,NA,0,NA,NA,NA,NA
2073,Wesley Johnson,11,53,3.320754717,Career,NA,1,NA,NA,NA,0,0,0,NA,0,0,NA,NA,NA,NA,0,NA,NA,NA,NA,NA,NA,OL,NA,NA,NA,NA,NA,NA,NA,NA,NA,NA,NA,0,NA,Career,2,0,Vanderbilt,3,NA,NA,295,NA,NA,0,0,NA,NA,NA
2079,Ben Jones,47,127,5.921259843,Career,NA,0,NA,NA,NA,0,0,0,NA,NA,NA,NA,NA,NA,NA,0,NA,NA,NA,NA,NA,NA,OL,NA,NA,NA,NA,NA,NA,NA,NA,NA,NA,NA,0,NA,Career,1,0,Georgia,1,NA,NA,NA,NA,NA,0,NA,NA,NA,NA
2137,Davin Joseph,53,116,7.310344828,NA,NA,0,NA,NA,NA,0,0,0,NA,NA,NA,NA,NA,NA,NA,0,NA,NA,NA,NA,NA,NA,OL,NA,NA,NA,NA,NA,NA,NA,NA,NA,NA,NA,0,NA,Career,1,0,Oklahoma,1,NA,NA,NA,NA,NA,0,NA,NA,NA,Career
2146,Winston Justice,22,63,5.587301587,NA,NA,NA,NA,NA,NA,NA,NA,NA,NA,NA,NA,NA,NA,NA,NA,NA,NA,NA,NA,NA,NA,12,OL,NA,NA,NA,NA,NA,NA,NA,NA,NA,NA,NA,NA,NA,Career,NA,NA,USC,NA,2,NA,NA,NA,NA,NA,NA,NA,NA,Career
2153,Ryan Kalil,92,155,9.496774194,NA,NA,0,NA,NA,NA,0,0,0,NA,NA,NA,NA,NA,NA,NA,0,NA,NA,NA,NA,NA,NA,OL,NA,NA,NA,NA,NA,NA,NA,NA,NA,NA,NA,0,NA,Career,2,0,USC,2,NA,NA,NA,NA,NA,0,NA,NA,NA,Career
2179,Brian Kelly,45,141,5.106382979,Career,NA,3,NA,NA,NA,1,0,0,NA,NA,NA,NA,NA,NA,NA,0,NA,NA,NA,NA,NA,NA,OL,NA,NA,NA,NA,NA,NA,NA,NA,NA,NA,NA,0,NA,Career,3,0,Buffalo,6,NA,NA,NA,NA,NA,0,NA,NA,NA,NA
2180,Dennis Kelly,18,88,3.272727273,Career,NA,0,NA,NA,NA,0,0,NA,NA,0,0,NA,NA,NA,NA,0,NA,NA,NA,NA,NA,NA,OL,NA,NA,NA,NA,NA,NA,NA,NA,NA,NA,NA,0,NA,Career,1,0,Purdue,1,NA,NA,NA,NA,NA,NA,0,NA,NA,NA
2185,Ryan Kelly,26,51,8.156862745,Career,NA,0,NA,NA,NA,0,0,NA,NA,0,0,NA,NA,NA,NA,0,NA,NA,NA,NA,NA,NA,OL,NA,NA,NA,NA,NA,NA,NA,NA,NA,NA,NA,0,NA,Career,1,0,Alabama,1,NA,NA,297,NA,NA,NA,0,NA,NA,NA
2250,Olin Kreutz,95,195,7.794871795,NA,NA,NA,NA,NA,NA,NA,NA,NA,NA,NA,NA,NA,NA,NA,NA,NA,NA,NA,NA,NA,NA,6,OL,NA,NA,NA,NA,NA,NA,NA,NA,NA,NA,NA,NA,NA,Career,NA,NA,Washington,NA,1,NA,NA,NA,NA,NA,NA,NA,NA,Career
2271,Kendall Lamm,15,59,4.06779661,Career,NA,0,NA,NA,NA,0,0,NA,NA,0,0,NA,NA,NA,NA,0,NA,NA,NA,NA,NA,NA,OL,NA,NA,NA,NA,NA,NA,NA,NA,NA,NA,NA,0,NA,Career,1,0,Appalachian State,1,NA,NA,305,NA,NA,NA,0,NA,NA,NA
2288,T.J. Lang,73,138,8.463768116,Career,NA,8,NA,NA,NA,0,0,0,NA,0,0,NA,NA,NA,NA,0,NA,NA,NA,NA,NA,NA,OL,NA,NA,NA,NA,NA,NA,NA,NA,NA,NA,NA,0,NA,Career,8,0.5,Eastern Michigan,16,NA,NA,NA,NA,NA,0,0,NA,NA,NA
2294,Ted Larsen,42,137,4.905109489,Career,NA,8,NA,NA,NA,0,0,0,NA,NA,NA,NA,NA,NA,NA,1,NA,NA,NA,NA,NA,NA,OL,NA,NA,NA,NA,NA,NA,NA,NA,NA,NA,NA,4,NA,Career,15,5.5,North Carolina State,23,NA,NA,NA,NA,NA,0,NA,NA,NA,NA
2320,Ronald Leary,32,77,6.649350649,Career,NA,0,NA,NA,NA,0,0,0,NA,NA,NA,NA,NA,NA,NA,0,NA,NA,NA,NA,NA,NA,OL,NA,NA,NA,NA,NA,NA,NA,NA,NA,NA,NA,0,NA,Career,1,0,Memphis,1,NA,NA,NA,NA,NA,0,NA,NA,NA,NA
2324,Nick Leckey,15,65,3.692307692,NA,NA,NA,NA,NA,NA,NA,NA,NA,NA,NA,NA,NA,NA,NA,NA,NA,NA,NA,NA,NA,NA,6,OL,NA,NA,NA,NA,NA,NA,NA,NA,NA,NA,NA,NA,NA,Career,NA,NA,Kansas State,NA,1,NA,NA,NA,NA,NA,NA,NA,NA,Career
2358,Andy Levitre,68,143,7.608391608,Career,NA,0,NA,NA,NA,0,0,0,NA,NA,NA,NA,NA,NA,NA,0,NA,NA,NA,NA,NA,NA,OL,NA,NA,NA,NA,NA,NA,NA,NA,NA,NA,NA,0,NA,Career,3,0,Oregon State,3,NA,NA,NA,NA,NA,0,NA,NA,NA,NA
2360,Taylor Lewan,48,85,9.035294118,Career,NA,NA,NA,NA,NA,NA,NA,NA,NA,NA,NA,NA,NA,NA,NA,NA,NA,NA,NA,NA,NA,12,OL,NA,NA,NA,NA,NA,NA,NA,NA,NA,NA,NA,NA,NA,Career,NA,NA,Michigan,NA,2,NA,315,NA,NA,NA,NA,NA,NA,NA
2361,Alex Lewis,12,35,5.485714286,Career,NA,1,NA,NA,NA,0,0,0,NA,0,0,NA,NA,NA,NA,0,NA,NA,NA,NA,NA,NA,OL,NA,NA,NA,NA,NA,NA,NA,NA,NA,NA,NA,0,NA,Career,3,0,Overall,4,NA,NA,290,NA,NA,0,0,NA,NA,NA
2386,Brandon Linder,28,70,6.4,Career,NA,1,NA,NA,NA,0,0,NA,NA,0,0,NA,NA,NA,NA,0,NA,NA,NA,NA,NA,NA,OL,NA,NA,NA,NA,NA,NA,NA,NA,NA,NA,NA,0,NA,Career,0,0,Miami (FL),1,NA,NA,319,NA,NA,NA,0,NA,NA,NA
2403,Sean Locklear,46,117,6.290598291,NA,NA,NA,NA,NA,NA,NA,NA,NA,NA,NA,NA,NA,NA,NA,NA,NA,NA,NA,NA,NA,1,NA,OL,NA,NA,NA,NA,NA,NA,1,0,5,5,0,NA,NA,Career,NA,NA,North Carolina State,NA,NA,NA,NA,5,5,NA,NA,NA,NA,Career
2411,Jake Long,62,104,9.538461538,2006,NA,NA,NA,NA,NA,NA,NA,NA,NA,NA,NA,NA,NA,NA,NA,NA,NA,NA,NA,NA,NA,NA,OL,NA,NA,NA,NA,NA,NA,NA,NA,NA,NA,NA,NA,NA,2006,NA,NA,Michigan,NA,NA,NA,185,NA,NA,NA,NA,NA,NA,NA
2414,Spencer Long,21,67,5.014925373,Career,NA,0,NA,NA,NA,0,0,0,NA,0,0,NA,NA,NA,NA,0,NA,NA,NA,NA,NA,NA,OL,NA,NA,NA,NA,NA,NA,NA,NA,NA,NA,NA,0,NA,Career,3,0,Nebraska,3,NA,NA,315,NA,NA,0,0,NA,NA,NA
2423,Lance Louis,19,61,4.983606557,Career,NA,0,NA,0,0,0,0,0,NA,0,0,NA,0,0,NA,0,NA,NA,NA,NA,NA,6,OL,0,NA,NA,NA,NA,NA,NA,NA,NA,NA,NA,0,0,Career,2,0,San Diego State,2,1,0,NA,NA,NA,0,0,NA,NA,NA
2444,Alex Mack,94,165,9.115151515,Career,NA,0,NA,NA,NA,0,0,0,NA,NA,NA,NA,NA,NA,NA,0,NA,NA,NA,NA,NA,NA,OL,NA,NA,NA,NA,NA,NA,NA,NA,NA,NA,NA,0,NA,Career,1,0,California,1,NA,NA,NA,NA,NA,0,NA,NA,NA,NA
2515,Zack Martin,74,94,12.59574468,Career,NA,1,NA,NA,NA,0,1,NA,NA,0,0,NA,NA,NA,NA,0,NA,NA,NA,NA,NA,NA,OL,NA,NA,NA,NA,NA,NA,NA,NA,NA,NA,NA,0,NA,Career,1,0,Notre Dame,2,NA,NA,308,NA,NA,NA,0,NA,NA,NA
2519,Bobby Massie,48,110,6.981818182,Career,NA,0,NA,NA,NA,0,0,0,NA,NA,NA,NA,NA,NA,NA,0,NA,NA,NA,NA,NA,NA,OL,NA,NA,NA,NA,NA,NA,NA,NA,NA,NA,NA,0,NA,Career,1,0,Ole Miss,1,NA,NA,NA,NA,NA,0,NA,NA,NA,NA
2605,Justin McCray,8,40,3.2,Career,NA,0,NA,NA,NA,0,0,NA,NA,0,0,NA,NA,NA,NA,0,NA,NA,NA,NA,NA,NA,OL,NA,NA,NA,NA,NA,NA,NA,NA,NA,NA,NA,0,NA,Career,1,0,UCF,1,NA,NA,310,NA,NA,NA,0,NA,NA,NA
2635,Mike McGlinchey,16,28,9.142857143,Career,NA,0,NA,NA,NA,0,0,NA,NA,0,0,NA,NA,NA,NA,0,NA,NA,NA,NA,NA,NA,OL,NA,NA,NA,NA,NA,NA,NA,NA,NA,NA,NA,0,NA,Career,1,0,Notre Dame,1,NA,NA,315,NA,NA,NA,0,NA,NA,NA
2694,Jamon Meredith,15,67,3.582089552,Career,NA,0,NA,NA,NA,0,0,0,NA,NA,NA,NA,NA,NA,NA,0,NA,NA,NA,NA,NA,NA,OL,NA,NA,NA,NA,NA,NA,NA,NA,NA,NA,NA,0,NA,Career,4,0,South Carolina,4,NA,NA,NA,NA,NA,0,NA,NA,NA,NA
2719,Jordan Mills,42,90,7.466666667,Career,NA,1,NA,NA,NA,0,0,0,NA,NA,NA,NA,NA,NA,NA,0,NA,NA,NA,NA,NA,NA,OL,NA,NA,NA,NA,NA,NA,NA,NA,NA,NA,NA,0,NA,Career,2,0,Louisiana Tech,3,NA,NA,NA,NA,NA,0,NA,NA,NA,NA
2722,Kolton Miller,15,32,7.5,Career,NA,0,NA,NA,NA,0,0,NA,NA,0,0,NA,NA,NA,NA,0,NA,NA,NA,NA,1,NA,OL,NA,NA,0,0,NA,0,1,0,-3,-3,0,0,NA,Career,1,0,UCLA,1,NA,NA,310,-3,-3,NA,0,NA,NA,NA
2751,Eugene Monroe,38,93,6.537634409,Career,NA,0,NA,NA,NA,0,0,0,NA,NA,NA,NA,NA,NA,NA,0,NA,NA,NA,NA,NA,NA,OL,NA,NA,NA,NA,NA,NA,NA,NA,NA,NA,NA,0,NA,Career,1,0,Virginia,1,NA,NA,NA,NA,NA,0,NA,NA,NA,NA
2752,Anthony Montgomery,14,42,5.333333333,Career,NA,1,NA,NA,NA,0,0,NA,NA,0,0,NA,NA,NA,NA,0,NA,NA,NA,NA,NA,NA,OL,NA,NA,NA,NA,NA,NA,NA,NA,NA,NA,NA,0,NA,Career,0,0,Louisiana-Monroe,1,NA,NA,NA,NA,NA,NA,0,NA,NA,NA
2803,Morgan Moses,43,88,7.818181818,Career,NA,0,NA,NA,NA,0,0,NA,NA,0,0,NA,NA,NA,NA,0,NA,NA,NA,NA,NA,NA,OL,NA,NA,NA,NA,NA,NA,NA,NA,NA,NA,NA,0,NA,Career,1,0,Virginia,1,NA,NA,335,NA,NA,NA,0,NA,NA,NA
2864,Quenton Nelson,28,32,14,Career,NA,0,NA,NA,NA,0,0,NA,NA,0,0,NA,NA,NA,NA,0,NA,NA,NA,NA,NA,NA,OL,NA,NA,NA,NA,NA,NA,NA,NA,NA,NA,NA,0,NA,Career,3,0,Notre Dame,3,NA,NA,330,NA,NA,NA,0,NA,NA,NA
2873,Marshall Newhouse,48,129,5.953488372,Career,NA,NA,NA,NA,NA,NA,NA,NA,NA,NA,NA,NA,NA,NA,NA,NA,NA,NA,NA,NA,1,NA,OL,NA,NA,NA,NA,NA,NA,1,0,3,3,0,NA,NA,Career,NA,NA,Texas Christian,NA,NA,NA,NA,3,3,NA,NA,NA,NA,NA
2877,Derek Newton,30,83,5.78313253,Career,NA,0,NA,NA,NA,0,0,0,NA,NA,NA,NA,NA,NA,NA,0,NA,NA,NA,NA,NA,NA,OL,NA,NA,NA,NA,NA,NA,NA,NA,NA,NA,NA,0,NA,Career,1,0,Arkansas State,1,NA,NA,NA,NA,NA,0,NA,NA,NA,NA
2920,Brian O'Neill,15,30,8,Career,0,1,0,0,0,0,0,NA,NA,0,0,0,0,NA,2,0,0,0,0,0,3,12,OL,0,0,0,0,NA,0,3,2,39,13,2,0,NA,Career,0,0,Pitt,1,2,NA,305,39,13,NA,0,NA,NA,NA
2944,Russell Okung,68,124,8.774193548,2009,NA,NA,NA,NA,NA,NA,NA,NA,NA,NA,NA,NA,NA,NA,NA,NA,NA,NA,NA,NA,NA,NA,OL,NA,NA,NA,NA,NA,NA,NA,NA,NA,NA,NA,NA,NA,2009,NA,NA,Oklahoma State,NA,NA,NA,NA,NA,NA,NA,NA,NA,NA,NA
3001,Austin Pasztor,18,67,4.298507463,Career,NA,0,NA,NA,NA,0,0,0,NA,NA,NA,NA,NA,NA,NA,0,NA,NA,NA,NA,NA,NA,OL,NA,NA,NA,NA,NA,NA,NA,NA,NA,NA,NA,0,NA,Career,2,0,Virginia,2,NA,NA,NA,NA,NA,0,NA,NA,NA,NA
3028,Andrus Peat,43,65,10.58461538,Career,NA,0,NA,NA,NA,0,0,NA,NA,0,0,NA,NA,NA,NA,0,NA,NA,NA,NA,NA,NA,OL,NA,NA,NA,NA,NA,NA,NA,NA,NA,NA,NA,0,NA,Career,1,0,Stanford,1,NA,NA,316,NA,NA,NA,0,NA,NA,NA
3033,Donald Penn,94,194,7.75257732,NA,NA,0,NA,NA,NA,0,0,0,NA,NA,NA,NA,NA,NA,NA,0,NA,NA,NA,NA,NA,NA,OL,NA,NA,NA,NA,NA,NA,NA,NA,NA,NA,NA,0,NA,Career,1,0,Utah State,1,NA,NA,NA,NA,NA,0,NA,NA,NA,Career
3073,John Phillips,2,120,0.266666667,Career,NA,0,NA,NA,NA,0,0,NA,NA,0,0,NA,NA,NA,NA,0,NA,NA,NA,NA,NA,NA,OL,NA,NA,NA,NA,NA,NA,NA,NA,NA,NA,NA,0,NA,Career,1,0,Boston College,1,NA,NA,305,NA,NA,NA,0,NA,NA,NA
3106,Tyler Polumbus,31,112,4.428571429,Career,NA,0,NA,NA,NA,0,0,0,NA,NA,NA,NA,NA,NA,NA,0,NA,NA,NA,NA,NA,NA,OL,NA,NA,NA,NA,NA,NA,NA,NA,NA,NA,NA,0,NA,Career,1,0,Colorado,1,NA,NA,NA,NA,NA,0,NA,NA,NA,NA
3123,Maurkice Pouncey,86,121,11.37190083,Career,NA,1,NA,NA,NA,0,0,0,NA,NA,NA,NA,NA,NA,NA,0,NA,NA,NA,NA,NA,NA,OL,NA,NA,NA,NA,NA,NA,NA,NA,NA,NA,NA,0,NA,Career,1,0,Florida,2,NA,NA,NA,NA,NA,0,NA,NA,NA,NA
3124,Mike Pouncey,58,114,8.140350877,Career,NA,3,NA,NA,NA,NA,NA,NA,NA,1,0,NA,NA,NA,NA,NA,NA,NA,NA,NA,NA,NA,OL,NA,NA,NA,NA,NA,NA,NA,NA,NA,NA,NA,0,NA,Career,5,1,Florida,8,NA,NA,NA,NA,NA,NA,9,9,NA,NA
3148,Justin Pugh,38,86,7.069767442,Career,NA,1,NA,NA,NA,0,0,0,NA,NA,NA,NA,NA,NA,NA,0,NA,NA,NA,NA,NA,NA,OL,NA,NA,NA,NA,NA,NA,NA,NA,NA,NA,NA,0,NA,Career,1,0,Syracuse,2,NA,NA,NA,NA,NA,0,NA,NA,NA,NA
3150,Spencer Pulley,15,49,4.897959184,Career,NA,0,NA,NA,NA,0,0,NA,NA,0,0,NA,NA,NA,NA,0,NA,NA,NA,NA,NA,NA,OL,NA,NA,NA,NA,NA,NA,NA,NA,NA,NA,NA,0,NA,Career,1,0,Vanderbilt,1,NA,NA,300,NA,NA,NA,0,NA,NA,NA
3164,Frank Ragnow,13,31,6.709677419,Career,NA,1,NA,NA,NA,0,0,NA,NA,0,0,NA,NA,NA,NA,0,NA,NA,NA,NA,NA,NA,OL,NA,NA,NA,NA,NA,NA,NA,NA,NA,NA,NA,0,NA,Career,1,0,Arkansas,2,NA,NA,317,NA,NA,NA,0,NA,NA,NA
3170,Manuel Ramirez,35,83,6.746987952,NA,NA,0,NA,NA,NA,0,0,0,NA,NA,NA,NA,NA,NA,NA,0,NA,NA,NA,NA,NA,NA,OL,NA,NA,NA,NA,NA,NA,NA,NA,NA,NA,NA,0,NA,Career,1,0,Texas Tech,1,NA,NA,NA,NA,NA,0,NA,NA,NA,Career
3210,Riley Reiff,61,120,8.133333333,Career,NA,0,NA,NA,NA,0,0,NA,NA,0,0,NA,NA,NA,NA,0,NA,NA,NA,NA,NA,NA,OL,NA,NA,NA,NA,NA,NA,NA,NA,NA,NA,NA,0,NA,Career,1,0,Iowa,1,NA,NA,NA,NA,NA,NA,0,NA,NA,NA
3235,Jamey Richard,10,48,3.333333333,Career,NA,0,NA,NA,NA,0,0,0,NA,NA,NA,NA,NA,NA,NA,0,NA,NA,NA,NA,NA,NA,OL,NA,NA,NA,NA,NA,NA,NA,NA,NA,NA,NA,0,NA,Career,3,0,Buffalo,3,NA,NA,NA,NA,NA,0,NA,NA,NA,NA
3346,Jon Runyan,105,207,8.115942029,Career,NA,NA,NA,NA,NA,NA,NA,NA,NA,NA,NA,NA,NA,NA,NA,NA,NA,NA,NA,NA,1,NA,OL,NA,NA,0,0,NA,0,1,0,-9,-9,0,NA,NA,Career,NA,NA,Michigan,NA,NA,NA,321,-9,-9,NA,NA,NA,NA,NA
3363,Rodger Saffold,61,130,7.507692308,Career,NA,0,NA,NA,NA,0,0,0,NA,NA,NA,NA,NA,NA,NA,0,NA,NA,NA,NA,NA,NA,OL,NA,NA,NA,NA,NA,NA,NA,NA,NA,NA,NA,0,NA,Career,1,0,Indiana,1,NA,NA,NA,NA,NA,0,NA,NA,NA,NA
3367,Ty Sambrailo,9,57,2.526315789,Career,NA,1,NA,NA,NA,0,0,0,NA,0,0,NA,NA,NA,NA,0,NA,NA,NA,NA,1,NA,OL,NA,NA,0,0,NA,0,1,0,11,11,0,0,NA,Career,2,0,Colorado State,3,NA,NA,315,11,11,0,0,NA,NA,NA
3373,Garrison Sanborn,11,163,1.079754601,Career,NA,1,NA,NA,NA,0,0,0,NA,NA,NA,NA,NA,NA,NA,0,NA,NA,NA,NA,NA,NA,OL,NA,NA,NA,NA,NA,NA,NA,NA,NA,NA,NA,0,NA,Career,3,0,Florida State,4,NA,NA,NA,NA,NA,0,NA,NA,NA,NA
3392,Samson Satele,56,118,7.593220339,NA,NA,0,NA,NA,NA,0,0,0,NA,NA,NA,NA,NA,NA,NA,0,NA,NA,NA,NA,NA,NA,OL,NA,NA,NA,NA,NA,NA,NA,NA,NA,NA,NA,0,NA,Career,1,0,Hawaii,1,NA,NA,NA,NA,NA,0,NA,NA,NA,Career
3414,Michael Schofield,32,76,6.736842105,Career,NA,0,NA,NA,NA,0,0,0,NA,0,0,NA,NA,NA,NA,0,NA,NA,NA,NA,NA,NA,OL,NA,NA,NA,NA,NA,NA,NA,NA,NA,NA,NA,0,NA,Career,2,0,Michigan,2,NA,NA,304,NA,NA,0,0,NA,NA,NA
3419,Brian Schwenke,15,60,4,Career,NA,1,NA,NA,NA,0,0,NA,NA,0,0,NA,NA,NA,NA,0,NA,NA,NA,NA,NA,NA,OL,NA,NA,NA,NA,NA,NA,NA,NA,NA,NA,NA,0,NA,Career,0,0,California,1,NA,NA,NA,NA,NA,NA,0,NA,NA,NA
3420,Geoff Schwartz,18,74,3.891891892,Career,NA,NA,NA,NA,NA,NA,NA,NA,NA,NA,NA,NA,NA,NA,NA,NA,NA,NA,NA,NA,1,NA,OL,NA,NA,NA,NA,NA,NA,1,0,3,3,0,NA,NA,Career,NA,NA,Oregon,NA,NA,NA,NA,3,3,NA,NA,NA,NA,NA
3439,Arron Sears,15,31,7.741935484,NA,NA,0,NA,NA,NA,0,0,0,NA,NA,NA,NA,NA,NA,NA,0,NA,NA,NA,NA,NA,NA,OL,NA,NA,NA,NA,NA,NA,NA,NA,NA,NA,NA,0,NA,Career,1,0,Tennessee,1,NA,NA,NA,NA,NA,0,NA,NA,NA,Career
3456,Isaac Seumalo,15,52,4.615384615,Career,NA,0,NA,NA,NA,0,0,0,NA,0,0,NA,NA,NA,NA,0,NA,NA,NA,NA,NA,NA,OL,NA,NA,NA,NA,NA,NA,NA,NA,NA,NA,NA,0,NA,Career,3,0,Oregon State,3,NA,NA,298,NA,NA,0,0,NA,NA,NA
3485,Derek Sherrod,3,20,2.4,Career,NA,0,NA,NA,NA,0,0,0,NA,NA,NA,NA,NA,NA,NA,0,NA,NA,NA,NA,NA,NA,OL,NA,NA,NA,NA,NA,NA,NA,NA,NA,NA,NA,0,NA,Career,3,0,Mississippi State,3,NA,NA,NA,NA,NA,0,NA,NA,NA,NA
3491,A.Q. Shipley,34,105,5.180952381,2005,NA,3,NA,NA,NA,0,0,0,12,0,0,NA,NA,NA,NA,0,NA,NA,NA,NA,NA,NA,OL,NA,NA,NA,NA,NA,NA,NA,NA,NA,NA,NA,2,NA,2005,2,2,Penn State,5,NA,NA,NA,NA,NA,0,0,NA,NA,NA
3592,Tyron Smith,93,131,11.35877863,2010,NA,NA,NA,NA,NA,NA,NA,NA,12,0,0,NA,NA,NA,NA,NA,NA,NA,NA,NA,NA,NA,OL,NA,NA,NA,NA,NA,NA,NA,NA,NA,NA,NA,NA,NA,2010,NA,NA,USC,NA,NA,NA,NA,NA,NA,NA,0,NA,NA,NA
3596,Willie Smith,6,29,3.310344828,Career,NA,5,NA,NA,NA,1,0,0,NA,NA,NA,NA,NA,NA,NA,0,NA,NA,NA,NA,NA,NA,OL,NA,NA,NA,NA,NA,NA,NA,NA,NA,NA,NA,0,NA,Career,3,1,East Carolina,8,NA,NA,NA,NA,NA,0,NA,NA,NA,NA
3607,Nate Solder,78,130,9.6,2010,NA,NA,NA,NA,NA,NA,NA,NA,NA,0,0,NA,NA,NA,NA,NA,NA,NA,NA,NA,NA,NA,OL,NA,NA,NA,NA,NA,NA,NA,NA,NA,NA,NA,NA,NA,2010,NA,NA,Colorado,NA,NA,NA,NA,NA,NA,NA,0,NA,NA,NA
3615,Bradley Sowell,17,106,2.566037736,Career,NA,0,NA,0,0,0,0,0,NA,0,0,NA,0,0,NA,0,NA,NA,NA,NA,NA,6,OL,0,NA,NA,NA,NA,NA,NA,NA,NA,NA,NA,0,0,Career,2,0,Ole Miss,2,1,0,NA,NA,NA,0,0,NA,NA,NA
3620,Quinton Spain,26,66,6.303030303,Career,NA,0,NA,NA,NA,0,0,NA,NA,0,0,NA,NA,NA,NA,0,NA,NA,NA,NA,NA,NA,OL,NA,NA,NA,NA,NA,NA,NA,NA,NA,NA,NA,0,NA,Career,2,0,West Virginia,2,NA,NA,332,NA,NA,NA,0,NA,NA,NA
3639,Jason Spitz,25,75,5.333333333,NA,NA,0,NA,NA,NA,0,0,0,NA,NA,NA,NA,NA,NA,NA,0,NA,NA,NA,NA,NA,NA,OL,NA,NA,NA,NA,NA,NA,NA,NA,NA,NA,NA,0,NA,Career,2,0,Louisville,2,NA,NA,NA,NA,NA,0,NA,NA,NA,Career
3640,Jason Spriggs,8,36,3.555555556,Career,NA,0,NA,NA,NA,0,0,0,NA,0,0,NA,NA,NA,NA,0,NA,NA,NA,NA,NA,NA,OL,NA,NA,NA,NA,NA,NA,NA,NA,NA,NA,NA,0,NA,Career,2,0,Indiana,2,NA,NA,305,NA,NA,0,0,NA,NA,NA
3669,Donald Stephenson,20,80,4,Career,NA,1,NA,NA,NA,0,0,0,NA,NA,NA,NA,NA,NA,NA,0,NA,NA,NA,NA,NA,NA,OL,NA,NA,NA,NA,NA,NA,NA,NA,NA,NA,NA,0,NA,Career,0,0,Oklahoma,1,NA,NA,NA,NA,NA,0,NA,NA,NA,NA
3689,Jon Stinchcomb,49,90,8.711111111,NA,NA,NA,NA,NA,NA,NA,NA,NA,NA,NA,NA,NA,NA,NA,NA,NA,NA,NA,NA,NA,NA,6,OL,NA,NA,NA,NA,NA,NA,NA,NA,NA,NA,NA,NA,NA,Career,NA,NA,Georgia,NA,1,NA,NA,NA,NA,NA,NA,NA,NA,Career
3694,Bryan Stork,11,21,8.380952381,Career,NA,0,NA,NA,NA,0,0,0,NA,0,0,NA,NA,NA,NA,0,NA,NA,NA,NA,NA,NA,OL,NA,NA,NA,NA,NA,NA,NA,NA,NA,NA,NA,0,NA,Career,3,0,Florida State,3,NA,NA,300,NA,NA,0,0,NA,NA,NA
3699,Zach Strief,62,158,6.278481013,NA,NA,1,NA,NA,NA,0,0,0,NA,NA,NA,NA,NA,NA,NA,0,NA,NA,NA,NA,NA,NA,OL,NA,NA,NA,NA,NA,NA,NA,NA,NA,NA,NA,0,NA,Career,0,0,Northwestern,1,NA,NA,NA,NA,NA,0,NA,NA,NA,Career
3727,Travis Swanson,26,65,6.4,Career,NA,0,NA,NA,NA,0,0,0,NA,NA,NA,NA,NA,NA,NA,0,NA,NA,NA,NA,NA,NA,OL,NA,NA,NA,NA,NA,NA,NA,NA,NA,NA,NA,0,NA,Career,1,0,Arkansas,1,NA,NA,318,NA,NA,0,NA,NA,NA,NA
3763,Herbert Taylor,1,20,0.8,NA,NA,1,NA,NA,NA,0,0,0,NA,NA,NA,NA,NA,NA,NA,0,NA,NA,NA,NA,NA,NA,OL,NA,NA,NA,NA,NA,NA,NA,NA,NA,NA,NA,0,NA,Career,0,0,Texas Christian,1,NA,NA,NA,NA,NA,0,NA,NA,NA,Career
3812,Joe Thomas,11,67,2.626865672,Career,NA,2,NA,NA,NA,0,0,0,NA,0,0,NA,NA,NA,NA,0,NA,NA,NA,NA,NA,NA,OL,NA,NA,NA,NA,NA,NA,NA,NA,NA,NA,NA,0,NA,Career,1,0,Pitt,3,NA,NA,NA,NA,NA,0,0,NA,NA,NA
3839,Hugh Thornton,17,37,7.351351351,Career,NA,2,NA,NA,NA,0,0,0,NA,NA,NA,NA,NA,NA,NA,0,NA,NA,NA,NA,NA,NA,OL,NA,NA,NA,NA,NA,NA,NA,NA,NA,NA,NA,0,NA,Career,1,0,Illinois,3,NA,NA,NA,NA,NA,0,NA,NA,NA,NA
3849,Carson Tinker,4,69,0.927536232,Career,NA,1,NA,NA,NA,0,0,NA,NA,0,0,NA,NA,NA,NA,0,NA,NA,NA,NA,NA,NA,OL,NA,NA,NA,NA,NA,NA,NA,NA,NA,NA,NA,0,NA,Career,1,0,Alabama,2,NA,NA,NA,NA,NA,NA,0,NA,NA,NA
3910,Robert Turner,10,64,2.5,NA,NA,1,NA,NA,NA,0,0,0,NA,NA,NA,NA,NA,NA,NA,0,NA,NA,NA,NA,NA,NA,OL,NA,NA,NA,NA,NA,NA,NA,NA,NA,NA,NA,0,NA,Career,1,0,New Mexico,2,NA,NA,NA,NA,NA,0,NA,NA,NA,Career
3921,Max Unger,81,130,9.969230769,Career,NA,1,NA,NA,NA,0,0,0,NA,NA,NA,NA,NA,NA,NA,0,NA,NA,NA,NA,NA,NA,OL,NA,NA,NA,NA,NA,NA,NA,NA,NA,NA,NA,0,NA,Career,0,0,Oregon,1,NA,NA,NA,NA,NA,0,NA,NA,NA,NA
3926,Kraig Urbik,31,100,4.96,Career,NA,0,NA,NA,NA,0,0,0,NA,NA,NA,NA,NA,NA,NA,0,NA,NA,NA,NA,NA,NA,OL,NA,NA,NA,NA,NA,NA,NA,NA,NA,NA,NA,0,NA,Career,1,0,Wisconsin,1,NA,NA,NA,NA,NA,0,NA,NA,NA,NA
3936,Steve Vallos,7,59,1.898305085,NA,NA,0,NA,NA,NA,0,0,0,NA,NA,NA,NA,NA,NA,NA,0,NA,NA,NA,NA,NA,NA,OL,NA,NA,NA,NA,NA,NA,NA,NA,NA,NA,NA,0,NA,Career,1,0,Wake Forest,1,NA,NA,NA,NA,NA,0,NA,NA,NA,Career
3946,Louis Vasquez,65,102,10.19607843,Career,NA,0,NA,NA,NA,0,0,0,NA,NA,NA,NA,NA,NA,NA,0,NA,NA,NA,NA,NA,NA,OL,NA,NA,NA,NA,NA,NA,NA,NA,NA,NA,NA,0,NA,Career,2,0,Texas Tech,2,NA,NA,NA,NA,NA,0,NA,NA,NA,NA
3973,Sebastian Vollmer,59,88,10.72727273,Career,NA,0,NA,NA,NA,0,0,0,NA,NA,NA,NA,NA,NA,NA,0,NA,NA,NA,NA,NA,NA,OL,NA,NA,NA,NA,NA,NA,NA,NA,NA,NA,NA,0,NA,Career,3,0,Houston,3,NA,NA,NA,NA,NA,0,NA,NA,NA,NA
4012,J.D. Walton,24,56,6.857142857,Career,NA,0,NA,NA,NA,0,0,0,NA,NA,NA,NA,NA,NA,NA,0,NA,NA,NA,NA,NA,NA,OL,NA,NA,NA,NA,NA,NA,NA,NA,NA,NA,NA,0,NA,Career,1,0,Baylor,1,NA,NA,NA,NA,NA,0,NA,NA,NA,NA
4052,Danny Watkins,9,24,6,Career,NA,0,NA,NA,NA,0,0,0,NA,NA,NA,NA,NA,NA,NA,0,NA,NA,NA,NA,NA,NA,OL,NA,NA,NA,NA,NA,NA,NA,NA,NA,NA,NA,0,NA,Career,1,0,Baylor,1,NA,NA,NA,NA,NA,0,NA,NA,NA,NA
4111,Guy Whimper,14,78,2.871794872,NA,NA,0,NA,0,0,NA,1,1,NA,0,0,NA,0,0,NA,NA,NA,NA,NA,NA,NA,6,OL,0,NA,NA,NA,NA,NA,NA,NA,NA,NA,NA,0,0,Career,1,0,East Carolina,1,1,0,NA,NA,NA,7,0,NA,NA,Career
4117,Cody Whitehair,27,64,6.75,Career,NA,1,NA,NA,NA,0,0,NA,NA,0,0,NA,NA,NA,NA,0,NA,NA,NA,NA,NA,NA,OL,NA,NA,NA,NA,NA,NA,NA,NA,NA,NA,NA,0,NA,Career,0,0,Kansas State,1,NA,NA,305,NA,NA,NA,0,NA,NA,NA
4139,Kenny Wiggins,21,75,4.48,Career,NA,0,NA,NA,NA,NA,NA,NA,NA,0,0,NA,NA,NA,NA,NA,NA,NA,NA,NA,1,NA,OL,NA,NA,NA,NA,NA,NA,1,0,-3,-3,0,0,NA,Career,2,0,Fresno State,2,NA,NA,NA,-3,-3,NA,0,NA,NA,NA
4150,Elijah Wilkinson,9,36,4,Career,NA,2,NA,NA,NA,0,0,NA,NA,0,0,NA,NA,NA,NA,0,NA,NA,NA,NA,NA,NA,OL,NA,NA,NA,NA,NA,NA,NA,NA,NA,NA,NA,0,NA,Career,2,0,Massachusetts,4,NA,NA,329,NA,NA,NA,0,NA,NA,NA
4178,Edwin Williams,6,29,3.310344828,Career,NA,0,NA,NA,NA,0,0,0,NA,NA,NA,NA,NA,NA,NA,0,NA,NA,NA,NA,NA,NA,OL,NA,NA,NA,NA,NA,NA,NA,NA,NA,NA,NA,0,NA,Career,2,0,Maryland,2,NA,NA,NA,NA,NA,0,NA,NA,NA,NA
4179,Garry Williams,11,41,4.292682927,Career,NA,0,NA,NA,NA,0,0,0,NA,NA,NA,NA,NA,NA,NA,0,NA,NA,NA,NA,NA,NA,OL,NA,NA,NA,NA,NA,NA,NA,NA,NA,NA,NA,0,NA,Career,1,0,Kentucky,1,NA,NA,NA,NA,NA,0,NA,NA,NA,NA
4203,Mike Williams,13,56,3.714285714,Career,NA,0,NA,NA,NA,1,0,0,NA,NA,NA,NA,NA,NA,NA,0,NA,NA,NA,NA,NA,NA,OL,NA,NA,NA,NA,NA,NA,NA,NA,NA,NA,NA,0,NA,Career,6,0,Middle Tennessee State,6,NA,NA,NA,NA,NA,0,NA,NA,NA,NA
4224,Trent Williams,78,120,10.4,Career,NA,2,NA,NA,NA,0,0,0,NA,NA,NA,NA,NA,NA,NA,0,NA,NA,NA,NA,NA,NA,OL,NA,NA,NA,NA,NA,NA,NA,NA,NA,NA,NA,0,NA,Career,3,0,Oklahoma,5,NA,NA,NA,NA,NA,0,NA,NA,NA,NA
4280,Eric Wood,57,120,7.6,Career,NA,2,NA,NA,NA,0,0,0,NA,NA,NA,NA,NA,NA,NA,0,NA,NA,NA,NA,NA,NA,OL,NA,NA,NA,NA,NA,NA,NA,NA,NA,NA,NA,0,NA,Career,2,0,Louisville,4,NA,NA,NA,NA,NA,0,NA,NA,NA,NA
4323,Christian Yount,3,60,0.8,Career,NA,3,NA,NA,NA,0,0,0,NA,NA,NA,NA,NA,NA,NA,0,NA,NA,NA,NA,NA,NA,OL,NA,NA,NA,NA,NA,NA,NA,NA,NA,NA,NA,0,NA,Career,1,0,UCLA,4,NA,NA,NA,NA,NA,0,NA,NA,NA,NA
4342,Jeremy Zuttah,56,131,6.839694656,Career,NA,NA,NA,NA,NA,NA,NA,NA,NA,NA,NA,NA,NA,NA,NA,NA,NA,NA,NA,NA,1,NA,OL,NA,NA,NA,NA,NA,NA,1,0,13,13,0,NA,NA,Career,NA,NA,Rutgers,NA,NA,NA,NA,13,13,NA,NA,NA,NA,NA
385,Luke Bowanko,8,46,2.782608696,Career,NA,1,NA,NA,NA,0,0,NA,NA,0,0,NA,NA,NA,NA,0,NA,NA,NA,NA,NA,NA,G,NA,NA,NA,NA,NA,NA,NA,NA,NA,NA,NA,0,NA,Career,0,0,Virginia,1,NA,NA,300,NA,NA,NA,0,NA,NA,NA
611,A.J. Cann,31,76,6.526315789,Career,NA,0,NA,NA,NA,0,0,0,NA,0,0,NA,NA,NA,NA,0,NA,NA,NA,NA,NA,NA,G,NA,NA,NA,NA,NA,NA,NA,NA,NA,NA,NA,0,NA,Career,2,0,South Carolina,2,NA,NA,311,NA,NA,0,0,NA,NA,NA
3005,Lucas Patrick,5,40,2,Career,NA,0,NA,NA,NA,0,0,NA,NA,0,0,NA,NA,NA,NA,0,NA,NA,NA,NA,NA,NA,G,NA,NA,NA,NA,NA,NA,NA,NA,NA,NA,NA,0,NA,Career,1,0,Duke,1,NA,NA,305,NA,NA,NA,0,NA,NA,NA
3334,Chase Roullier,15,43,5.581395349,Career,NA,0,NA,NA,NA,0,0,NA,NA,0,0,NA,NA,NA,NA,0,NA,NA,NA,NA,NA,NA,G,NA,NA,NA,NA,NA,NA,NA,NA,NA,NA,NA,0,NA,Career,4,0,Wyoming,4,NA,NA,312,NA,NA,NA,0,NA,NA,NA
3466,Tyler Shatley,10,76,2.105263158,Career,NA,11,NA,NA,NA,0,1,0,NA,0,0,NA,NA,NA,NA,1,NA,NA,NA,NA,NA,NA,G,NA,NA,NA,NA,NA,NA,NA,NA,NA,NA,NA,1,NA,Career,17,1.5,Clemson,28,NA,NA,295,NA,NA,0,0,NA,NA,NA
3779,Wyatt Teller,6,23,4.173913043,Career,NA,0,NA,NA,NA,0,0,NA,NA,0,0,NA,NA,NA,NA,0,NA,NA,NA,NA,NA,NA,G,NA,NA,NA,NA,NA,NA,NA,NA,NA,NA,NA,0,NA,Career,1,0,Virginia Tech,1,NA,NA,315,NA,NA,NA,0,NA,NA,NA
3844,Joe Thuney,38,64,9.5,Career,NA,0,NA,NA,NA,0,0,NA,NA,0,0,NA,NA,NA,NA,0,NA,NA,NA,NA,NA,NA,G,NA,NA,NA,NA,NA,NA,NA,NA,NA,NA,NA,0,NA,Career,2,0,North Carolina State,2,NA,NA,295,NA,NA,NA,0,NA,NA,NA
801,Jack Conklin,36,57,10.10526316,Career,NA,1,NA,NA,NA,0,0,NA,NA,0,0,NA,NA,NA,NA,0,NA,NA,NA,NA,NA,NA,T,NA,NA,NA,NA,NA,NA,NA,NA,NA,NA,NA,0,NA,Career,2,0,Michigan State,3,NA,NA,325,NA,NA,NA,0,NA,NA,NA
3423,Wes Schweitzer,20,46,6.956521739,Career,NA,0,NA,NA,NA,0,0,NA,NA,0,0,NA,NA,NA,NA,0,NA,NA,NA,NA,NA,NA,T,NA,NA,NA,NA,NA,NA,NA,NA,NA,NA,NA,0,NA,Career,2,0,San Jose State,2,NA,NA,314,NA,NA,NA,0,NA,NA,NA
3995,Josh Walker,3,22,2.181818182,Career,NA,0,NA,NA,NA,0,0,NA,NA,0,0,NA,NA,NA,NA,0,NA,NA,NA,NA,NA,NA,T,NA,NA,NA,NA,NA,NA,NA,NA,NA,NA,NA,0,NA,Career,1,0,UTSA,1,NA,NA,305,NA,NA,NA,0,NA,NA,NA