2,Ameer Abdullah,13,58,3.586206897,Career,0,0,0,0,0,0,0,NA,NA,0,0,0,1,NA,1,0,0,0,0,0,886,288,RB,1,0,7,690,9.5,73,813,39,4588,5.6,46,0,NA,Career,1,0,Nebraska,1,48,NA,195,5278,6,NA,0,NA,NA,NA
19,Josh Adams,3,17,2.823529412,Career,NA,0,NA,NA,NA,NA,NA,NA,NA,0,0,NA,NA,NA,NA,NA,NA,NA,NA,NA,630,138,RB,NA,NA,1,611,7.2,85,545,22,2212,4.1,23,0,NA,Career,2,0,Wake Forest,2,23,NA,212,2823,4.5,NA,0,NA,NA,NA
28,Joseph Addai,54,78,11.07692308,NA,NA,1,NA,NA,NA,NA,NA,NA,NA,0,0,NA,0,NA,NA,NA,NA,NA,NA,NA,556,144,RB,NA,NA,6,641,9.7,66,490,18,2576,5.3,24,0,NA,Career,0,0,LSU,1,24,NA,NA,3217,5.8,NA,0,NA,NA,Career
44,Jay Ajayi,20,45,7.111111111,Career,NA,0,NA,0,0,0,0,NA,NA,0,0,NA,0,NA,NA,0,NA,NA,NA,NA,751,330,RB,0,NA,5,771,10.6,73,678,50,3796,5.6,55,0,NA,Career,2,1,Boise State,2,55,NA,216,4567,6.1,NA,0,NA,NA,NA
62,Shaun Alexander,79,123,10.27642276,NA,0,NA,0,NA,NA,NA,NA,NA,NA,NA,NA,0,1,NA,2,NA,0,0,0,0,789,300,RB,NA,0,8,798,12.9,62,727,41,3565,4.9,49,NA,NA,Career,NA,NA,Alabama,NA,50,NA,NA,4363,5.5,NA,NA,NA,NA,Career
67,Anthony Allen,1,21,0.761904762,Career,NA,4,NA,0,0,0,0,0,NA,0,0,NA,0,0,NA,0,NA,NA,NA,NA,579,228,RB,0,NA,5,401,12.2,33,546,33,3036,5.6,38,0,0,Career,5,0,Overall,9,38,0,NA,3437,5.9,0,0,NA,NA,NA
69,Armando Allen,1,17,0.941176471,Career,12.7,1,3,NA,NA,NA,NA,NA,NA,0,0,0,1,NA,3,NA,100,1,18,6,588,72,RB,0,260.4,3,833,7,119,469,8,2144,4.6,11,0,NA,Career,2,0,Notre Dame,3,12,NA,NA,2977,5.1,NA,0,NA,NA,NA
76,Javorius Allen,14,64,3.5,Career,NA,2,NA,0,0,0,0,NA,NA,0,0,NA,0,NA,NA,0,NA,NA,NA,NA,480,162,RB,0,NA,2,710,11.3,63,417,25,2306,5.5,27,0,NA,Career,0,0,USC,2,27,NA,220,3016,6.3,NA,0,NA,NA,NA
101,C.J. Anderson,28,71,6.309859155,Career,0,1,0,NA,NA,0,0,NA,NA,0,0,0,0,NA,1,0,0,0,0,0,220,84,RB,NA,0,2,350,15.9,22,198,12,1135,5.7,14,0,NA,Career,0,0,California,1,14,NA,NA,1485,6.8,NA,0,NA,NA,NA
106,Deon Anderson,1,39,0.41025641,NA,NA,4,NA,NA,NA,NA,NA,NA,NA,0,0,NA,0,NA,NA,NA,NA,NA,NA,NA,162,24,RB,NA,NA,3,394,8.2,48,114,1,420,3.7,4,0,NA,Career,5,0,Connecticut,9,4,NA,NA,814,5,NA,0,NA,NA,Career
117,Antonio Andrews,4,34,1.882352941,Career,37,1,1,0,0,0,0,NA,NA,0,0,0,0,NA,1,0,100,0,37,37,703,198,RB,1,410.8,3,963,11.3,85,618,29,3674,5.9,32,0,NA,Career,3,0,Western Kentucky,4,33,NA,211,4637,6.6,NA,0,NA,NA,NA
132,Dri Archer,0,20,0,Career,44,0,1,0,0,0,0,NA,NA,0,0,0,4,NA,1,0,100,1,24,24,424,240,RB,0,631.6,12,1194,12.1,99,325,24,2342,7.2,36,0,NA,Career,3,0,Kent State,3,40,NA,175,3536,8.3,NA,0,NA,NA,NA
143,J.J. Arrington,12,58,3.310344828,NA,NA,NA,NA,NA,NA,NA,NA,NA,NA,NA,NA,NA,0,NA,NA,NA,NA,NA,NA,NA,438,138,RB,NA,NA,3,299,7.1,42,396,20,2625,6.6,23,NA,NA,Career,NA,NA,California,NA,23,NA,NA,2924,6.7,NA,NA,NA,NA,Career
145,Cameron Artis-Payne,5,32,2.5,Career,NA,0,NA,0,0,0,0,NA,NA,0,0,NA,0,NA,NA,0,NA,NA,NA,NA,408,114,RB,0,NA,0,151,10.8,14,394,19,2218,5.6,19,0,NA,Career,1,0,Auburn,1,19,NA,210,2369,5.8,NA,0,NA,NA,NA
148,Matt Asiata,14,74,3.027027027,Career,19,1,2,NA,NA,NA,NA,NA,NA,0,0,0,NA,NA,4,NA,50,2,36,9,433,156,RB,NA,290.6,2,394,7.3,54,379,24,1748,4.6,26,0,NA,Career,2,0,Utah,3,26,NA,NA,2142,4.9,NA,0,NA,NA,NA
149,B.J. Askew,4,83,0.771084337,NA,NA,NA,NA,NA,NA,NA,NA,NA,NA,NA,NA,NA,0,NA,NA,NA,NA,NA,NA,NA,412,126,RB,NA,NA,4,728,9.3,78,334,17,1509,4.5,21,NA,NA,Career,NA,NA,Michigan,NA,21,NA,NA,2237,5.4,NA,NA,NA,NA,Career
206,Kalen Ballage,3,24,2,Career,12.5,1,3,0,0,0,0,NA,NA,0,0,0,0,NA,4,0,75,1,30,7.5,532,178,RB,0,220.5,2,684,8.3,82,450,27,1984,4.4,29,0,NA,Career,0,0,Arizona State,1,29,2,230,2668,5,NA,0,NA,NA,NA
207,Lance Ball,7,42,2.666666667,Career,NA,0,NA,NA,NA,NA,NA,NA,NA,0,0,NA,NA,NA,NA,NA,NA,NA,NA,NA,596,156,RB,NA,NA,0,301,6.4,47,549,26,2487,4.5,26,0,NA,Career,2,0,Maryland,2,26,NA,NA,2788,4.7,NA,0,NA,NA,NA
209,Montee Ball,8,21,6.095238095,Career,38.5,1,2,NA,NA,0,0,NA,NA,0,0,0,0,NA,2,0,100,1,57,28.5,983,498,RB,NA,504.4,6,598,10.1,59,924,77,5140,5.6,83,0,NA,Career,1,0,Wisconsin,2,83,NA,NA,5738,5.8,NA,0,NA,NA,NA
210,Vick Ballard,5,17,4.705882353,Career,NA,0,NA,NA,NA,NA,NA,NA,NA,0,0,NA,NA,NA,NA,NA,NA,NA,NA,NA,409,186,RB,NA,NA,2,293,9.8,30,379,29,2157,5.7,31,0,NA,Career,1,0,Mississippi State,1,31,NA,NA,2450,6,NA,0,NA,NA,NA
217,Joe Banyard,1,27,0.592592593,Career,NA,13,NA,NA,NA,NA,NA,NA,NA,0,0,NA,0,NA,NA,NA,NA,NA,NA,NA,265,84,RB,NA,NA,0,174,6,29,236,14,1455,6.2,14,0,NA,Career,11,0,UTEP,24,14,NA,NA,1629,6.1,NA,0,NA,NA,NA
221,Peyton Barber,13,63,3.301587302,Career,NA,0,NA,0,0,0,0,NA,NA,0,0,NA,0,NA,NA,0,NA,NA,NA,NA,259,78,RB,0,NA,0,112,10.2,11,248,13,1071,4.3,13,0,NA,Career,2,0,Auburn,2,13,NA,225,1183,4.6,NA,0,NA,NA,NA
225,Saquon Barkley,23,29,12.68965517,Career,28,0,2,0,0,0,0,NA,NA,0,0,0,2,NA,2,0,100,1,36,18,773,318,RB,0,416.2,8,1195,11.7,102,671,43,3843,5.7,51,0,NA,Career,1,0,Penn State,1,53,NA,230,5038,6.5,NA,0,NA,NA,NA
227,Darian Barnes,1,75,0.213333333,NA,NA,NA,NA,NA,NA,NA,NA,NA,NA,NA,NA,NA,NA,NA,NA,NA,NA,NA,NA,NA,20,NA,RB,NA,NA,NA,NA,NA,NA,20,0,50,2.5,0,NA,NA,Career,NA,NA,Rutgers,NA,NA,NA,NA,50,2.5,NA,NA,NA,NA,Career
230,Kenjon Barner,4,68,0.941176471,Career,NA,0,NA,NA,NA,NA,NA,NA,NA,0,0,NA,1,NA,NA,NA,NA,NA,NA,NA,636,300,RB,1,NA,7,591,10.9,54,582,41,3623,6.2,48,0,NA,Career,8,0,Oregon,8,50,NA,NA,4214,6.6,NA,0,NA,NA,NA
237,Anthony Barr,53,85,9.976470588,Career,NA,47,NA,0,0,6,4,NA,NA,0,0,NA,0,NA,NA,1,NA,NA,NA,NA,27,12,RB,0,NA,1,82,6.8,12,15,1,54,3.6,2,23.5,NA,Career,105,41.5,UCLA,152,2,NA,248,136,5,NA,0,NA,NA,NA
259,Jackie Battle,7,96,1.166666667,NA,NA,0,NA,NA,NA,NA,NA,NA,NA,0,0,NA,0,NA,NA,NA,NA,NA,NA,NA,447,186,RB,NA,NA,0,45,7.5,6,441,31,2120,4.8,31,0,NA,Career,2,0,Houston,2,31,NA,NA,2165,4.8,NA,0,NA,NA,Career
277,Kahlil Bell,5,30,2.666666667,Career,0,0,0,NA,NA,NA,NA,NA,NA,0,0,0,0,NA,1,NA,0,0,0,0,424,108,RB,NA,0,1,196,6.8,29,395,17,1741,4.4,18,0,NA,Career,5,0,UCLA,5,18,NA,NA,1937,4.6,NA,0,NA,NA,NA
278,Le'Veon Bell,65,77,13.50649351,Career,29,0,1,NA,NA,0,0,NA,NA,0,0,0,0,NA,1,0,100,0,29,29,749,204,RB,0,343.6,1,531,6.8,78,671,33,3346,5,34,0,NA,Career,1,0,Michigan State,1,34,NA,NA,3877,5.2,NA,0,NA,NA,NA
281,Tatum Bell,23,54,6.814814815,NA,NA,NA,NA,NA,NA,NA,NA,NA,NA,NA,NA,NA,NA,NA,NA,NA,NA,NA,NA,NA,670,216,RB,NA,NA,2,258,7.2,36,634,34,3409,5.4,36,NA,NA,Career,NA,NA,Oklahoma State,NA,36,NA,NA,3667,5.5,NA,NA,NA,NA,Career
294,Cedric Benson,39,96,6.5,NA,NA,NA,NA,NA,NA,NA,NA,NA,NA,NA,NA,NA,NA,NA,NA,NA,NA,NA,NA,NA,1181,402,RB,NA,NA,3,621,9,69,1112,64,5540,5,67,NA,NA,Career,NA,NA,Texas,NA,67,NA,NA,6161,5.2,NA,NA,NA,NA,Career
303,Giovani Bernard,42,99,6.787878788,Career,NA,1,NA,NA,NA,NA,NA,NA,NA,0,0,NA,NA,NA,NA,NA,NA,NA,NA,NA,515,198,RB,2,NA,6,852,9.3,92,423,25,2481,5.9,31,0,NA,Career,0,0,North Carolina,1,33,NA,NA,3333,6.5,NA,0,NA,NA,NA
312,Jahvid Best,13,22,9.454545455,Career,NA,5,NA,NA,NA,NA,NA,NA,NA,0,0,NA,0,NA,NA,NA,NA,NA,NA,NA,426,210,RB,NA,NA,6,533,8.6,62,364,29,2668,7.3,35,0,NA,Career,10,0,California,15,35,NA,NA,3201,7.5,NA,0,NA,NA,NA
315,Ladell Betts,37,111,5.333333333,NA,23,NA,1,NA,NA,NA,NA,NA,NA,NA,NA,0,0,NA,1,NA,100,0,23,23,904,162,RB,NA,293.2,2,702,9.8,72,832,25,3686,4.4,27,NA,NA,Career,NA,NA,Iowa,NA,27,NA,NA,4388,4.9,NA,NA,NA,NA,Career
316,Kapri Bibbs,3,28,1.714285714,Career,NA,1,NA,0,0,0,0,NA,NA,0,0,NA,0,NA,NA,0,NA,NA,NA,NA,289,186,RB,0,NA,0,59,7.4,8,281,31,1741,6.2,31,0,NA,Career,2,0,Colorado State,3,31,NA,203,1800,6.2,NA,0,NA,NA,NA
345,Alfred Blue,19,72,4.222222222,2010,NA,3,NA,NA,NA,1,0,NA,11,0,0,NA,NA,NA,NA,0,NA,NA,NA,NA,21,6,RB,0,NA,0,1,1,1,20,1,101,5.1,1,0,NA,2010,2,0,LSU,5,1,NA,222,102,4.9,NA,0,NA,NA,NA
353,Tommy Bohanon,1,68,0.235294118,Career,NA,2,NA,NA,NA,NA,NA,NA,NA,0,0,NA,NA,NA,NA,NA,NA,NA,NA,NA,NA,60,RB,NA,NA,NA,NA,NA,NA,NA,NA,NA,NA,NA,0,NA,Career,3,0,Wake Forest,5,10,NA,NA,NA,NA,NA,0,NA,NA,NA
357,Brandon Bolden,12,114,1.684210526,Career,12.3,2,3,NA,NA,NA,NA,NA,NA,0,0,0,0,NA,4,NA,75,0,49,12.3,562,198,RB,NA,177.9,6,807,10.6,76,486,27,2594,5.3,33,0,NA,Career,12,0,Ole Miss,14,33,NA,NA,3401,6.1,NA,0,NA,NA,NA
359,Brock Bolen,0,20,0,Career,NA,2,NA,NA,NA,NA,NA,NA,NA,0,0,NA,0,NA,NA,NA,NA,NA,NA,NA,301,120,RB,NA,NA,4,256,8.5,30,271,16,1308,4.8,20,0,NA,Career,0,0,Overall,2,20,NA,NA,1564,5.2,NA,0,NA,NA,NA
365,Devontae Booker,12,61,3.147540984,Career,45,1,1,0,0,0,0,NA,NA,0,0,0,0,NA,1,0,100,1,25,25,640,138,RB,0,640,2,622,7.8,80,560,21,2773,5,23,0,NA,Career,1,0,Utah,2,23,NA,212,3395,5.3,NA,0,NA,NA,NA
366,Lorenzo Booker,4,36,1.777777778,NA,NA,1,NA,NA,NA,NA,NA,NA,NA,0,0,NA,0,NA,NA,NA,NA,NA,NA,NA,611,102,RB,0,NA,2,995,8.7,114,497,15,2389,4.8,17,0,NA,Career,2,0,Florida State,3,17,NA,NA,3384,5.5,NA,0,NA,NA,Career
370,Mike Boone,2,24,1.333333333,Career,4,1,1,0,0,0,0,NA,NA,0,0,0,0,NA,1,0,100,0,4,4,485,150,RB,0,133.6,1,596,9.2,65,420,24,2250,5.4,25,0,NA,Career,2,0,Cincinnati,3,25,NA,205,2846,5.9,NA,0,NA,NA,NA
402,Allen Bradford,1,19,0.842105263,Career,NA,6,NA,NA,NA,NA,NA,NA,NA,0,0,NA,0,NA,NA,NA,NA,NA,NA,NA,281,120,RB,NA,NA,4,176,12.6,14,267,16,1585,5.9,20,0,NA,Career,15,0,USC,21,20,NA,NA,1761,6.3,NA,0,NA,NA,NA
425,Matt Breida,16,43,5.953488372,Career,NA,2,NA,0,0,0,0,NA,NA,0,0,NA,0,NA,NA,0,NA,NA,NA,NA,564,240,RB,0,NA,3,156,7.1,22,542,37,3740,6.9,40,0,NA,Career,0,0,Georgia Southern,2,40,NA,190,3896,6.9,NA,0,NA,NA,NA
433,Curtis Brinkley,2,23,1.391304348,Career,3,0,1,NA,NA,NA,NA,NA,NA,0,0,0,0,NA,1,NA,100,0,3,3,527,72,RB,NA,125.2,1,321,9.7,33,494,11,2132,4.3,12,0,NA,Career,3,0,Syracuse,3,12,NA,NA,2453,4.7,NA,0,NA,NA,NA
454,Aaron Brown,2,22,1.454545455,Career,NA,NA,NA,NA,NA,NA,NA,NA,NA,NA,NA,NA,1,NA,NA,NA,NA,NA,NA,NA,568,156,RB,0,NA,5,857,10.6,81,487,20,2596,5.3,25,NA,NA,Career,NA,NA,Texas Christian,NA,26,NA,NA,3453,6.1,NA,NA,NA,NA,NA
457,Andre Brown,7,22,5.090909091,Career,-45,0,0,NA,NA,NA,NA,NA,NA,0,0,1,0,NA,1,NA,0,0,0,0,593,144,RB,0,-200,2,631,9,70,523,22,2539,4.9,24,0,NA,Career,1,0,North Carolina State,1,24,NA,NA,3170,5.3,NA,0,NA,NA,NA
462,Bryce Brown,10,42,3.80952381,Career,NA,NA,NA,0,0,NA,NA,NA,NA,NA,NA,NA,0,NA,NA,NA,NA,NA,NA,NA,115,24,RB,0,NA,1,140,12.7,11,104,3,476,4.6,4,NA,0,Career,NA,NA,Overall,NA,4,0,170,616,5.4,NA,NA,NA,NA,NA
469,Donald Brown,28,88,5.090909091,Career,NA,0,NA,NA,NA,NA,NA,NA,NA,0,0,NA,0,NA,NA,NA,NA,NA,NA,NA,746,210,RB,NA,NA,2,276,5.8,48,698,33,3800,5.4,35,0,NA,Career,3,0,Connecticut,3,35,NA,NA,4076,5.5,NA,0,NA,NA,NA
485,Malcolm Brown,6,54,1.777777778,Career,0,2,0,0,0,0,0,0,NA,0,0,0,0,0,2,0,0,0,0,0,219,90,RB,0,0,4,301,20.1,15,204,11,1356,6.6,15,0,0,Career,2,0,Army,4,15,0,NA,1657,7.6,0,0,NA,NA,NA
490,Preston Brown,38,81,7.50617284,Career,NA,NA,NA,NA,NA,NA,NA,NA,NA,NA,NA,NA,0,NA,NA,NA,NA,NA,NA,NA,74,12,RB,NA,NA,1,192,9.6,20,54,1,298,5.5,2,NA,NA,Career,NA,NA,Arkansas State,NA,2,NA,NA,490,6.6,NA,NA,NA,NA,NA
493,Ricky Brown,9,58,2.482758621,NA,NA,NA,NA,NA,NA,NA,NA,NA,NA,NA,NA,NA,0,NA,NA,NA,NA,NA,NA,NA,97,12,RB,NA,NA,0,236,10.3,23,74,2,351,4.7,2,NA,NA,Career,NA,NA,Texas,NA,2,NA,NA,587,6.1,NA,NA,NA,NA,Career
494,Ronnie Brown,48,132,5.818181818,NA,0,NA,0,NA,NA,NA,NA,NA,NA,NA,NA,0,0,NA,1,NA,0,0,0,0,571,180,RB,NA,0,2,668,11.5,58,513,28,2707,5.3,30,NA,NA,Career,NA,NA,Auburn,NA,30,NA,NA,3375,5.9,NA,NA,NA,NA,Career
502,Vincent Brown,9,38,3.789473684,Career,NA,NA,NA,NA,NA,NA,NA,NA,NA,NA,NA,NA,NA,NA,NA,NA,NA,NA,NA,NA,9,NA,RB,NA,NA,NA,NA,NA,NA,9,0,12,1.3,0,NA,NA,Career,NA,NA,Florida,NA,NA,NA,NA,12,1.3,NA,NA,NA,NA,NA
524,Correll Buckhalter,32,103,4.970873786,NA,NA,NA,NA,NA,NA,NA,NA,NA,NA,NA,NA,NA,0,NA,NA,NA,NA,NA,NA,NA,437,168,RB,NA,NA,1,200,8.3,24,413,27,2522,6.1,28,NA,NA,Career,NA,NA,Nebraska,NA,28,NA,NA,2722,6.2,NA,NA,NA,NA,Career
546,Rex Burkhead,16,73,3.506849315,Career,15.1,0,4,NA,NA,0,1,NA,NA,0,0,0,0,NA,7,0,57.1,3,46,6.6,695,210,RB,0,253.8,5,507,8.5,60,635,30,3329,5.2,35,0,NA,Career,4,0,Nebraska,4,35,NA,NA,3836,5.5,NA,0,NA,NA,NA
566,Michael Bush,26,89,4.674157303,NA,12.5,NA,5,NA,NA,NA,NA,NA,NA,NA,NA,0,0,NA,14,NA,35.7,3,115,8.2,485,246,RB,NA,175.4,2,651,13,50,435,39,2508,5.8,41,NA,NA,Career,NA,NA,Louisville,NA,41,NA,NA,3159,6.5,NA,NA,NA,NA,Career
568,Reggie Bush,72,134,8.597014925,NA,24,0,1,NA,NA,NA,NA,NA,NA,0,0,0,1,NA,3,NA,33.3,1,52,17.3,528,252,RB,3,288.9,13,1301,13.7,95,433,25,3169,7.3,38,0,NA,Career,1,0,USC,1,42,NA,NA,4470,8.5,NA,0,NA,NA,Career
618,Ka'Deem Carey,3,36,1.333333333,Career,NA,0,NA,0,0,0,0,NA,NA,0,0,NA,0,NA,NA,0,NA,NA,NA,NA,820,312,RB,0,NA,4,679,8.8,77,743,48,4239,5.7,52,0,NA,Career,1,0,Arizona,1,52,NA,196,4918,6,NA,0,NA,NA,NA
643,Chris Carson,22,33,10.66666667,Career,10.3,NA,2,0,0,NA,NA,NA,NA,NA,NA,0,0,NA,3,NA,66.7,0,31,10.3,243,84,RB,0,153.5,1,298,9.9,30,213,13,1076,5.1,14,NA,NA,Career,NA,NA,Oklahoma State,NA,14,NA,218,1374,5.7,NA,NA,NA,NA,NA
649,Delone Carter,3,27,1.777777778,Career,NA,1,NA,NA,NA,NA,NA,NA,NA,0,0,NA,NA,NA,NA,NA,NA,NA,NA,NA,674,150,RB,NA,NA,1,208,7.4,28,646,24,3104,4.8,25,0,NA,Career,2,0,Syracuse,3,25,NA,NA,3312,4.9,NA,0,NA,NA,NA
656,Rock Cartwright,11,154,1.142857143,NA,NA,NA,NA,0,0,NA,NA,NA,NA,NA,NA,NA,0,NA,NA,NA,NA,NA,NA,NA,132,42,RB,0,NA,0,186,9.3,20,112,7,570,5.1,7,NA,0,Career,NA,NA,Kansas State,NA,7,0,NA,756,5.7,NA,NA,NA,NA,Career
668,Tim Castille,1,31,0.516129032,NA,NA,0,NA,NA,NA,NA,NA,NA,NA,0,0,NA,NA,NA,NA,NA,NA,NA,NA,NA,221,126,RB,NA,NA,0,380,6.3,60,161,21,533,3.3,21,0,NA,Career,2,0,Alabama,2,21,NA,NA,913,4.1,NA,0,NA,NA,Career
685,Jamaal Charles,72,119,9.680672269,Career,NA,1,NA,NA,NA,NA,NA,NA,NA,0,0,NA,NA,NA,NA,NA,NA,NA,NA,NA,582,234,RB,NA,NA,3,539,11,49,533,36,3328,6.2,39,0,NA,Career,3,0,Texas,4,39,NA,NA,3867,6.6,NA,0,NA,NA,NA
700,Tashard Choice,14,88,2.545454545,Career,37,0,1,NA,NA,NA,NA,1,NA,0,0,0,NA,NA,1,NA,100,1,17,17,738,174,RB,NA,572.8,0,288,7,41,697,28,3465,5,28,0,NA,Career,2,0,Overall,2,29,NA,NA,3753,5.1,0,0,NA,NA,NA
703,Nick Chubb,18,32,9,Career,NA,NA,NA,0,0,NA,NA,NA,NA,NA,NA,NA,0,NA,NA,NA,NA,NA,NA,NA,789,288,RB,0,NA,4,361,11.6,31,758,44,4769,6.3,48,NA,NA,Career,NA,NA,Georgia,NA,48,NA,225,5130,6.5,NA,NA,NA,NA,NA
724,Charles Clay,33,127,4.157480315,Career,NA,2,NA,NA,NA,NA,NA,NA,NA,0,0,NA,NA,NA,NA,NA,NA,NA,NA,NA,NA,228,RB,NA,NA,NA,NA,NA,NA,NA,NA,NA,NA,NA,1,NA,Career,9,1,Tulsa,11,38,NA,NA,NA,NA,NA,0,NA,NA,NA
730,Corey Clement,6,31,3.096774194,Career,0,NA,0,0,0,NA,NA,NA,NA,NA,NA,0,0,NA,1,NA,0,0,0,0,605,228,RB,0,0,2,279,9.6,29,576,36,3092,5.4,38,NA,NA,Career,NA,NA,Wisconsin,NA,38,NA,227,3371,5.6,NA,NA,NA,NA,NA
742,Patrick Cobbs,4,54,1.185185185,NA,27.7,NA,2,NA,NA,NA,NA,NA,NA,NA,NA,0,0,NA,3,NA,66.7,2,43,14.3,828,210,RB,1,407.1,1,348,9.4,37,791,33,3911,4.9,34,NA,NA,Career,NA,NA,North Texas,NA,35,NA,NA,4259,5.1,NA,NA,NA,NA,Career
760,Derrick Coleman,1,63,0.253968254,Career,NA,3,NA,NA,NA,1,0,NA,NA,0,0,NA,0,NA,NA,0,NA,NA,NA,NA,358,114,RB,NA,NA,0,66,3.9,17,341,19,1780,5.2,19,0,NA,Career,19,0,UCLA,22,19,NA,NA,1846,5.2,NA,0,NA,NA,NA
774,Tevin Coleman,33,70,7.542857143,Career,NA,1,NA,0,0,0,0,NA,NA,0,0,NA,1,NA,NA,0,NA,NA,NA,NA,506,174,RB,0,NA,0,383,7.1,54,452,28,3219,7.1,28,0,NA,Career,4,0,Indiana,5,29,NA,210,3602,7.1,NA,0,NA,NA,NA
777,Alex Collins,14,36,6.222222222,Career,NA,0,NA,0,0,0,0,NA,NA,0,0,NA,0,NA,NA,0,NA,NA,NA,NA,692,216,RB,0,NA,0,167,6.2,27,665,36,3703,5.6,36,0,NA,Career,1,0,Arkansas,1,36,NA,215,3870,5.6,NA,0,NA,NA,NA
808,James Conner,16,37,6.918918919,Career,NA,1,NA,0,0,0,0,NA,NA,0,0,NA,0,NA,NA,0,NA,NA,NA,NA,698,338,RB,0,NA,4,412,13.7,30,668,52,3733,5.6,56,0,NA,Career,1,0,Pitt,2,56,1,235,4145,5.9,NA,0,NA,NA,NA
809,John Conner,0,62,0,Career,NA,0,NA,NA,NA,NA,NA,NA,NA,0,0,NA,0,NA,NA,NA,NA,NA,NA,NA,79,48,RB,NA,NA,4,193,7.7,25,54,4,247,4.6,8,0,NA,Career,4,0,Kentucky,4,8,NA,NA,440,5.6,NA,0,NA,NA,NA
815,Dalvin Cook,24,29,13.24137931,Career,NA,4,NA,0,0,0,0,NA,NA,0,0,NA,0,NA,NA,0,NA,NA,NA,NA,766,288,RB,0,NA,2,935,11.8,79,687,46,4464,6.5,48,0,NA,Career,4,0,Florida State,8,48,NA,213,5399,7,NA,0,NA,NA,NA
817,Jameel Cook,4,109,0.587155963,NA,NA,NA,NA,NA,NA,NA,NA,NA,NA,NA,NA,NA,0,NA,NA,NA,NA,NA,NA,NA,180,36,RB,NA,NA,6,506,7.9,64,116,0,526,4.5,6,NA,NA,Career,NA,NA,Illinois,NA,6,NA,NA,1032,5.7,NA,NA,NA,NA,Career
879,Isaiah Crowell,25,77,5.194805195,Career,NA,NA,NA,NA,NA,NA,NA,NA,NA,NA,NA,NA,NA,NA,NA,NA,NA,NA,NA,NA,193,36,RB,NA,NA,1,59,7.4,8,185,5,850,4.6,6,NA,NA,Career,NA,NA,Georgia,NA,6,NA,NA,909,4.7,NA,NA,NA,NA,NA
893,Benny Cunningham,12,86,2.23255814,2009,NA,NA,NA,NA,NA,NA,NA,NA,11,0,0,NA,NA,NA,NA,NA,NA,NA,NA,NA,51,18,RB,NA,NA,1,73,14.6,5,46,2,173,3.8,3,NA,NA,2009,NA,NA,Middle Tennessee State,NA,3,NA,NA,246,4.8,NA,0,NA,NA,NA
914,Mike Daniels,42,111,6.054054054,Career,-22.5,NA,0,NA,NA,NA,NA,NA,NA,NA,NA,1,0,NA,2,NA,0,0,0,0,76,12,RB,0,-100,1,223,9.3,24,52,1,214,4.1,2,NA,NA,Career,NA,NA,Cincinnati,NA,2,NA,205,437,5.8,NA,NA,NA,NA,NA
927,Orleans Darkwa,6,52,1.846153846,Career,14.4,0,3,0,0,0,0,NA,NA,0,0,1,0,NA,5,0,60,2,77,15.4,740,234,RB,0,281.4,0,595,7.7,77,663,39,2953,4.5,39,0,NA,Career,1,0,Tulane,1,39,NA,210,3548,4.8,NA,0,NA,NA,NA
933,Najeh Davenport,20,73,4.383561644,NA,NA,NA,NA,NA,NA,NA,NA,NA,NA,NA,NA,NA,0,NA,NA,NA,NA,NA,NA,NA,191,96,RB,NA,NA,3,381,10.9,35,156,13,830,5.3,16,NA,NA,Career,NA,NA,Miami (FL),NA,16,NA,NA,1211,6.3,NA,NA,NA,NA,Career
937,Anthony Davis,13,47,4.425531915,Career,NA,1,NA,NA,NA,NA,NA,NA,NA,0,0,NA,0,NA,NA,NA,NA,NA,NA,NA,NA,18,RB,NA,NA,NA,NA,NA,NA,NA,NA,NA,NA,NA,0,NA,Career,4,0,Connecticut,5,3,NA,175,NA,NA,NA,0,NA,NA,NA
939,Carey Davis,1,39,0.41025641,NA,NA,NA,NA,NA,NA,NA,NA,NA,NA,NA,NA,NA,0,NA,NA,NA,NA,NA,NA,NA,324,36,RB,NA,NA,5,727,6.5,112,212,1,992,4.7,6,NA,NA,Career,NA,NA,Illinois,NA,6,NA,NA,1719,5.3,NA,NA,NA,NA,Career
945,Corey Davis,15,42,5.714285714,Career,NA,2,NA,NA,NA,NA,NA,NA,NA,0,0,NA,NA,NA,NA,NA,NA,NA,NA,NA,22,NA,RB,NA,NA,0,64,12.8,5,17,0,48,2.8,0,0,NA,Career,1,0,Pitt,3,NA,NA,NA,112,5.1,NA,0,NA,NA,NA
957,Knile Davis,10,57,2.807017544,Career,NA,0,NA,NA,NA,NA,NA,NA,NA,0,0,NA,NA,NA,NA,NA,NA,NA,NA,NA,381,126,RB,NA,NA,2,297,9.3,32,349,19,1862,5.3,21,0,NA,Career,5,0,Arkansas,5,21,NA,NA,2159,5.7,NA,0,NA,NA,NA
960,Mike Davis,10,47,3.404255319,Career,NA,0,NA,NA,NA,NA,NA,NA,NA,0,0,NA,0,NA,NA,NA,NA,NA,NA,NA,596,126,RB,NA,NA,2,667,9.1,73,523,19,2231,4.3,21,0,NA,Career,5,0,South Carolina,5,21,NA,NA,2898,4.9,NA,0,NA,NA,NA
1024,Anthony Dixon,8,96,1.333333333,Career,NA,0,NA,NA,NA,NA,NA,NA,NA,0,0,NA,NA,NA,NA,NA,NA,NA,NA,NA,966,276,RB,NA,NA,4,449,8,56,910,42,3994,4.4,46,0,NA,Career,1,0,Mississippi State,1,46,NA,NA,4443,4.6,NA,0,NA,NA,NA
1028,Kenneth Dixon,5,18,4.444444444,Career,NA,0,NA,0,0,0,0,NA,NA,0,0,NA,0,NA,NA,0,NA,NA,NA,NA,889,522,RB,0,NA,15,969,11.1,87,802,72,4483,5.6,87,0,NA,Career,1,0,Louisiana Tech,1,87,NA,213,5452,6.1,NA,0,NA,NA,NA
1029,Marcus Dixon,7,22,5.090909091,NA,NA,NA,NA,NA,NA,NA,NA,NA,NA,NA,NA,NA,0,NA,NA,NA,NA,NA,NA,NA,84,30,RB,NA,NA,1,87,7.3,12,72,4,253,3.5,5,NA,NA,Career,NA,NA,New Mexico State,NA,5,NA,NA,340,4,NA,NA,NA,NA,Career
1065,Kenyan Drake,23,62,5.935483871,2013,NA,1,NA,0,0,0,0,NA,11,0,0,NA,0,NA,NA,0,NA,NA,NA,NA,104,54,RB,0,NA,1,135,11.3,12,92,8,694,7.5,9,0,NA,2013,3,0,Alabama,4,9,NA,210,829,8,NA,0,NA,NA,NA
1066,Shaun Draughn,7,57,1.964912281,Career,34,2,1,0,0,0,0,0,NA,0,0,0,0,0,1,0,100,0,34,34,501,66,RB,0,385.6,1,268,5.4,50,451,10,2070,4.6,11,0,0,Career,5,0,North Carolina,7,11,0,NA,2338,4.7,0,0,NA,NA,NA
1072,Reuben Droughns,29,114,4.070175439,NA,NA,NA,NA,NA,NA,NA,NA,NA,NA,NA,NA,NA,NA,NA,NA,NA,NA,NA,NA,NA,409,126,RB,NA,NA,3,207,10.4,20,389,18,2058,5.3,21,NA,NA,Career,NA,NA,Oregon,NA,21,NA,NA,2265,5.5,NA,NA,NA,NA,Career
1074,T.J. Duckett,23,93,3.956989247,NA,NA,NA,NA,NA,NA,NA,NA,NA,NA,NA,NA,NA,0,NA,NA,NA,NA,NA,NA,NA,643,180,RB,NA,NA,1,151,6.9,22,621,29,3379,5.4,30,NA,NA,Career,NA,NA,Michigan State,NA,30,NA,NA,3530,5.5,NA,NA,NA,NA,Career
1078,Lance Dunbar,9,58,2.482758621,Career,NA,1,NA,NA,NA,0,0,NA,NA,0,0,NA,0,NA,NA,0,NA,NA,NA,NA,879,294,RB,NA,NA,8,1033,10.6,97,782,41,4224,5.4,49,0,NA,Career,2,0,North Texas,3,49,NA,NA,5257,6,NA,0,NA,NA,NA
1083,Warrick Dunn,122,181,10.78453039,NA,14,NA,3,NA,NA,NA,NA,NA,NA,NA,NA,0,0,NA,7,NA,42.9,0,98,14,707,294,RB,NA,160.5,12,1314,10,132,575,37,3959,6.9,49,NA,NA,Career,NA,NA,Florida State,NA,49,NA,NA,5273,7.5,NA,NA,NA,NA,Career
1088,Jonathan Dwyer,8,38,3.368421053,Career,NA,NA,NA,NA,NA,NA,NA,NA,NA,NA,NA,NA,0,NA,NA,NA,NA,NA,NA,NA,532,216,RB,NA,NA,1,263,17.5,15,517,35,3226,6.2,36,NA,NA,Career,NA,NA,Georgia Tech,NA,36,NA,NA,3489,6.6,NA,NA,NA,NA,NA
1097,Kyle Eckel,1,24,0.666666667,NA,NA,NA,NA,NA,NA,NA,NA,NA,NA,NA,NA,NA,0,NA,NA,NA,NA,NA,NA,NA,630,150,RB,NA,NA,0,177,12.6,14,616,25,2900,4.7,25,NA,NA,Career,NA,NA,Navy,NA,25,NA,NA,3077,4.9,NA,NA,NA,NA,Career
1104,Trey Edmunds,1,31,0.516129032,Career,NA,4,NA,0,0,0,0,NA,NA,0,0,NA,0,NA,NA,0,NA,NA,NA,NA,281,102,RB,1,NA,2,172,8.2,21,260,14,1115,4.3,16,0,NA,Career,8,0,Overall,12,17,NA,223,1287,4.6,NA,0,NA,NA,NA
1110,Gus Edwards,11,27,6.518518519,Career,NA,4,NA,0,0,0,0,NA,NA,0,0,NA,0,NA,NA,0,NA,NA,NA,NA,366,114,RB,0,NA,1,156,9.8,16,350,18,1690,4.8,19,0,NA,Career,7,0,Overall,11,19,NA,235,1846,5,NA,0,NA,NA,NA
1129,Andre Ellington,19,65,4.676923077,Career,0,0,0,NA,NA,0,0,NA,NA,0,0,0,1,NA,1,0,0,0,0,0,680,216,RB,0,0,2,505,8.6,59,621,33,3436,5.5,35,0,NA,Career,4,0,Clemson,4,36,NA,NA,3941,5.8,NA,0,NA,NA,NA
1131,Ezekiel Elliott,52,56,14.85714286,Career,NA,0,NA,0,0,0,0,NA,NA,0,0,NA,0,NA,NA,0,NA,NA,NA,NA,650,264,RB,0,NA,1,449,7.7,58,592,43,3961,6.7,44,0,NA,Career,6,0,Ohio State,6,44,NA,225,4410,6.8,NA,0,NA,NA,NA
1153,Tyler Ervin,0,35,0,Career,NA,1,NA,0,0,0,0,NA,NA,0,0,NA,3,NA,NA,0,NA,NA,NA,NA,615,168,RB,2,NA,4,783,9,87,528,19,2803,5.3,23,0,NA,Career,5,0,San Jose State,6,28,NA,177,3586,5.8,NA,0,NA,NA,NA
1160,Heath Evans,9,143,1.006993007,NA,NA,NA,NA,NA,NA,NA,NA,NA,NA,NA,NA,NA,0,NA,NA,NA,NA,NA,NA,NA,179,42,RB,NA,NA,1,354,11.8,30,149,6,626,4.2,7,NA,NA,Career,NA,NA,Auburn,NA,7,NA,NA,980,5.5,NA,NA,NA,NA,Career
1183,Justin Fargas,20,92,3.47826087,NA,NA,NA,NA,NA,NA,NA,NA,NA,NA,NA,NA,NA,0,NA,NA,NA,NA,NA,NA,NA,265,48,RB,NA,NA,0,106,11.8,9,256,8,1077,4.2,8,NA,NA,Career,NA,NA,Overall,NA,8,NA,NA,1183,4.5,NA,NA,NA,NA,Career
1188,Kevin Faulk,70,161,6.956521739,NA,15.7,NA,2,NA,NA,NA,NA,NA,NA,NA,NA,0,1,NA,3,NA,66.7,1,27,9,909,318,RB,2,252.3,4,600,11.3,53,856,46,4557,5.3,50,NA,NA,Career,NA,NA,LSU,NA,53,NA,NA,5157,5.7,NA,NA,NA,NA,Career
1208,Tony Fiammetta,1,51,0.31372549,Career,NA,1,NA,0,0,0,0,0,NA,0,0,NA,0,0,NA,0,NA,NA,NA,NA,NA,6,RB,0,NA,NA,NA,NA,NA,NA,NA,NA,NA,NA,0,0,Career,4,0,Syracuse,5,1,0,NA,NA,NA,0,0,NA,NA,NA
1247,David Fluellen,0,25,0,Career,NA,1,NA,0,0,0,0,NA,NA,0,0,NA,0,NA,NA,0,NA,NA,NA,NA,641,180,RB,0,NA,2,662,8.3,80,561,28,3336,5.9,30,0,NA,Career,1,0,Toledo,2,30,NA,215,3998,6.2,NA,0,NA,NA,NA
1261,Mike Ford,2,22,1.454545455,Career,NA,NA,NA,NA,NA,NA,NA,NA,NA,NA,NA,NA,NA,NA,NA,NA,NA,NA,NA,NA,338,144,RB,NA,NA,1,64,9.1,7,331,23,1502,4.5,24,NA,NA,Career,NA,NA,South Florida,NA,24,NA,NA,1566,4.6,NA,NA,NA,NA,NA
1265,Justin Forsett,35,122,4.590163934,Career,NA,1,NA,NA,NA,NA,NA,NA,NA,0,0,NA,0,NA,NA,NA,NA,NA,NA,NA,608,168,RB,1,NA,1,386,9.4,41,567,26,3220,5.7,27,0,NA,Career,4,0,California,5,28,NA,NA,3606,5.9,NA,0,NA,NA,NA
1267,Matt Forte,99,146,10.84931507,Career,0.4,0,1,NA,NA,NA,NA,NA,NA,0,0,0,0,NA,11,NA,9.1,0,4,0.4,936,264,RB,NA,12.1,5,985,9.6,103,833,39,4265,5.1,44,0,NA,Career,9,0,Tulane,9,44,NA,NA,5250,5.6,NA,0,NA,NA,NA
1269,Arian Foster,63,80,12.6,Career,0,0,0,NA,NA,NA,NA,NA,NA,0,0,0,0,NA,1,NA,0,0,0,0,733,150,RB,NA,0,2,742,8.9,83,650,23,2964,4.6,25,0,NA,Career,1,0,Tennessee,1,25,NA,NA,3706,5.1,NA,0,NA,NA,NA
1270,D.J. Foster,1,16,1,2013,NA,0,0,0,0,0,0,NA,14,0,0,0,0,NA,0,0,NA,0,0,NA,156,60,RB,0,NA,4,653,10.4,63,93,6,501,5.4,10,0,NA,2013,0,0,Arizona State,0,10,NA,195,1154,7.4,NA,0,NA,NA,NA
1279,Leonard Fournette,21,36,9.333333333,Career,0,0,0,0,0,0,0,NA,NA,0,0,0,1,NA,1,0,0,0,0,0,657,252,RB,0,0,1,526,12.8,41,616,40,3830,6.2,41,0,NA,Career,2,0,LSU,2,42,NA,230,4356,6.6,NA,0,NA,NA,NA
1282,Jalston Fowler,0,42,0,2013,NA,0,NA,0,0,0,0,NA,9,0,0,NA,0,NA,NA,0,NA,NA,NA,NA,27,30,RB,0,NA,5,15,2.1,7,20,0,88,4.4,5,0,NA,2013,0,0,Alabama,0,5,NA,248,103,3.8,NA,0,NA,NA,NA
1307,Devonta Freeman,47,77,9.766233766,Career,NA,1,NA,0,0,0,0,NA,NA,0,0,NA,0,NA,NA,0,NA,NA,NA,NA,451,186,RB,0,NA,1,475,10.1,47,404,30,2255,5.6,31,0,NA,Career,2,0,Florida State,3,31,NA,203,2730,6.1,NA,0,NA,NA,NA
1313,Royce Freeman,8,30,4.266666667,Career,46,1,1,0,0,0,0,NA,NA,0,0,0,0,NA,1,0,100,1,26,26,1026,384,RB,0,648.4,4,814,10.3,79,947,60,5621,5.9,64,0,NA,Career,1,0,Oregon,2,64,NA,231,6435,6.3,NA,0,NA,NA,NA
1348,Wayne Gallman,7,38,2.947368421,Career,NA,NA,NA,0,0,NA,NA,NA,NA,NA,NA,NA,0,NA,NA,NA,NA,NA,NA,NA,741,216,RB,0,NA,2,486,7.4,66,675,34,3416,5.1,36,NA,NA,Career,NA,NA,Clemson,NA,36,NA,215,3902,5.3,NA,NA,NA,NA,NA
1354,Quinton Ganther,3,36,1.333333333,NA,0,0,0,NA,NA,NA,NA,NA,NA,0,0,0,0,NA,2,NA,0,0,0,0,346,66,RB,NA,0,2,363,11.3,32,314,9,1774,5.6,11,0,NA,Career,1,0,Utah,1,11,NA,NA,2137,6.2,NA,0,NA,NA,Career
1382,Toby Gerhart,17,82,3.317073171,Career,38,1,1,NA,NA,NA,NA,1,NA,0,0,0,NA,NA,1,NA,100,1,18,18,710,270,RB,NA,581.2,0,395,10.1,39,671,44,3522,5.2,44,0,NA,Career,2,0,Stanford,3,45,NA,NA,3917,5.5,0,0,NA,NA,NA
1403,Mike Gillislee,10,36,4.444444444,Career,NA,11,NA,NA,NA,NA,NA,NA,NA,0,0,NA,0,NA,NA,NA,NA,NA,NA,NA,412,132,RB,NA,NA,2,182,7.9,23,389,20,2072,5.3,22,0,NA,Career,5,0,Florida,16,22,NA,NA,2254,5.5,NA,0,NA,NA,NA
1416,Cody Glenn,2,19,1.684210526,Career,NA,25,NA,0,0,1,0,0,NA,0,0,NA,0,0,NA,4,NA,NA,NA,NA,149,84,RB,0,NA,0,52,8.7,6,143,14,579,4,14,0,0,Career,26,5,Nebraska,51,14,0,NA,631,4.2,0,0,NA,NA,NA
1429,Nick Goings,18,105,2.742857143,NA,NA,NA,NA,NA,NA,NA,NA,NA,NA,NA,NA,NA,0,NA,NA,NA,NA,NA,NA,NA,235,48,RB,NA,NA,2,340,11.7,29,206,6,845,4.1,8,NA,NA,Career,NA,NA,Overall,NA,8,NA,NA,1185,5,NA,NA,NA,NA,Career
1450,Mike Goodson,7,42,2.666666667,Career,NA,1,NA,NA,NA,NA,NA,NA,NA,0,0,NA,NA,NA,NA,NA,NA,NA,NA,NA,464,120,RB,0,NA,7,860,9.6,90,374,13,1964,5.3,20,0,NA,Career,2,0,Texas A&M,3,20,NA,NA,2824,6.1,NA,0,NA,NA,NA
1460,Melvin Gordon,42,67,10.02985075,Career,NA,1,NA,0,0,1,0,NA,NA,0,0,NA,0,NA,NA,0,NA,NA,NA,NA,653,294,RB,0,NA,4,228,10.4,22,631,45,4915,7.8,49,0,NA,Career,4,0,Wisconsin,5,49,NA,213,5143,7.9,NA,0,NA,NA,NA
1462,Frank Gore,129,226,9.132743363,NA,NA,NA,NA,NA,NA,NA,NA,NA,NA,NA,NA,NA,0,NA,NA,NA,NA,NA,NA,NA,371,102,RB,NA,NA,0,225,9.8,23,348,17,1975,5.7,17,NA,NA,Career,NA,NA,Miami (FL),NA,17,NA,NA,2200,5.9,NA,NA,NA,NA,Career
1474,Earnest Graham,20,98,3.265306122,NA,4.6,NA,1,NA,NA,NA,NA,NA,NA,NA,NA,0,NA,NA,5,NA,20,1,3,0.6,668,198,RB,NA,91,0,402,6.8,59,609,33,3085,5.1,33,NA,NA,Career,NA,NA,Florida,NA,33,NA,NA,3487,5.2,NA,NA,NA,NA,Career
1480,Corey Grant,4,38,1.684210526,Career,NA,0,NA,0,0,0,0,NA,NA,0,0,NA,1,NA,NA,0,NA,NA,NA,NA,149,66,RB,0,NA,1,100,7.1,14,135,9,1040,7.7,10,0,NA,Career,2,0,Auburn,2,11,NA,205,1140,7.7,NA,0,NA,NA,NA
1486,Cyrus Gray,1,35,0.457142857,Career,17,0,1,NA,NA,NA,NA,NA,NA,0,0,0,2,NA,2,NA,50,1,14,7,735,228,RB,NA,273.8,6,776,7.5,103,632,30,3298,5.2,36,0,NA,Career,3,0,Texas A&M,3,38,NA,NA,4074,5.5,NA,0,NA,NA,NA
1488,Jonas Gray,4,16,4,Career,NA,NA,NA,NA,NA,NA,NA,NA,NA,NA,NA,NA,0,NA,NA,NA,NA,NA,NA,NA,200,72,RB,NA,NA,0,105,9.5,11,189,12,1100,5.8,12,NA,NA,Career,NA,NA,Notre Dame,NA,12,NA,NA,1205,6,NA,NA,NA,NA,NA
1492,Ahman Green,93,148,10.05405405,NA,0,NA,0,NA,NA,NA,NA,NA,NA,NA,NA,0,0,NA,1,NA,0,0,0,0,609,270,RB,NA,0,3,300,8.6,35,574,42,3880,6.8,45,NA,NA,Career,NA,NA,Nebraska,NA,45,NA,NA,4180,6.9,NA,NA,NA,NA,Career
1493,Alex Green,5,29,2.75862069,Career,NA,0,NA,NA,NA,NA,NA,NA,NA,0,0,NA,0,NA,NA,NA,NA,NA,NA,NA,270,132,RB,NA,NA,2,461,12.1,38,232,20,1652,7.1,22,0,NA,Career,2,0,Hawaii,2,22,NA,NA,2113,7.8,NA,0,NA,NA,NA
1494,BenJarvus Green-Ellis,34,84,6.476190476,Career,NA,1,NA,0,0,0,0,0,NA,0,0,NA,0,0,NA,0,NA,NA,NA,NA,959,156,RB,0,NA,1,316,8.1,39,920,25,3869,4.2,26,0,0,Career,0,0,Overall,1,26,0,NA,4185,4.4,0,0,NA,NA,NA
1513,Shonn Greene,25,85,4.705882353,Career,NA,3,NA,NA,NA,NA,NA,NA,NA,0,0,NA,0,NA,NA,NA,NA,NA,NA,NA,387,132,RB,NA,NA,0,72,6.5,11,376,22,2228,5.9,22,0,NA,Career,11,0,Iowa,14,22,NA,NA,2300,5.9,NA,0,NA,NA,NA
1527,Justin Griffith,13,96,2.166666667,NA,NA,NA,NA,NA,NA,NA,NA,NA,NA,NA,NA,NA,NA,NA,NA,NA,NA,NA,NA,NA,298,84,RB,NA,NA,4,937,11,85,213,10,852,4,14,NA,NA,Career,NA,NA,Mississippi State,NA,14,NA,NA,1789,6,NA,NA,NA,NA,Career
1542,Chris Gronkowski,0,35,0,Career,NA,NA,NA,NA,NA,NA,NA,NA,NA,NA,NA,NA,NA,NA,NA,NA,NA,NA,NA,NA,NA,18,RB,NA,NA,NA,NA,NA,NA,NA,NA,NA,NA,NA,NA,NA,Career,NA,NA,Arizona,NA,3,NA,NA,NA,NA,NA,NA,NA,NA,NA
1555,Todd Gurley,53,73,11.61643836,Career,50,0,1,0,0,0,0,NA,NA,0,0,0,2,NA,1,0,100,0,50,50,575,264,RB,0,520,6,615,9.5,65,510,36,3285,6.4,42,0,NA,Career,1,0,Georgia,1,44,NA,226,3900,6.8,NA,0,NA,NA,NA
1577,Ahmard Hall,5,85,0.941176471,NA,NA,NA,NA,NA,NA,NA,NA,NA,NA,NA,NA,NA,0,NA,NA,NA,NA,NA,NA,NA,NA,12,RB,NA,NA,NA,NA,NA,NA,NA,NA,NA,NA,NA,NA,NA,Career,NA,NA,Texas,NA,2,NA,NA,NA,NA,NA,NA,NA,NA,Career
1579,Andre Hall,3,18,2.666666667,NA,12,1,1,NA,NA,NA,NA,NA,NA,0,0,0,0,NA,3,NA,33.3,1,16,5.3,524,162,RB,NA,188.1,3,470,10.7,44,480,24,2731,5.7,27,0,NA,Career,0,0,South Florida,1,27,NA,NA,3201,6.1,NA,0,NA,NA,Career
1580,Chad Hall,1,25,0.64,Career,-22.5,NA,0,NA,NA,NA,NA,NA,NA,NA,NA,2,0,NA,4,NA,0,0,0,0,528,144,RB,0,-100,3,780,10.1,77,451,21,2606,5.8,24,NA,NA,Career,NA,NA,Air Force,NA,24,NA,NA,3386,6.4,NA,NA,NA,NA,NA
1581,Dante Hall,32,112,4.571428571,NA,0,NA,0,NA,NA,NA,NA,NA,NA,NA,NA,0,0,NA,1,NA,0,0,0,0,544,144,RB,2,0,0,260,11.8,22,522,22,2818,5.4,22,NA,NA,Career,NA,NA,Texas A&M,NA,24,NA,NA,3078,5.7,NA,NA,NA,NA,Career
1610,Montario Hardesty,4,23,2.782608696,Career,0,1,0,NA,NA,NA,NA,NA,NA,0,0,0,NA,NA,1,NA,0,0,0,0,598,162,RB,NA,0,1,405,10.7,38,560,26,2391,4.3,27,0,NA,Career,2,0,Tennessee,3,27,NA,NA,2796,4.7,NA,0,NA,NA,NA
1618,Jamie Harper,0,23,0,Career,0,1,0,NA,NA,NA,NA,NA,NA,0,0,0,0,NA,1,NA,0,0,0,0,361,90,RB,0,0,3,398,8,50,311,12,1311,4.2,15,0,NA,Career,1,0,Clemson,2,15,NA,NA,1709,4.7,NA,0,NA,NA,NA
1633,Demetrius Harris,7,86,1.302325581,NA,NA,NA,NA,NA,NA,NA,NA,NA,NA,NA,NA,NA,NA,NA,NA,NA,NA,NA,NA,NA,151,30,RB,NA,NA,0,89,6.4,14,137,5,610,4.5,5,NA,NA,Career,NA,NA,Pitt,NA,5,NA,NA,699,4.6,NA,NA,NA,NA,Career
1639,Jerome Harrison,14,63,3.555555556,NA,NA,NA,NA,NA,NA,NA,NA,NA,NA,NA,NA,NA,0,NA,NA,NA,NA,NA,NA,NA,516,156,RB,0,NA,1,275,8.1,34,482,25,2800,5.8,26,NA,NA,Career,NA,NA,Washington State,NA,26,NA,NA,3075,6,NA,NA,NA,NA,Career
1640,Josh Harris,7,123,0.910569106,Career,NA,NA,NA,0,0,NA,NA,NA,NA,NA,NA,NA,0,NA,NA,NA,NA,NA,NA,NA,536,114,RB,0,NA,0,304,6.5,47,489,19,2230,4.6,19,NA,NA,Career,NA,NA,Wake Forest,NA,19,NA,210,2534,4.7,NA,NA,NA,NA,NA
1668,Percy Harvin,48,75,10.24,Career,NA,0,NA,NA,NA,NA,NA,NA,NA,0,0,NA,NA,NA,NA,NA,NA,NA,NA,NA,327,192,RB,NA,NA,13,1929,14.5,133,194,19,1852,9.5,32,0,NA,Career,1,0,Florida,1,32,NA,NA,3781,11.6,NA,0,NA,NA,NA
1674,Stanley Havili,1,28,0.571428571,Career,NA,0,NA,NA,NA,NA,NA,NA,NA,0,0,NA,NA,NA,NA,NA,NA,NA,NA,NA,NA,90,RB,NA,NA,NA,NA,NA,NA,NA,NA,NA,NA,NA,0,NA,Career,1,0,USC,1,15,NA,NA,NA,NA,NA,0,NA,NA,NA
1691,Verron Haynes,8,68,1.882352941,NA,NA,NA,NA,NA,NA,NA,NA,NA,NA,NA,NA,NA,NA,NA,NA,NA,NA,NA,NA,NA,156,60,RB,NA,NA,2,242,12.7,19,137,8,738,5.4,10,NA,NA,Career,NA,NA,Georgia,NA,10,NA,NA,980,6.3,NA,NA,NA,NA,Career
1701,Madison Hedgecock,2,84,0.380952381,NA,NA,NA,NA,NA,NA,NA,NA,NA,NA,NA,NA,NA,0,NA,NA,NA,NA,NA,NA,NA,40,12,RB,NA,NA,0,42,7,6,34,2,130,3.8,2,NA,NA,Career,NA,NA,North Carolina,NA,2,NA,NA,172,4.3,NA,NA,NA,NA,Career
1721,Chris Henry,17,55,4.945454545,NA,NA,0,NA,NA,NA,NA,NA,NA,NA,0,0,NA,0,NA,NA,NA,NA,NA,NA,NA,295,60,RB,NA,NA,1,205,7.9,26,269,9,892,3.3,10,0,NA,Career,1,0,Arizona,1,10,NA,169,1097,3.7,NA,0,NA,NA,Career
1730,Dan Herron,5,35,2.285714286,Career,NA,1,NA,NA,NA,NA,NA,NA,NA,0,0,NA,0,NA,NA,NA,NA,NA,NA,NA,636,198,RB,NA,NA,1,309,7,44,592,32,2869,4.8,33,0,NA,Career,1,0,Ohio State,2,33,NA,NA,3178,5,NA,0,NA,NA,NA
1736,Jacob Hester,7,65,1.723076923,Career,NA,10,NA,NA,NA,NA,NA,NA,NA,1,0,NA,0,NA,NA,NA,NA,NA,NA,NA,426,144,RB,0,NA,4,459,7.4,62,364,20,1780,4.9,24,0,NA,Career,14,0,LSU,24,24,NA,NA,2239,5.3,NA,22,22,NA,NA
1757,Dontrell Hilliard,2,25,1.28,Career,0,1,0,0,0,0,0,NA,NA,0,0,0,0,NA,1,0,0,0,0,0,628,204,RB,0,0,4,740,10.6,70,558,30,2948,5.3,34,0,NA,Career,1,0,Tulane,2,34,NA,205,3688,5.9,NA,0,NA,NA,NA
1767,Peyton Hillis,23,81,4.543209877,Career,0,0,0,NA,NA,NA,NA,NA,NA,0,0,0,0,NA,2,NA,0,0,0,0,321,138,RB,0,0,11,1195,10.1,118,203,12,959,4.7,23,0,NA,Career,4,0,Arkansas,4,23,NA,NA,2154,6.7,NA,0,NA,NA,NA
1770,Ronnie Hillman,18,56,5.142857143,Career,NA,0,NA,NA,NA,0,0,NA,NA,0,0,NA,NA,NA,NA,0,NA,NA,NA,NA,606,228,RB,NA,NA,2,338,10.2,33,573,36,3243,5.7,38,0,NA,Career,3,0,San Diego State,3,38,NA,NA,3581,5.9,NA,0,NA,NA,NA
1781,Nyheim Hines,12,32,6,Career,0,0,0,0,0,0,0,NA,NA,0,0,0,2,NA,1,0,0,0,0,0,347,102,RB,1,0,1,933,10.5,89,258,13,1400,5.4,14,0,NA,Career,2,0,North Carolina State,2,17,NA,197,2333,6.7,NA,0,NA,NA,NA
1793,Chris Hogan,25,95,4.210526316,NA,NA,NA,NA,NA,NA,NA,NA,NA,NA,NA,NA,NA,NA,NA,NA,NA,NA,NA,NA,NA,7,NA,RB,NA,NA,0,11,5.5,2,5,0,6,1.2,0,NA,NA,Career,NA,NA,Arkansas State,NA,NA,NA,NA,17,2.4,NA,NA,NA,NA,Career
1801,Trindon Holliday,4,33,1.939393939,Career,NA,1,NA,NA,NA,NA,NA,NA,NA,0,0,NA,2,NA,NA,NA,NA,NA,NA,NA,122,48,RB,2,NA,0,72,10.3,7,115,4,776,6.7,4,0,NA,Career,1,0,LSU,2,8,NA,NA,848,7,NA,0,NA,NA,NA
1834,Jordan Howard,25,57,7.01754386,Career,0,1,1,0,0,0,0,NA,NA,0,0,0,0,NA,1,0,100,0,0,0,671,162,RB,0,100,3,261,10.9,24,647,24,3681,5.7,27,0,NA,Career,0,0,Overall,1,27,NA,209,3942,5.9,NA,0,NA,NA,NA
1855,Robert Hughes,1,23,0.695652174,Career,NA,NA,NA,NA,NA,NA,NA,NA,NA,NA,NA,NA,0,NA,NA,NA,NA,NA,NA,NA,364,90,RB,NA,NA,0,370,8.6,43,321,15,1392,4.3,15,NA,NA,Career,NA,NA,Notre Dame,NA,15,NA,NA,1762,4.8,NA,NA,NA,NA,NA
1863,Akeem Hunt,2,30,1.066666667,Career,NA,2,NA,0,0,0,0,NA,NA,0,0,NA,3,NA,NA,0,NA,NA,NA,NA,471,120,RB,0,NA,6,841,8.4,100,371,11,2035,5.5,17,0,NA,Career,4,0,Purdue,6,20,NA,184,2876,6.1,NA,0,NA,NA,NA
1868,Kareem Hunt,29,35,13.25714286,Career,-45,0,0,0,0,0,0,NA,NA,0,0,1,0,NA,1,0,0,0,0,0,855,270,RB,0,-200,1,555,7.6,73,782,44,4945,6.3,45,0,NA,Career,3,0,Toledo,3,45,NA,225,5500,6.4,NA,0,NA,NA,NA
1869,Kendall Hunter,11,45,3.911111111,Career,NA,1,NA,NA,NA,NA,NA,NA,NA,0,0,NA,0,NA,NA,NA,NA,NA,NA,NA,771,234,RB,NA,NA,2,519,8.2,63,708,37,4181,5.9,39,0,NA,Career,4,0,Oklahoma State,5,39,NA,NA,4700,6.1,NA,0,NA,NA,NA
1878,Carlos Hyde,31,80,6.2,Career,NA,1,NA,0,0,0,0,NA,NA,0,0,NA,0,NA,NA,0,NA,NA,NA,NA,557,246,RB,0,NA,4,271,8,34,523,37,3198,6.1,41,0,NA,Career,3,0,Ohio State,4,41,NA,242,3469,6.2,NA,0,NA,NA,NA
1881,Henry Hynoski,2,46,0.695652174,Career,NA,0,NA,NA,NA,NA,NA,NA,NA,0,0,NA,0,NA,NA,NA,NA,NA,NA,NA,NA,12,RB,NA,NA,NA,NA,NA,NA,NA,NA,NA,NA,NA,0,NA,Career,5,0,Pitt,5,2,NA,NA,NA,NA,NA,0,NA,NA,NA
1890,Mark Ingram,70,121,9.256198347,Career,0,0,0,NA,NA,NA,NA,NA,NA,0,0,0,0,NA,1,NA,0,0,0,0,632,276,RB,NA,0,4,670,11.2,60,572,42,3261,5.7,46,0,NA,Career,1,0,Alabama,1,46,NA,NA,3931,6.2,NA,0,NA,NA,NA
1902,Chris Ivory,39,108,5.777777778,Career,NA,1,NA,NA,NA,NA,NA,NA,NA,0,0,NA,0,NA,NA,NA,NA,NA,NA,NA,106,24,RB,NA,NA,0,51,3.4,15,91,4,534,5.9,4,0,NA,Career,2,0,Washington State,3,4,NA,NA,585,5.5,NA,0,NA,NA,NA
1910,Brandon Jackson,17,54,5.037037037,Career,NA,NA,NA,NA,NA,NA,NA,NA,NA,NA,NA,NA,NA,NA,NA,NA,NA,NA,NA,NA,90,18,RB,NA,NA,0,75,12.5,6,84,3,316,3.8,3,NA,NA,Career,NA,NA,East Carolina,NA,3,NA,170,391,4.3,NA,NA,NA,NA,NA
1942,Brandon Jacobs,41,109,6.018348624,NA,NA,NA,NA,NA,NA,NA,NA,NA,NA,NA,NA,NA,NA,NA,NA,NA,NA,NA,NA,NA,73,18,RB,NA,NA,0,34,34,1,72,3,446,6.2,3,NA,NA,Career,NA,NA,Auburn,NA,3,NA,NA,480,6.6,NA,NA,NA,NA,Career
1950,Edgerrin James,136,148,14.7027027,NA,-45,NA,0,NA,NA,NA,NA,NA,NA,NA,NA,1,0,NA,1,NA,0,0,0,0,539,210,RB,NA,-200,3,595,14.2,42,497,32,2960,6,35,NA,NA,Career,NA,NA,Miami (FL),NA,35,NA,NA,3555,6.6,NA,NA,NA,NA,Career
1954,LaMichael James,2,18,1.777777778,Career,NA,NA,NA,NA,NA,NA,NA,NA,NA,NA,NA,NA,0,NA,NA,NA,NA,NA,NA,NA,822,348,RB,1,NA,4,586,11.5,51,771,53,5082,6.6,57,NA,NA,Career,NA,NA,Oregon,NA,58,NA,NA,5668,6.9,NA,NA,NA,NA,NA
1955,Mike James,2,23,1.391304348,Career,NA,1,NA,NA,NA,1,0,NA,NA,0,0,NA,0,NA,NA,0,NA,NA,NA,NA,371,132,RB,NA,NA,5,585,8.7,67,304,17,1340,4.4,22,0,NA,Career,5,0,Miami (FL),6,22,NA,NA,1925,5.2,NA,0,NA,NA,NA
1986,Jordan Jenkins,25,60,6.666666667,Career,NA,13,NA,NA,NA,0,0,NA,NA,0,0,NA,0,NA,NA,0,NA,NA,NA,NA,NA,12,RB,NA,NA,NA,NA,NA,NA,NA,NA,NA,NA,NA,0,NA,Career,10,0,Oregon State,23,2,NA,NA,NA,NA,NA,0,NA,NA,NA
2000,Rashad Jennings,35,93,6.021505376,NA,NA,NA,NA,NA,NA,NA,NA,NA,NA,NA,NA,NA,NA,NA,NA,NA,NA,NA,NA,NA,91,6,RB,NA,NA,0,35,7,5,86,1,411,4.8,1,NA,NA,Career,NA,NA,Pitt,NA,1,NA,NA,446,4.9,NA,NA,NA,NA,Career
2018,Brandon Johnson,14,87,2.574712644,Career,NA,NA,NA,NA,NA,NA,NA,NA,NA,NA,NA,NA,NA,NA,NA,NA,NA,NA,NA,NA,4,NA,RB,NA,NA,0,0,NA,0,4,0,23,5.8,0,NA,NA,Career,NA,NA,Penn State,NA,NA,NA,215,23,5.8,NA,NA,NA,NA,NA
2024,Chris Johnson,83,130,10.21538462,Career,0,0,1,NA,NA,NA,NA,NA,NA,0,0,0,2,NA,1,NA,100,0,0,0,749,264,RB,NA,100,10,1296,10.4,125,624,32,2982,4.8,42,0,NA,Career,1,0,East Carolina,1,44,NA,195,4278,5.7,NA,0,NA,NA,NA
2035,Duke Johnson,27,80,5.4,Career,14,NA,1,0,0,NA,NA,NA,NA,NA,NA,0,2,NA,2,NA,50,1,8,4,595,192,RB,0,248.6,4,719,10.4,69,526,26,3519,6.7,30,NA,NA,Career,NA,NA,Miami (FL),NA,32,NA,206,4238,7.1,NA,NA,NA,NA,NA
2043,Jeremi Johnson,4,96,0.666666667,NA,NA,NA,NA,NA,NA,NA,NA,NA,NA,NA,NA,NA,0,NA,NA,NA,NA,NA,NA,NA,221,78,RB,NA,NA,2,386,10.4,37,184,11,931,5.1,13,NA,NA,Career,NA,NA,Indiana,NA,13,NA,NA,1317,6,NA,NA,NA,NA,Career
2048,Kerryon Johnson,8,18,7.111111111,Career,13.5,0,4,0,0,0,0,NA,NA,0,0,0,0,NA,4,0,100,2,14,3.5,574,204,RB,0,294.4,2,478,8.7,55,519,32,2494,4.8,34,0,NA,Career,1,0,Auburn,1,34,NA,212,2972,5.2,NA,0,NA,NA,NA
2049,Larry Johnson,56,85,10.54117647,NA,NA,NA,NA,NA,NA,NA,NA,NA,NA,NA,NA,NA,1,NA,NA,NA,NA,NA,NA,NA,525,216,RB,2,NA,7,681,10.5,65,460,26,2953,6.4,33,NA,NA,Career,NA,NA,Penn State,NA,36,NA,NA,3634,6.9,NA,NA,NA,NA,Career
2056,Michael Johnson,64,155,6.606451613,Career,NA,NA,NA,NA,NA,NA,NA,NA,NA,NA,NA,NA,NA,NA,NA,NA,NA,NA,NA,NA,14,NA,RB,NA,NA,NA,NA,NA,NA,14,0,80,5.7,0,NA,NA,Career,NA,NA,Western Michigan,NA,NA,NA,160,80,5.7,NA,NA,NA,NA,NA
2058,Quinn Johnson,0,44,0,Career,NA,2,NA,NA,NA,NA,NA,NA,NA,0,0,NA,0,NA,NA,NA,NA,NA,NA,NA,21,18,RB,NA,NA,0,54,10.8,5,16,3,34,2.1,3,0,NA,Career,2,0,LSU,4,3,NA,NA,88,4.2,NA,0,NA,NA,NA
2061,Rudi Johnson,52,95,8.757894737,NA,NA,NA,NA,NA,NA,NA,NA,NA,NA,NA,NA,NA,NA,NA,NA,NA,NA,NA,NA,NA,333,78,RB,NA,NA,0,70,7.8,9,324,13,1567,4.8,13,NA,NA,Career,NA,NA,Auburn,NA,13,NA,NA,1637,4.9,NA,NA,NA,NA,Career
2099,Felix Jones,30,80,6,Career,NA,0,NA,NA,NA,NA,NA,NA,NA,0,0,NA,4,NA,NA,NA,NA,NA,NA,NA,425,162,RB,0,NA,3,383,9.8,39,386,20,2956,7.7,23,0,NA,Career,1,0,Arkansas,1,27,NA,NA,3339,7.9,NA,0,NA,NA,NA
2104,Jacoby Jones,34,128,4.25,Career,NA,1,NA,NA,NA,NA,NA,NA,NA,0,0,NA,NA,NA,NA,NA,NA,NA,NA,NA,129,48,RB,NA,NA,2,116,7.3,16,113,6,452,4,8,0,NA,Career,1,0,Baylor,2,8,NA,NA,568,4.4,NA,0,NA,NA,NA
2111,Julius Jones,43,94,7.319148936,NA,NA,NA,NA,NA,NA,NA,NA,NA,NA,NA,NA,NA,1,NA,NA,NA,NA,NA,NA,NA,662,174,RB,1,NA,1,250,8.9,28,634,26,3018,4.8,27,NA,NA,Career,NA,NA,Notre Dame,NA,29,NA,NA,3268,4.9,NA,NA,NA,NA,Career
2129,Thomas Jones,78,180,6.933333333,NA,0,NA,0,NA,NA,NA,NA,NA,NA,NA,NA,0,0,NA,3,NA,0,0,0,0,880,246,RB,0,0,4,571,8,71,809,37,3998,4.9,41,NA,NA,Career,NA,NA,Virginia,NA,41,NA,NA,4569,5.2,NA,NA,NA,NA,Career
2148,Nick Kaczur,40,68,9.411764706,NA,NA,NA,NA,NA,NA,NA,NA,NA,NA,NA,NA,NA,NA,NA,NA,NA,NA,NA,NA,NA,2,NA,RB,NA,NA,NA,NA,NA,NA,2,0,49,24.5,0,NA,NA,Career,NA,NA,Toledo,NA,NA,NA,NA,49,24.5,NA,NA,NA,NA,Career
2155,Alvin Kamara,43,45,15.28888889,Career,24,NA,1,0,0,NA,NA,NA,NA,NA,NA,0,0,NA,1,NA,100,0,24,24,284,144,RB,1,301.6,7,683,9.2,74,210,16,1294,6.2,23,NA,NA,Career,NA,NA,Tennessee,NA,24,NA,215,1977,7,NA,NA,NA,NA,NA
2216,Justin King,10,40,4,2005,NA,NA,NA,NA,NA,NA,NA,NA,12,0,0,NA,0,NA,NA,NA,NA,NA,NA,NA,28,12,RB,NA,NA,2,126,12.6,10,18,0,227,12.6,2,NA,NA,2005,NA,NA,Penn State,NA,2,NA,160,353,12.6,NA,0,NA,NA,NA
2267,Eddie Lacy,38,60,10.13333333,Career,NA,5,NA,NA,NA,0,0,NA,NA,0,0,NA,NA,NA,NA,0,NA,NA,NA,NA,390,192,RB,NA,NA,2,338,9.7,35,355,30,2402,6.8,32,0,NA,Career,0,0,Alabama,5,32,NA,NA,2740,7,NA,0,NA,NA,NA
2282,Jorvorskie Lane,1,41,0.390243902,Career,29.6,3,3,NA,NA,NA,NA,NA,NA,0,0,0,0,NA,5,NA,60,1,128,25.6,515,300,RB,NA,341,1,271,10.4,26,489,49,2193,4.5,50,0,NA,Career,2,0,Texas A&M,5,50,NA,NA,2464,4.8,NA,0,NA,NA,NA
2284,Harvey Langi,2,17,1.882352941,Career,NA,NA,NA,NA,NA,NA,NA,NA,NA,NA,NA,NA,NA,NA,NA,NA,NA,NA,NA,NA,15,NA,RB,NA,NA,0,6,3,2,13,0,70,5.4,0,NA,NA,Career,NA,NA,Utah,NA,NA,NA,NA,76,5.1,NA,NA,NA,NA,NA
2285,Jeremy Langford,8,29,4.413793103,Career,NA,5,NA,0,0,0,2,1,NA,0,0,NA,0,0,NA,0,NA,NA,NA,NA,616,252,RB,0,NA,1,219,5.6,39,577,40,2967,5.1,41,1,0,Career,10,1,Michigan State,15,42,0,208,3186,5.2,37,0,NA,NA,NA
2319,Vonta Leach,8,146,0.876712329,NA,NA,NA,NA,NA,NA,NA,NA,NA,NA,NA,NA,NA,NA,NA,NA,NA,NA,NA,NA,NA,104,30,RB,NA,NA,0,44,4.4,10,94,5,320,3.4,5,NA,NA,Career,NA,NA,East Carolina,NA,5,NA,NA,364,3.5,NA,NA,NA,NA,Career
2351,Brian Leonard,12,88,2.181818182,NA,NA,0,NA,NA,NA,NA,NA,NA,NA,0,0,NA,NA,NA,NA,NA,NA,NA,NA,NA,885,270,RB,NA,NA,13,1868,9,207,678,32,2775,4.1,45,0,NA,Career,2,0,Rutgers,2,45,NA,NA,4643,5.2,NA,0,NA,NA,Career
2356,Mikel Leshoure,5,17,4.705882353,Career,NA,0,NA,NA,NA,NA,NA,NA,NA,0,0,NA,NA,NA,NA,NA,NA,NA,NA,NA,461,168,RB,NA,NA,5,439,11.9,37,424,23,2557,6,28,0,NA,Career,4,0,Illinois,4,28,NA,NA,2996,6.5,NA,0,NA,NA,NA
2365,Dion Lewis,31,86,5.76744186,Career,NA,0,NA,NA,NA,NA,NA,NA,NA,0,0,NA,NA,NA,NA,NA,NA,NA,NA,NA,596,186,RB,NA,NA,1,405,7.8,52,544,30,2860,5.3,31,0,NA,Career,1,0,Pitt,1,31,NA,NA,3265,5.5,NA,0,NA,NA,NA
2387,Phillip Lindsay,15,31,7.741935484,Career,NA,1,NA,0,0,1,0,NA,NA,0,0,NA,0,NA,NA,1,NA,NA,NA,NA,882,236,RB,0,NA,3,1084,9.3,117,765,36,3775,4.9,39,0,NA,Career,12,0,Colorado,13,39,1,190,4859,5.5,NA,0,NA,NA,NA
2388,Zach Line,3,75,0.64,Career,NA,2,NA,NA,NA,1,0,NA,NA,0,0,NA,NA,NA,NA,0,NA,NA,NA,NA,853,282,RB,NA,NA,0,599,8,75,778,47,4185,5.4,47,0,NA,Career,16,0,SMU,18,47,NA,NA,4784,5.6,NA,0,NA,NA,NA
2409,T.J. Logan,0,22,0,Career,NA,0,NA,0,0,0,0,NA,NA,0,0,NA,5,NA,NA,0,NA,NA,NA,NA,474,168,RB,0,NA,4,663,8.7,76,398,19,2165,5.4,23,0,NA,Career,3,0,North Carolina,3,28,NA,196,2828,6,NA,0,NA,NA,NA
2435,Kregg Lumpkin,3,34,1.411764706,Career,NA,0,NA,NA,NA,NA,NA,NA,NA,0,0,NA,0,NA,NA,NA,NA,NA,NA,NA,390,102,RB,NA,NA,2,234,6.2,38,352,15,1700,4.8,17,0,NA,Career,3,0,Georgia,3,17,NA,NA,1934,5,NA,0,NA,NA,NA
2442,Marshawn Lynch,90,149,9.66442953,NA,23.8,0,3,NA,NA,NA,NA,NA,NA,0,0,0,0,NA,4,NA,75,2,55,13.8,558,210,RB,NA,355.5,6,600,8.8,68,490,29,3230,6.6,35,0,NA,Career,3,0,California,3,35,NA,NA,3830,6.9,NA,0,NA,NA,Career
2448,Marlon Mack,19,40,7.6,Career,NA,1,NA,0,0,0,0,NA,NA,0,0,NA,0,NA,NA,0,NA,NA,NA,NA,651,198,RB,0,NA,1,498,7.7,65,586,32,3609,6.2,33,0,NA,Career,2,0,South Florida,3,33,NA,213,4107,6.3,NA,0,NA,NA,NA
2451,Tre Madden,1,22,0.727272727,Career,-45,6,0,0,0,0,0,NA,NA,0,0,1,0,NA,1,0,0,0,0,0,255,78,RB,0,-200,5,334,10.4,32,223,8,1155,5.2,13,0,0,Career,9,1,USC,15,13,0,225,1489,5.8,NA,0,NA,NA,NA
2484,Owen Marecic,0,24,0,Career,NA,23,NA,NA,NA,NA,NA,NA,NA,2,1,NA,NA,NA,NA,NA,NA,NA,NA,NA,61,66,RB,NA,NA,1,258,10.3,25,36,9,67,1.9,10,2,NA,Career,32,5.5,Stanford,55,11,NA,NA,325,5.3,NA,39,19.5,NA,NA
2489,Laurence Maroney,27,49,8.816326531,NA,0,NA,0,NA,NA,NA,NA,NA,NA,NA,NA,0,1,NA,1,NA,0,0,0,0,681,204,RB,NA,0,1,197,9.4,21,660,32,3933,6,33,NA,NA,Career,NA,NA,Minnesota,NA,34,NA,NA,4130,6.1,NA,NA,NA,NA,Career
2500,Doug Martin,43,84,8.19047619,Career,NA,15,NA,0,0,0,0,0,NA,0,0,NA,1,0,NA,0,NA,NA,NA,NA,684,288,RB,0,NA,4,715,10.7,67,617,43,3431,5.6,47,0,0,Career,18,0,Boise State,33,48,0,NA,4146,6.1,0,0,NA,NA,NA
2518,Tre Mason,7,25,4.48,Career,NA,0,NA,0,0,0,0,NA,NA,0,0,NA,2,NA,NA,0,NA,NA,NA,NA,535,210,RB,0,NA,1,249,13.1,19,516,32,2979,5.8,33,0,NA,Career,3,0,Auburn,3,35,NA,205,3228,6,NA,0,NA,NA,NA
2530,Ryan Mathews,48,86,8.930232558,Career,0,1,0,NA,NA,NA,NA,NA,NA,0,0,0,NA,NA,1,NA,0,0,0,0,553,246,RB,NA,0,2,268,14.1,19,534,39,3280,6.1,41,0,NA,Career,0,0,Fresno State,1,41,NA,NA,3548,6.4,NA,0,NA,NA,NA
2564,Deuce McAllister,61,97,10.06185567,NA,18,NA,3,NA,NA,NA,NA,NA,NA,NA,NA,0,1,NA,4,NA,75,1,52,13,699,258,RB,1,266.7,3,671,10.2,66,633,38,3181,5,41,NA,NA,Career,NA,NA,Ole Miss,NA,43,NA,NA,3852,5.5,NA,NA,NA,NA,Career
2575,Christian McCaffrey,40,48,13.33333333,Career,26.3,3,2,0,0,0,0,NA,NA,0,0,0,1,NA,3,0,66.7,2,39,13,731,198,RB,1,395.9,10,1206,12.2,99,632,21,3922,6.2,31,0,NA,Career,4,0,Stanford,7,33,NA,202,5128,7,NA,0,NA,NA,NA
2582,Dexter McCluster,23,89,4.134831461,Career,-7.2,0,1,NA,NA,NA,NA,NA,NA,0,0,2,0,NA,6,NA,16.7,1,27,4.5,434,132,RB,0,42.8,7,1703,13.1,130,304,15,1955,6.4,22,0,NA,Career,8,0,Ole Miss,8,22,NA,NA,3658,8.4,NA,0,NA,NA,NA
2584,Le'Ron McClain,13,111,1.873873874,NA,NA,1,NA,NA,NA,NA,NA,NA,NA,0,0,NA,NA,NA,NA,NA,NA,NA,NA,NA,NA,60,RB,NA,NA,NA,NA,NA,NA,NA,NA,NA,NA,NA,0,NA,Career,6,0,Alabama,7,10,NA,NA,NA,NA,NA,0,NA,NA,Career
2599,LeSean McCoy,104,160,10.4,Career,8,1,2,NA,NA,NA,NA,NA,NA,0,0,0,0,NA,4,NA,50,0,32,8,649,216,RB,NA,117.2,1,549,8.4,65,584,35,2816,4.8,36,0,NA,Career,2,0,Pitt,3,36,NA,NA,3365,5.2,NA,0,NA,NA,NA
2604,Demetrius McCray,8,49,2.612244898,Career,NA,1,NA,NA,NA,NA,NA,NA,NA,0,0,NA,0,NA,NA,NA,NA,NA,NA,NA,249,42,RB,NA,NA,2,90,4.5,20,229,5,962,4.2,7,0,NA,Career,0,0,Indiana,1,7,NA,NA,1052,4.2,NA,0,NA,NA,NA
2626,Darren McFadden,45,103,6.990291262,Career,13.6,0,14,NA,NA,NA,NA,NA,NA,0,0,1,1,NA,22,NA,63.6,7,205,9.3,831,264,RB,NA,237.8,2,365,7.9,46,785,41,4590,5.8,43,0,NA,Career,5,0,Arkansas,5,44,NA,NA,4955,6,NA,0,NA,NA,NA
2628,Willis McGahee,66,142,7.436619718,NA,NA,NA,NA,NA,NA,NA,NA,NA,NA,NA,NA,NA,0,NA,NA,NA,NA,NA,NA,NA,377,186,RB,NA,NA,0,348,12.4,28,349,31,2067,5.9,31,NA,NA,Career,NA,NA,Miami (FL),NA,31,NA,NA,2415,6.4,NA,NA,NA,NA,Career
2640,Elijah McGuire,6,24,4,Career,0,0,0,0,0,0,0,NA,NA,0,0,0,0,NA,3,0,0,0,0,0,840,312,RB,0,0,10,1394,10.7,130,710,42,4301,6.1,52,0,NA,Career,3,0,Louisiana,3,52,NA,208,5695,6.8,NA,0,NA,NA,NA
2641,Sean McHugh,2,40,0.8,NA,NA,NA,NA,NA,NA,NA,NA,NA,NA,NA,NA,NA,NA,NA,NA,NA,NA,NA,NA,NA,126,42,RB,NA,NA,1,297,6.8,44,82,6,322,3.9,7,NA,NA,Career,NA,NA,Penn State,NA,7,NA,NA,619,4.9,NA,NA,NA,NA,Career
2656,Jason McKie,3,88,0.545454545,NA,NA,NA,NA,NA,NA,NA,NA,NA,NA,NA,NA,NA,0,NA,NA,NA,NA,NA,NA,NA,213,54,RB,NA,NA,1,260,5.9,44,169,8,693,4.1,9,NA,NA,Career,NA,NA,Temple,NA,9,NA,NA,953,4.5,NA,NA,NA,NA,Career
2661,Joe McKnight,7,41,2.731707317,Career,NA,0,NA,NA,NA,NA,NA,NA,NA,0,0,NA,0,NA,NA,NA,NA,NA,NA,NA,413,90,RB,0,NA,2,542,8.2,66,347,13,2213,6.4,15,0,NA,Career,2,0,USC,2,15,NA,NA,2755,6.7,NA,0,NA,NA,NA
2691,Rashard Mendenhall,31,72,6.888888889,Career,NA,0,NA,NA,NA,NA,NA,NA,NA,0,0,NA,NA,NA,NA,NA,NA,NA,NA,NA,447,162,RB,NA,NA,5,564,9.6,59,388,22,2539,6.5,27,0,NA,Career,2,0,Illinois,2,27,NA,NA,3103,6.9,NA,0,NA,NA,NA
2699,Christine Michael,9,38,3.789473684,Career,NA,0,NA,NA,NA,NA,NA,NA,NA,0,0,NA,0,NA,NA,NA,NA,NA,NA,NA,573,210,RB,NA,NA,1,323,7.3,44,529,34,2791,5.3,35,0,NA,Career,2,0,Texas A&M,2,35,NA,NA,3114,5.4,NA,0,NA,NA,NA
2700,Sony Michel,12,29,6.620689655,Career,NA,0,NA,0,0,0,0,NA,NA,0,0,NA,0,NA,NA,0,NA,NA,NA,NA,654,234,RB,0,NA,6,621,9.7,64,590,33,3613,6.1,39,0,NA,Career,4,0,Georgia,4,39,NA,215,4234,6.5,NA,0,NA,NA,NA
2724,Lamar Miller,47,105,7.161904762,Career,NA,0,NA,NA,NA,0,0,NA,NA,0,0,NA,1,NA,NA,0,NA,NA,NA,NA,363,102,RB,0,NA,1,181,6.5,28,335,15,1918,5.7,16,0,NA,Career,1,0,Miami (FL),1,17,NA,NA,2099,5.8,NA,0,NA,NA,NA
2732,Travis Minor,11,118,1.491525424,NA,0,NA,0,NA,NA,NA,NA,NA,NA,NA,NA,0,0,NA,1,NA,0,0,0,0,770,186,RB,NA,0,3,831,7.8,106,664,28,3218,4.8,31,NA,NA,Career,NA,NA,Florida State,NA,31,NA,NA,4049,5.3,NA,NA,NA,NA,Career
2742,Joe Mixon,25,44,9.090909091,Career,46,0,1,0,0,0,0,NA,NA,0,0,0,1,NA,1,0,100,1,26,26,365,162,RB,0,648.4,9,894,13.8,65,300,17,2027,6.8,26,0,NA,Career,1,0,Oklahoma,1,27,NA,228,2921,8,NA,0,NA,NA,NA
2745,Ryan Moats,7,38,2.947368421,NA,NA,NA,NA,NA,NA,NA,NA,NA,NA,NA,NA,NA,0,NA,NA,NA,NA,NA,NA,NA,547,180,RB,0,NA,2,441,9.2,48,499,28,3112,6.2,30,NA,NA,Career,NA,NA,Louisiana Tech,NA,30,NA,NA,3553,6.5,NA,NA,NA,NA,Career
2761,D.J. Moore,16,31,8.258064516,Career,NA,54,NA,NA,NA,NA,NA,NA,NA,13,1,NA,0,NA,NA,NA,NA,NA,NA,NA,22,18,RB,0,NA,2,143,20.4,7,15,0,154,10.3,2,2,NA,Career,124,6.5,Vanderbilt,178,3,NA,205,297,13.5,NA,109,8.4,NA,NA
2774,Mewelde Moore,33,122,4.327868852,NA,3.5,NA,1,NA,NA,NA,NA,NA,NA,NA,NA,0,0,NA,4,NA,25,0,14,3.5,1098,216,RB,NA,54.4,15,2059,10.9,189,909,21,4364,4.8,36,NA,NA,Career,NA,NA,Tulane,NA,36,NA,NA,6423,5.8,NA,NA,NA,NA,Career
2782,Knowshon Moreno,35,63,8.888888889,Career,NA,NA,NA,NA,NA,NA,NA,NA,NA,NA,NA,NA,NA,NA,NA,NA,NA,NA,NA,NA,551,192,RB,0,NA,2,645,12.2,53,498,30,2734,5.5,32,NA,NA,Career,NA,NA,Georgia,NA,32,NA,NA,3379,6.1,NA,NA,NA,NA,NA
2791,Alfred Morris,39,105,5.942857143,Career,NA,3,NA,NA,NA,0,0,NA,NA,0,0,NA,0,NA,NA,0,NA,NA,NA,NA,763,186,RB,NA,NA,4,300,10,30,733,27,3529,4.8,31,0,NA,Career,10,0,Florida Atlantic,13,31,NA,NA,3829,5,NA,0,NA,NA,NA
2796,Kirk Morrison,44,112,6.285714286,NA,NA,NA,NA,NA,NA,NA,NA,NA,NA,6,1,NA,NA,NA,NA,NA,NA,NA,NA,NA,3,6,RB,NA,NA,NA,NA,NA,NA,3,0,5,1.7,0,NA,NA,Career,NA,NA,San Diego State,NA,1,NA,NA,5,1.7,NA,105,17.5,NA,Career
2797,Maurice Morris,35,145,3.862068966,NA,NA,NA,NA,NA,NA,NA,NA,NA,NA,NA,NA,NA,NA,NA,NA,NA,NA,NA,NA,NA,501,120,RB,NA,NA,3,307,8.8,35,466,17,2237,4.8,20,NA,NA,Career,NA,NA,Oregon,NA,20,NA,NA,2544,5.1,NA,NA,NA,NA,Career
2799,Sammy Morris,33,144,3.666666667,NA,NA,NA,NA,NA,NA,NA,NA,NA,NA,NA,NA,NA,NA,NA,NA,NA,NA,NA,NA,NA,205,54,RB,NA,NA,2,607,16.9,36,169,7,788,4.7,9,NA,NA,Career,NA,NA,Texas Tech,NA,9,NA,NA,1395,6.8,NA,NA,NA,NA,Career
2812,Raheem Mostert,10,50,3.2,Career,NA,8,NA,0,0,0,0,NA,NA,0,0,NA,2,NA,NA,0,NA,NA,NA,NA,155,48,RB,0,NA,0,122,6.4,19,136,6,759,5.6,6,0,NA,Career,14,1,Purdue,22,8,NA,190,881,5.7,NA,0,NA,NA,NA
2815,Ovie Mughelli,6,107,0.897196262,NA,NA,NA,NA,NA,NA,NA,NA,NA,NA,NA,NA,NA,NA,NA,NA,NA,NA,NA,NA,NA,155,78,RB,NA,NA,0,164,9.1,18,137,13,530,3.9,13,NA,NA,Career,NA,NA,Wake Forest,NA,13,NA,NA,694,4.5,NA,NA,NA,NA,Career
2834,Latavius Murray,38,93,6.537634409,Career,NA,2,NA,NA,NA,NA,NA,NA,NA,0,0,NA,1,NA,NA,NA,NA,NA,NA,NA,503,264,RB,NA,NA,6,524,10.5,50,453,37,2424,5.4,43,0,NA,Career,3,0,UCF,5,44,NA,NA,2948,5.9,NA,0,NA,NA,NA
2900,Moran Norris,1,140,0.114285714,NA,NA,NA,NA,NA,NA,NA,NA,NA,NA,NA,NA,NA,NA,NA,NA,NA,NA,NA,NA,NA,216,66,RB,NA,NA,1,87,5.1,17,199,10,864,4.3,11,NA,NA,Career,NA,NA,Kansas,NA,11,NA,NA,951,4.4,NA,NA,NA,NA,Career
2904,Jerious Norwood,21,66,5.090909091,NA,0,0,0,NA,NA,NA,NA,NA,NA,0,0,0,0,NA,1,NA,0,0,0,0,616,102,RB,0,0,2,186,4.3,43,573,15,3222,5.6,17,0,NA,Career,1,0,Mississippi State,1,17,NA,NA,3408,5.5,NA,0,NA,NA,Career
2919,Oren O'Neal,0,18,0,NA,NA,1,NA,NA,NA,NA,NA,NA,NA,0,0,NA,NA,NA,NA,NA,NA,NA,NA,NA,74,42,RB,NA,NA,3,122,7.2,17,57,4,281,4.9,7,0,NA,Career,2,0,Arkansas State,3,7,NA,NA,403,5.4,NA,0,NA,NA,Career
2931,Chris Ogbonnaya,8,53,2.41509434,Career,NA,0,NA,NA,NA,NA,NA,NA,NA,0,0,NA,0,NA,NA,NA,NA,NA,NA,NA,215,66,RB,NA,NA,3,792,10.6,75,140,8,597,4.3,11,0,NA,Career,4,0,Texas,4,11,NA,NA,1389,6.5,NA,0,NA,NA,NA
2937,Dare Ogunbowale,2,20,1.6,Career,NA,3,NA,0,0,0,0,NA,NA,0,0,NA,0,NA,NA,0,NA,NA,NA,NA,379,90,RB,0,NA,2,507,8.5,60,319,13,1518,4.8,15,0,NA,Career,12,0,Wisconsin,15,15,NA,205,2025,5.3,NA,0,NA,NA,NA
2948,Branden Oliver,8,30,4.266666667,Career,NA,2,NA,0,0,0,0,NA,NA,0,0,NA,0,NA,NA,0,NA,NA,NA,NA,941,204,RB,0,NA,1,655,8.7,75,866,33,4049,4.7,34,0,NA,Career,3,0,Buffalo,5,34,NA,208,4704,5,NA,0,NA,NA,NA
2992,Willie Parker,47,79,9.518987342,Career,NA,NA,NA,0,0,NA,NA,NA,NA,NA,NA,NA,0,NA,NA,NA,NA,NA,NA,NA,108,24,RB,0,NA,0,47,5.2,9,99,4,406,4.1,4,NA,NA,Career,NA,NA,Eastern Michigan,NA,4,NA,187,453,4.2,NA,NA,NA,NA,NA
2994,Jalen Parmele,1,36,0.444444444,Career,NA,0,NA,NA,NA,NA,NA,NA,NA,0,0,NA,1,NA,NA,NA,NA,NA,NA,NA,630,180,RB,NA,NA,1,350,8.5,41,589,28,3119,5.3,29,0,NA,Career,2,0,Toledo,2,30,NA,NA,3469,5.5,NA,0,NA,NA,NA
3023,Isaiah Pead,1,30,0.533333333,Career,NA,2,NA,NA,NA,NA,NA,NA,NA,0,0,NA,0,NA,NA,NA,NA,NA,NA,NA,632,198,RB,0,NA,6,721,8.3,87,545,27,3288,6,33,0,NA,Career,4,0,Cincinnati,6,33,NA,NA,4009,6.3,NA,0,NA,NA,NA
3025,Alvin Pearman,5,38,2.105263158,NA,NA,NA,NA,NA,NA,NA,NA,NA,NA,NA,NA,NA,0,NA,NA,NA,NA,NA,NA,NA,638,168,RB,1,NA,8,1396,10.1,138,500,19,2394,4.8,27,NA,NA,Career,NA,NA,Virginia,NA,28,NA,NA,3790,5.9,NA,NA,NA,NA,Career
3030,Cedric Peerman,4,92,0.695652174,Career,NA,2,NA,NA,NA,NA,NA,NA,NA,0,0,NA,0,NA,NA,NA,NA,NA,NA,NA,448,96,RB,NA,NA,1,344,5.2,66,382,15,1749,4.6,16,0,NA,Career,2,0,Virginia,4,16,NA,NA,2093,4.7,NA,0,NA,NA,NA
3036,Rashaad Penny,7,24,4.666666667,Career,NA,3,NA,0,0,0,0,NA,NA,0,0,NA,7,NA,NA,0,NA,NA,NA,NA,530,312,RB,1,NA,6,479,11.4,42,488,38,3656,7.5,44,0,NA,Career,3,0,San Diego State,6,52,NA,220,4135,7.8,NA,0,NA,NA,NA
3041,Samaje Perine,5,28,2.857142857,Career,NA,2,NA,0,0,0,0,NA,NA,0,0,NA,0,NA,NA,0,NA,NA,NA,NA,725,306,RB,0,NA,2,321,8,40,685,49,4122,6,51,0,NA,Career,1,0,Oklahoma,3,51,NA,233,4443,6.1,NA,0,NA,NA,NA
3043,Paul Perkins,5,29,2.75862069,Career,NA,1,NA,0,0,0,0,NA,NA,0,0,NA,0,NA,NA,0,NA,NA,NA,NA,701,192,RB,0,NA,3,739,9.2,80,621,29,3488,5.6,32,0,NA,Career,2,0,UCLA,3,32,NA,210,4227,6,NA,0,NA,NA,NA
3049,Senorise Perry,0,59,0,Career,NA,6,NA,0,0,1,2,NA,NA,0,0,NA,0,NA,NA,0,NA,NA,NA,NA,325,114,RB,0,NA,1,359,10,36,289,18,1409,4.9,19,0,NA,Career,16,1,Louisville,22,19,NA,187,1768,5.4,NA,0,NA,NA,NA
3051,Adrian Peterson,12,106,1.811320755,NA,NA,0,NA,NA,NA,NA,NA,NA,NA,0,0,NA,0,NA,NA,NA,NA,NA,NA,NA,772,252,RB,NA,NA,1,198,8.3,24,748,41,4041,5.4,42,0,NA,Career,1,0,Oklahoma,1,42,NA,NA,4239,5.5,NA,0,NA,NA,Career
3079,Bernard Pierce,10,52,3.076923077,Career,NA,NA,NA,NA,NA,NA,NA,NA,NA,NA,NA,NA,0,NA,NA,NA,NA,NA,NA,NA,682,324,RB,NA,NA,1,178,9.4,19,663,53,3570,5.4,54,NA,NA,Career,NA,NA,Temple,NA,54,NA,NA,3748,5.5,NA,NA,NA,NA,NA
3088,Antonio Pittman,3,23,2.086956522,NA,NA,0,NA,NA,NA,NA,NA,NA,NA,0,0,NA,NA,NA,NA,NA,NA,NA,NA,NA,594,132,RB,NA,NA,0,314,8.5,37,557,22,2945,5.3,22,0,NA,Career,1,0,Ohio State,1,22,NA,NA,3259,5.5,NA,0,NA,NA,Career
3093,Michael Pittman,60,151,6.357615894,NA,1.7,NA,1,NA,NA,NA,NA,NA,NA,NA,NA,1,0,NA,3,NA,33.3,1,30,10,717,192,RB,NA,160.7,3,541,7.7,70,647,29,3017,4.7,32,NA,NA,Career,NA,NA,Fresno State,NA,32,NA,NA,3558,5,NA,NA,NA,NA,Career
3100,Lousaka Polite,4,82,0.780487805,NA,NA,NA,NA,NA,NA,NA,NA,NA,NA,NA,NA,NA,0,NA,NA,NA,NA,NA,NA,NA,239,36,RB,NA,NA,2,485,8.2,59,180,4,655,3.6,6,NA,NA,Career,NA,NA,Pitt,NA,6,NA,NA,1140,4.8,NA,NA,NA,NA,Career
3102,Chris Polk,6,51,1.882352941,Career,NA,1,NA,NA,NA,NA,NA,NA,NA,0,0,NA,0,NA,NA,NA,NA,NA,NA,NA,878,180,RB,NA,NA,4,683,8.6,79,799,26,4049,5.1,30,0,NA,Career,6,0,Washington,7,30,NA,NA,4732,5.4,NA,0,NA,NA,NA
3115,Clinton Portis,82,113,11.61061947,NA,NA,NA,NA,NA,NA,NA,NA,NA,NA,NA,NA,NA,NA,NA,NA,NA,NA,NA,NA,NA,461,138,RB,NA,NA,3,272,13,21,440,20,2523,5.7,23,NA,NA,Career,NA,NA,Miami (FL),NA,23,NA,NA,2795,6.1,NA,NA,NA,NA,Career
3125,Bilal Powell,30,109,4.403669725,Career,NA,3,NA,NA,NA,NA,NA,NA,NA,0,0,NA,0,NA,NA,NA,NA,NA,NA,NA,481,132,RB,NA,NA,3,344,7.6,45,436,19,2338,5.4,22,0,NA,Career,6,0,Louisville,9,22,NA,NA,2682,5.6,NA,0,NA,NA,NA
3134,Chris Pressley,0,43,0,Career,NA,NA,NA,NA,NA,NA,NA,NA,NA,NA,NA,NA,0,NA,NA,NA,NA,NA,NA,NA,27,12,RB,NA,NA,1,8,4,2,25,1,103,4.1,2,NA,NA,Career,NA,NA,Wisconsin,NA,2,NA,NA,111,4.1,NA,NA,NA,NA,NA
3139,C.J. Prosise,5,25,3.2,Career,NA,6,NA,0,0,0,0,NA,NA,0,0,NA,0,NA,NA,0,NA,NA,NA,NA,229,90,RB,0,NA,3,896,14.5,62,167,12,1155,6.9,15,0,NA,Career,10,0,Notre Dame,16,15,NA,220,2051,9,NA,0,NA,NA,NA
3165,Bobby Rainey,11,65,2.707692308,Career,18.6,0,3,NA,NA,NA,NA,NA,NA,0,0,0,0,NA,5,NA,60,2,53,10.6,975,240,RB,0,281,5,682,8.5,80,895,35,4542,5.1,40,0,NA,Career,4,0,Western Kentucky,4,40,NA,NA,5224,5.4,NA,0,NA,NA,NA
3166,Chris Rainey,1,18,0.888888889,Career,NA,NA,NA,NA,NA,NA,NA,NA,NA,NA,NA,NA,0,NA,NA,NA,NA,NA,NA,NA,465,126,RB,2,NA,6,795,11.5,69,396,13,2464,6.2,19,NA,NA,Career,NA,NA,Florida,NA,21,NA,NA,3259,7,NA,NA,NA,NA,NA
3176,Joseph Randle,7,35,3.2,Career,18.5,1,2,NA,NA,NA,NA,NA,NA,0,0,0,0,NA,2,NA,100,0,37,18.5,672,258,RB,0,255.4,3,917,8.5,108,564,40,3085,5.5,43,0,NA,Career,4,0,Oklahoma State,5,43,NA,NA,4002,6,NA,0,NA,NA,NA
3182,Thomas Rawls,12,35,5.485714286,Career,NA,0,NA,0,0,0,0,NA,NA,0,0,NA,0,NA,NA,0,NA,NA,NA,NA,294,90,RB,0,NA,0,99,9,11,283,15,1436,5.1,15,0,NA,Career,1,0,Overall,1,15,NA,217,1535,5.2,NA,0,NA,NA,NA
3231,Ray Rice,70,92,12.17391304,Career,0,1,0,NA,NA,NA,NA,NA,NA,0,0,0,NA,NA,1,NA,0,0,0,0,947,300,RB,NA,0,1,334,9,37,910,49,4926,5.4,50,0,NA,Career,4,0,Rutgers,5,50,NA,NA,5260,5.6,NA,0,NA,NA,NA
3234,Jalen Richard,18,64,4.5,Career,NA,1,NA,0,0,0,0,NA,NA,0,0,NA,1,NA,NA,0,NA,NA,NA,NA,480,150,RB,0,NA,5,675,8.1,83,397,19,2086,5.3,24,0,NA,Career,1,0,Southern Mississippi,2,25,NA,207,2761,5.8,NA,0,NA,NA,NA
3243,Trent Richardson,18,46,6.260869565,Career,NA,3,NA,NA,NA,1,0,NA,NA,0,0,NA,1,NA,NA,0,NA,NA,NA,NA,608,258,RB,NA,NA,7,730,10.7,68,540,35,3130,5.8,42,0,NA,Career,10,0,Alabama,13,43,NA,NA,3860,6.3,NA,0,NA,NA,NA
3244,Theo Riddick,26,84,4.952380952,Career,NA,0,NA,NA,NA,0,0,NA,NA,0,0,NA,0,NA,NA,0,NA,NA,NA,NA,364,78,RB,0,NA,8,1263,10.5,120,244,5,1169,4.8,13,0,NA,Career,1,0,Notre Dame,1,13,NA,NA,2432,6.7,NA,0,NA,NA,NA
3247,Stevan Ridley,27,74,5.837837838,Career,NA,16,NA,NA,NA,NA,NA,NA,NA,0,0,NA,NA,NA,NA,NA,NA,NA,NA,NA,323,114,RB,NA,NA,0,94,5.5,17,306,19,1419,4.6,19,0,NA,Career,10,0,LSU,26,19,NA,NA,1513,4.7,NA,0,NA,NA,NA
3253,Javon Ringer,4,37,1.72972973,Career,NA,1,NA,NA,NA,NA,NA,NA,NA,0,0,NA,0,NA,NA,NA,NA,NA,NA,NA,939,210,RB,NA,NA,1,719,7.5,96,843,34,4398,5.2,35,0,NA,Career,4,0,Michigan State,5,35,NA,NA,5117,5.4,NA,0,NA,NA,NA
3266,Michael Roberts,1,23,0.695652174,Career,NA,NA,NA,NA,NA,NA,NA,NA,NA,NA,NA,NA,NA,NA,NA,NA,NA,NA,NA,NA,15,NA,RB,NA,NA,NA,NA,NA,NA,15,0,42,2.8,0,NA,NA,Career,NA,NA,Oklahoma State,NA,NA,NA,NA,42,2.8,NA,NA,NA,NA,NA
3280,Demarcus Robinson,10,64,2.5,Career,NA,NA,NA,0,0,NA,NA,NA,NA,NA,NA,NA,0,NA,NA,NA,NA,NA,NA,NA,133,36,RB,0,NA,1,76,8.4,9,124,5,482,3.9,6,NA,NA,Career,NA,NA,Kansas State,NA,6,NA,209,558,4.2,NA,NA,NA,NA,NA
3304,Jacquizz Rodgers,27,110,3.927272727,Career,32.5,0,2,NA,NA,NA,NA,NA,NA,0,0,0,NA,NA,2,NA,100,2,25,12.5,939,306,RB,NA,535,5,1056,7,151,788,46,3877,4.9,51,0,NA,Career,2,0,Oregon State,2,51,NA,NA,4933,5.3,NA,0,NA,NA,NA
3341,Evan Royster,4,32,2,Career,NA,0,NA,NA,NA,NA,NA,NA,NA,0,0,NA,NA,NA,NA,NA,NA,NA,NA,NA,747,192,RB,0,NA,3,562,9.2,61,686,29,3932,5.7,32,0,NA,Career,2,0,Penn State,2,32,NA,NA,4494,6,NA,0,NA,NA,NA
3350,Gary Russell,1,27,0.592592593,NA,0,NA,0,NA,NA,NA,NA,NA,NA,NA,NA,0,0,NA,1,NA,0,0,0,0,226,114,RB,NA,0,1,168,10.5,16,210,18,1274,6.1,19,NA,NA,Career,NA,NA,Minnesota,NA,19,NA,NA,1442,6.4,NA,NA,NA,NA,Career
3371,Curtis Samuel,12,38,5.052631579,Career,NA,4,NA,0,0,0,0,NA,NA,0,0,NA,0,NA,NA,0,NA,NA,NA,NA,279,144,RB,0,NA,9,1249,11.7,107,172,15,1286,7.5,24,0,NA,Career,5,0,Ohio State,9,24,NA,196,2535,9.1,NA,0,NA,NA,NA
3384,Bishop Sankey,6,29,3.310344828,Career,NA,0,NA,0,0,0,0,NA,NA,0,0,NA,0,NA,NA,0,NA,NA,NA,NA,711,228,RB,0,NA,1,567,8.5,67,644,37,3496,5.4,38,0,NA,Career,2,0,Washington,2,38,NA,203,4063,5.7,NA,0,NA,NA,NA
3389,Cecil Sapp,2,61,0.524590164,NA,13.5,NA,1,NA,NA,NA,NA,NA,NA,NA,NA,0,NA,NA,2,NA,50,1,7,3.5,519,174,RB,NA,244.4,1,110,7.3,15,504,28,2482,4.9,29,NA,NA,Career,NA,NA,Colorado State,NA,29,NA,NA,2592,5,NA,NA,NA,NA,Career
3408,Owen Schmitt,1,74,0.216216216,Career,NA,0,NA,NA,NA,NA,NA,NA,NA,0,0,NA,0,NA,NA,NA,NA,NA,NA,NA,192,90,RB,NA,NA,2,288,9,32,160,13,1003,6.3,15,0,NA,Career,2,0,West Virginia,2,15,NA,NA,1291,6.7,NA,0,NA,NA,NA
3428,Da'Rel Scott,1,20,0.8,Career,17.7,NA,2,NA,NA,NA,NA,NA,NA,NA,NA,0,0,NA,3,NA,66.7,2,13,4.3,478,126,RB,NA,323.1,4,509,10.6,48,430,17,2401,5.6,21,NA,NA,Career,NA,NA,Maryland,NA,21,NA,NA,2910,6.1,NA,NA,NA,NA,NA
3484,Anthony Sherman,6,140,0.685714286,Career,NA,19,NA,NA,NA,NA,NA,NA,NA,0,0,NA,0,NA,NA,NA,NA,NA,NA,NA,NA,6,RB,NA,NA,NA,NA,NA,NA,NA,NA,NA,NA,NA,0,NA,Career,44,0,Connecticut,63,1,NA,NA,NA,NA,NA,0,NA,NA,NA
3511,Chad Simpson,3,28,1.714285714,NA,NA,NA,NA,NA,NA,NA,NA,NA,NA,NA,NA,NA,1,NA,NA,NA,NA,NA,NA,NA,17,6,RB,NA,NA,NA,NA,NA,NA,17,0,86,5.1,0,NA,NA,Career,NA,NA,South Florida,NA,1,NA,NA,86,5.1,NA,NA,NA,NA,Career
3515,Charles Sims,14,47,4.765957447,Career,0,0,0,0,0,0,0,NA,NA,0,0,0,0,NA,1,0,0,0,0,0,795,306,RB,0,0,11,2108,10.4,203,592,40,3465,5.9,51,0,NA,Career,3,0,Overall,3,51,NA,213,5573,7,NA,0,NA,NA,NA
3530,Steve Slaton,20,45,7.111111111,Career,NA,0,NA,NA,NA,NA,NA,NA,NA,0,0,NA,0,NA,NA,NA,NA,NA,NA,NA,729,330,RB,NA,NA,5,805,12.4,65,664,50,3923,5.9,55,0,NA,Career,3,0,West Virginia,3,55,NA,NA,4728,6.5,NA,0,NA,NA,NA
3534,Wendell Smallwood,10,52,3.076923077,Career,NA,1,NA,0,0,0,0,NA,NA,0,0,NA,0,NA,NA,0,NA,NA,NA,NA,493,72,RB,0,NA,0,618,9.1,68,425,12,2462,5.8,12,0,NA,Career,4,0,West Virginia,5,12,NA,201,3080,6.2,NA,0,NA,NA,NA
3540,Alfonso Smith,2,49,0.653061224,Career,NA,8,NA,NA,NA,NA,NA,NA,NA,0,0,NA,0,NA,NA,NA,NA,NA,NA,NA,245,60,RB,NA,NA,2,322,10.7,30,215,8,957,4.5,10,0,NA,Career,20,0,Kentucky,28,10,NA,NA,1279,5.2,NA,0,NA,NA,NA
3542,Antone Smith,5,67,1.194029851,2005,NA,NA,NA,NA,NA,NA,NA,NA,9,0,0,NA,0,NA,NA,NA,NA,NA,NA,NA,41,18,RB,NA,NA,0,25,5,5,36,3,188,5.2,3,NA,NA,2005,NA,NA,Florida State,NA,3,NA,NA,213,5.2,NA,0,NA,NA,NA
3543,Anthony Smith,13,76,2.736842105,Career,NA,NA,NA,0,0,NA,NA,NA,NA,NA,NA,NA,0,NA,NA,NA,NA,NA,NA,NA,77,18,RB,0,NA,0,4,1.3,3,74,3,352,4.8,3,NA,NA,Career,NA,NA,Texas State,NA,3,NA,200,356,4.6,NA,NA,NA,NA,NA
3546,Clifton Smith,2,24,1.333333333,Career,0,1,0,NA,NA,NA,NA,NA,NA,1,0,0,0,NA,1,NA,0,0,0,0,136,60,RB,5,0,0,368,10.8,34,102,5,630,6.2,5,0,NA,Career,2,0,Fresno State,3,10,NA,NA,998,7.3,NA,18,18,NA,NA
3555,Eric Smith,18,96,3,Career,NA,5,NA,NA,NA,NA,NA,NA,NA,0,0,NA,0,NA,NA,NA,NA,NA,NA,NA,67,12,RB,NA,NA,1,278,11.1,25,42,1,182,4.3,2,0,NA,Career,5,0,Auburn,10,2,NA,NA,460,6.9,NA,0,NA,NA,NA
3559,Ito Smith,4,21,3.047619048,Career,NA,0,NA,0,0,0,0,NA,NA,0,0,NA,0,NA,NA,0,NA,NA,NA,NA,960,294,RB,0,NA,7,1446,10.3,140,820,42,4538,5.5,49,0,NA,Career,5,0,Southern Mississippi,5,49,NA,195,5984,6.2,NA,0,NA,NA,NA
3566,Kevin Smith,20,54,5.925925926,Career,32,0,1,NA,NA,NA,NA,NA,NA,0,0,0,NA,NA,1,NA,100,1,12,12,960,276,RB,NA,530.8,1,444,8.1,55,905,45,4679,5.2,46,0,NA,Career,4,0,UCF,4,46,NA,NA,5123,5.3,NA,0,NA,NA,NA
3578,Rod Smith,5,55,1.454545455,Career,NA,2,NA,0,0,0,0,NA,NA,0,0,NA,0,NA,NA,0,NA,NA,NA,NA,116,60,RB,0,NA,2,94,10.4,9,107,8,549,5.1,10,0,NA,Career,2,0,Ohio State,4,10,NA,231,643,5.5,NA,0,NA,NA,NA
3585,Terrelle Smith,2,146,0.219178082,NA,NA,NA,NA,NA,NA,NA,NA,NA,NA,NA,NA,NA,NA,NA,NA,NA,NA,NA,NA,NA,33,6,RB,NA,NA,0,95,8.6,11,22,1,126,5.7,1,NA,NA,Career,NA,NA,Arizona State,NA,1,NA,NA,221,6.7,NA,NA,NA,NA,Career
3604,Jason Snelling,23,96,3.833333333,NA,NA,0,NA,NA,NA,NA,NA,NA,NA,0,0,NA,NA,NA,NA,NA,NA,NA,NA,NA,360,84,RB,NA,NA,4,775,9.2,84,276,10,1324,4.8,14,0,NA,Career,4,0,Virginia,4,14,NA,NA,2099,5.8,NA,0,NA,NA,Career
3636,C.J. Spiller,37,90,6.577777778,Career,24,0,2,NA,NA,NA,NA,NA,NA,0,0,0,7,NA,3,NA,66.7,2,32,10.7,729,306,RB,1,376.3,11,1420,11.5,123,606,32,3547,5.9,43,0,NA,Career,1,0,Clemson,1,51,NA,NA,4967,6.8,NA,0,NA,NA,NA
3643,Darren Sproles,80,183,6.994535519,NA,0,NA,0,NA,NA,NA,NA,NA,NA,NA,NA,0,0,NA,1,NA,0,0,0,0,881,288,RB,1,0,2,609,9.2,66,815,45,4979,6.1,47,NA,NA,Career,NA,NA,Kansas State,NA,48,NA,NA,5588,6.3,NA,NA,NA,NA,Career
3648,Zac Stacy,11,35,5.028571429,Career,-0.3,0,3,NA,NA,NA,NA,NA,NA,0,0,2,0,NA,10,NA,30,1,67,6.7,627,180,RB,0,79.3,0,415,9,46,581,30,3143,5.4,30,0,NA,Career,4,0,Vanderbilt,4,30,NA,NA,3558,5.7,NA,0,NA,NA,NA
3661,James Starks,30,76,6.315789474,Career,5,NA,1,NA,NA,NA,NA,NA,NA,NA,NA,0,0,NA,1,NA,100,0,5,5,825,222,RB,NA,142,3,898,7.1,127,698,34,3140,4.5,37,NA,NA,Career,NA,NA,Buffalo,NA,37,NA,NA,4038,4.9,NA,NA,NA,NA,NA
3665,Aaron Stecker,21,129,2.604651163,NA,NA,NA,NA,NA,NA,NA,NA,NA,NA,NA,NA,NA,1,NA,NA,NA,NA,NA,NA,NA,144,60,RB,1,NA,0,140,6.4,22,122,8,626,5.1,8,NA,NA,Career,NA,NA,Wisconsin,NA,10,NA,NA,766,5.3,NA,NA,NA,NA,Career
3671,LaRod Stephens-Howling,10,58,2.75862069,Career,NA,NA,NA,NA,NA,NA,NA,NA,NA,NA,NA,NA,1,NA,NA,NA,NA,NA,NA,NA,481,102,RB,NA,NA,1,454,8.7,52,429,15,1959,4.6,16,NA,NA,Career,NA,NA,Pitt,NA,17,NA,NA,2413,5,NA,NA,NA,NA,NA
3680,Jeremy Stewart,1,23,0.695652174,Career,NA,1,NA,NA,NA,0,0,NA,NA,0,0,NA,0,NA,NA,0,NA,NA,NA,NA,227,90,RB,NA,NA,1,123,6.8,18,209,14,920,4.4,15,0,NA,Career,8,0,Stanford,9,15,NA,NA,1043,4.6,NA,0,NA,NA,NA
3681,Jonathan Stewart,59,134,7.044776119,Career,NA,0,NA,NA,NA,NA,NA,NA,NA,0,0,NA,2,NA,NA,NA,NA,NA,NA,NA,565,198,RB,NA,NA,4,334,6.8,49,516,27,2891,5.6,31,0,NA,Career,4,0,Oregon,4,33,NA,NA,3225,5.7,NA,0,NA,NA,NA
3717,Frank Summers,1,27,0.592592593,Career,NA,0,NA,NA,NA,NA,NA,NA,NA,0,0,NA,NA,NA,NA,NA,NA,NA,NA,NA,421,120,RB,NA,NA,6,402,11.2,36,385,14,1668,4.3,20,0,NA,Career,1,0,UNLV,1,20,NA,NA,2070,4.9,NA,0,NA,NA,NA
3723,Tyrell Sutton,2,16,2,Career,NA,2,NA,NA,NA,NA,NA,NA,NA,0,0,NA,0,NA,NA,NA,NA,NA,NA,NA,880,222,RB,NA,NA,6,1244,8.3,149,731,31,3886,5.3,37,0,NA,Career,4,0,Northwestern,6,37,NA,NA,5130,5.8,NA,0,NA,NA,NA
3737,Naufahu Tahi,1,56,0.285714286,NA,0,NA,0,NA,NA,NA,NA,NA,NA,NA,NA,0,NA,NA,1,NA,0,0,0,0,295,102,RB,NA,0,5,658,9.3,71,224,12,913,4.1,17,NA,NA,Career,NA,NA,Brigham Young,NA,17,NA,NA,1571,5.3,NA,NA,NA,NA,Career
3744,Phillip Tanner,2,41,0.780487805,Career,NA,3,NA,NA,NA,NA,NA,NA,NA,0,0,NA,1,NA,NA,NA,NA,NA,NA,NA,472,210,RB,NA,NA,1,481,11.5,42,430,33,2024,4.7,34,1,NA,Career,18,1,Middle Tennessee State,21,35,NA,NA,2505,5.3,NA,0,NA,NA,NA
3746,Thomas Tapeh,2,41,0.780487805,NA,44.5,NA,2,NA,NA,NA,NA,NA,NA,NA,NA,0,NA,NA,2,NA,100,1,69,34.5,429,162,RB,NA,554.8,3,219,11.5,19,410,24,1958,4.8,27,NA,NA,Career,NA,NA,Minnesota,NA,27,NA,NA,2177,5.1,NA,NA,NA,NA,Career
3751,Ben Tate,15,51,4.705882353,Career,NA,1,NA,NA,NA,NA,NA,NA,NA,0,0,NA,0,NA,NA,NA,NA,NA,NA,NA,731,144,RB,NA,NA,0,336,6.3,53,678,24,3321,4.9,24,0,NA,Career,3,0,Auburn,4,24,NA,NA,3657,5,NA,0,NA,NA,NA
3758,Chester Taylor,47,151,4.98013245,NA,19,NA,2,NA,NA,NA,NA,NA,NA,NA,NA,0,0,NA,3,NA,66.7,2,17,5.7,864,360,RB,NA,334.3,5,554,9.1,61,803,55,4646,5.8,60,NA,NA,Career,NA,NA,Toledo,NA,60,NA,NA,5200,6,NA,NA,NA,NA,Career
3762,Fred Taylor,110,153,11.50326797,NA,NA,NA,NA,NA,NA,NA,NA,NA,NA,NA,NA,NA,NA,NA,NA,NA,NA,NA,NA,NA,604,186,RB,NA,NA,0,717,10.7,67,537,31,3075,5.7,31,NA,NA,Career,NA,NA,Florida,NA,31,NA,NA,3792,6.3,NA,NA,NA,NA,Career
3766,Jamar Taylor,16,90,2.844444444,Career,NA,4,NA,NA,NA,NA,NA,NA,NA,0,0,NA,NA,NA,NA,NA,NA,NA,NA,NA,126,30,RB,NA,NA,0,70,7.8,9,117,5,477,4.1,5,0,NA,Career,2,0,South Florida,6,5,NA,NA,547,4.3,NA,0,NA,NA,NA
3768,Jordan Taylor,3,26,1.846153846,Career,NA,NA,NA,NA,NA,NA,NA,NA,NA,NA,NA,NA,NA,NA,NA,NA,NA,NA,NA,NA,1,NA,RB,NA,NA,NA,NA,NA,NA,1,0,0,0,0,NA,NA,Career,NA,NA,Marshall,NA,NA,NA,NA,0,0,NA,NA,NA,NA,NA
3771,Stepfan Taylor,3,61,0.786885246,Career,NA,1,NA,NA,NA,0,0,NA,NA,0,0,NA,0,NA,NA,0,NA,NA,NA,NA,940,270,RB,NA,NA,5,778,8,97,843,40,4300,5.1,45,0,NA,Career,2,0,Stanford,3,45,NA,NA,5078,5.4,NA,0,NA,NA,NA
3788,Marcus Thigpen,4,50,1.28,Career,20,NA,1,NA,NA,NA,NA,NA,NA,NA,NA,0,3,NA,1,NA,100,0,20,20,421,126,RB,NA,268,9,1028,12.2,84,337,9,1621,4.8,18,NA,NA,Career,NA,NA,Indiana,NA,21,NA,NA,2649,6.3,NA,NA,NA,NA,NA
3794,Chris Thompson,21,66,5.090909091,Career,NA,0,NA,NA,NA,NA,NA,NA,NA,0,0,NA,0,NA,NA,NA,NA,NA,NA,NA,322,90,RB,0,NA,1,430,9.6,45,277,14,1735,6.3,15,0,NA,Career,1,0,Florida State,1,15,NA,NA,2165,6.7,NA,0,NA,NA,NA
3799,Daniel Thomas,12,52,3.692307692,Career,12.5,0,7,NA,NA,NA,NA,NA,NA,0,0,1,0,NA,12,NA,58.3,2,155,12.9,597,180,RB,NA,205.2,0,428,8.2,52,545,30,2850,5.2,30,0,NA,Career,3,0,Kansas State,3,30,NA,192,3278,5.5,NA,0,NA,NA,NA
3804,De'Anthony Thomas,7,69,1.623188406,Career,NA,0,NA,0,0,0,0,NA,NA,0,0,NA,4,NA,NA,0,NA,NA,NA,NA,356,276,RB,1,NA,15,1296,11.5,113,243,26,1890,7.8,41,0,NA,Career,5,0,Oregon,5,46,NA,176,3186,8.9,NA,0,NA,NA,NA
3813,Jordan Thomas,2,21,1.523809524,Career,NA,5,NA,NA,NA,NA,NA,NA,NA,0,0,NA,0,NA,NA,NA,NA,NA,NA,NA,111,24,RB,1,NA,2,223,13.9,16,95,1,417,4.4,3,0,NA,Career,5,0,Rutgers,10,4,NA,NA,640,5.8,NA,0,NA,NA,NA
3816,Juwan Thompson,3,38,1.263157895,Career,NA,5,NA,0,0,0,0,NA,NA,0,0,NA,0,NA,NA,0,NA,NA,NA,NA,330,72,RB,0,NA,3,397,7.1,56,274,9,1244,4.5,12,0,NA,Career,10,0,Duke,15,12,NA,225,1641,5,NA,0,NA,NA,NA
3825,Pierre Thomas,52,110,7.563636364,NA,NA,1,NA,NA,NA,NA,NA,NA,NA,0,0,NA,1,NA,NA,NA,NA,NA,NA,NA,510,144,RB,NA,NA,3,411,7.2,57,453,20,2545,5.6,23,0,NA,Career,2,0,Illinois,3,24,NA,NA,2956,5.8,NA,0,NA,NA,Career
3851,Zurlon Tipton,2,16,2,Career,NA,1,NA,0,0,0,0,NA,NA,0,0,NA,0,NA,NA,0,NA,NA,NA,NA,513,210,RB,0,NA,1,524,10.1,52,461,34,2468,5.4,35,0,NA,Career,4,0,Central Michigan,5,35,NA,221,2992,5.8,NA,0,NA,NA,NA
3852,Jordan Todman,5,75,1.066666667,Career,0,1,0,NA,NA,NA,NA,NA,NA,0,0,0,1,NA,1,NA,0,0,0,0,658,192,RB,NA,0,0,283,6.7,42,616,31,3179,5.2,31,0,NA,Career,1,0,Connecticut,2,32,NA,NA,3462,5.3,NA,0,NA,NA,NA
3861,LaDainian Tomlinson,157,170,14.77647059,NA,NA,NA,NA,NA,NA,NA,NA,NA,NA,NA,NA,NA,0,NA,NA,NA,NA,NA,NA,NA,986,336,RB,NA,NA,0,267,6.2,43,943,56,5387,5.7,56,NA,NA,Career,NA,NA,Texas Christian,NA,56,NA,NA,5654,5.7,NA,NA,NA,NA,Career
3867,Ryan Torain,5,22,3.636363636,Career,NA,0,NA,NA,NA,NA,NA,NA,NA,0,0,NA,NA,NA,NA,NA,NA,NA,NA,NA,358,102,RB,NA,NA,5,305,12.2,25,333,12,1782,5.4,17,0,NA,Career,2,0,Arizona State,2,17,NA,NA,2087,5.8,NA,0,NA,NA,NA
3871,Keith Toston,2,21,1.523809524,Career,21,2,1,NA,NA,NA,NA,NA,NA,0,0,0,0,NA,1,NA,100,1,1,1,524,180,RB,NA,438.4,3,507,9.9,51,473,27,2725,5.8,30,0,NA,Career,5,0,Oklahoma State,7,30,NA,NA,3232,6.2,NA,0,NA,NA,NA
3872,Fitzgerald Toussaint,1,31,0.516129032,Career,NA,1,NA,0,0,0,0,NA,NA,0,0,NA,0,NA,NA,0,NA,NA,NA,NA,541,180,RB,0,NA,2,298,9.6,31,510,28,2290,4.5,30,0,NA,Career,0,0,Michigan,1,30,NA,200,2588,4.8,NA,0,NA,NA,NA
3905,Robert Turbin,17,82,3.317073171,Career,NA,NA,NA,NA,NA,NA,NA,NA,NA,NA,NA,NA,NA,NA,NA,NA,NA,NA,NA,NA,632,306,RB,NA,NA,11,845,12.6,67,565,40,3315,5.9,51,NA,NA,Career,NA,NA,Utah State,NA,51,NA,NA,4160,6.6,NA,NA,NA,NA,NA
3956,Shane Vereen,27,79,5.46835443,Career,0,NA,0,NA,NA,NA,NA,NA,NA,NA,NA,0,0,NA,3,NA,0,0,0,0,630,210,RB,0,0,6,674,9.1,74,556,29,2834,5.1,35,NA,NA,Career,NA,NA,California,NA,35,NA,NA,3508,5.6,NA,NA,NA,NA,NA
3961,Lawrence Vickers,3,106,0.452830189,NA,NA,0,NA,NA,NA,NA,NA,NA,NA,0,0,NA,NA,NA,NA,NA,NA,NA,NA,NA,241,96,RB,1,NA,3,572,8.2,70,171,12,635,3.7,15,0,NA,Career,1,0,Colorado,1,16,NA,NA,1207,5,NA,0,NA,NA,Career
4015,Mark Walton,3,21,2.285714286,Career,NA,4,NA,0,0,0,0,NA,NA,0,0,NA,0,NA,NA,0,NA,NA,NA,NA,451,168,RB,0,NA,2,624,11.1,56,395,26,2006,5.1,28,0,NA,Career,4,0,Miami (FL),8,28,NA,205,2630,5.8,NA,0,NA,NA,NA
4018,Derrick Ward,27,93,4.64516129,NA,NA,NA,NA,NA,NA,NA,NA,NA,NA,NA,NA,NA,0,NA,NA,NA,NA,NA,NA,NA,180,60,RB,0,NA,0,49,16.3,3,177,10,1013,5.7,10,NA,NA,Career,NA,NA,Fresno State,NA,10,NA,NA,1062,5.9,NA,NA,NA,NA,Career
4024,Terron Ward,3,32,1.5,Career,6,4,1,0,0,0,0,NA,NA,0,0,0,0,NA,1,0,100,0,6,6,464,150,RB,0,150.4,3,664,7.6,87,377,22,1843,4.9,25,0,NA,Career,10,0,Oregon State,14,25,NA,201,2507,5.4,NA,0,NA,NA,NA
4025,Danny Ware,5,61,1.31147541,NA,NA,NA,NA,NA,NA,NA,NA,NA,NA,NA,NA,NA,0,NA,NA,NA,NA,NA,NA,NA,348,60,RB,NA,NA,2,357,12.8,28,320,8,1510,4.7,10,NA,NA,Career,NA,NA,Georgia,NA,10,NA,NA,1867,5.4,NA,NA,NA,NA,Career
4028,Spencer Ware,18,43,6.697674419,Career,29.5,1,1,NA,NA,0,0,NA,NA,0,0,0,NA,NA,2,0,50,1,39,19.5,334,72,RB,NA,378.8,2,404,10.4,39,295,10,1249,4.2,12,0,NA,Career,2,0,LSU,3,12,NA,NA,1653,4.9,NA,0,NA,NA,NA
4041,Dwayne Washington,4,46,1.391304348,Career,NA,3,NA,0,0,0,0,NA,NA,0,0,NA,0,NA,NA,0,NA,NA,NA,NA,267,126,RB,0,NA,4,411,10,41,226,17,1311,5.8,21,0,NA,Career,8,0,Washington,11,21,NA,226,1722,6.4,NA,0,NA,NA,NA
4043,James Washington,8,29,4.413793103,Career,NA,1,NA,NA,NA,NA,NA,NA,NA,0,0,NA,0,NA,NA,NA,NA,NA,NA,NA,427,78,RB,NA,NA,2,602,7.3,82,345,11,1265,3.7,13,0,NA,Career,1,0,North Carolina State,2,13,NA,NA,1867,4.4,NA,0,NA,NA,NA
4045,Leon Washington,34,126,4.317460317,NA,NA,0,NA,NA,NA,NA,NA,1,NA,0,0,NA,1,0,NA,NA,NA,NA,NA,NA,424,96,RB,1,NA,1,481,8.7,55,369,12,2041,5.5,13,0,NA,Career,2,0,Florida State,2,16,NA,NA,2522,5.9,0,0,NA,NA,Career
4061,Justin Watson,1,28,0.571428571,NA,NA,NA,NA,NA,NA,NA,NA,NA,NA,NA,NA,NA,NA,NA,NA,NA,NA,NA,NA,NA,184,42,RB,NA,NA,0,49,6.1,8,176,7,879,5,7,NA,NA,Career,NA,NA,San Diego State,NA,7,NA,NA,928,5,NA,NA,NA,NA,Career
4116,Corey White,13,66,3.151515152,NA,NA,0,NA,NA,NA,NA,NA,NA,NA,0,0,NA,0,NA,NA,NA,NA,NA,NA,NA,449,162,RB,NA,NA,2,287,7.2,40,409,25,1925,4.7,27,0,NA,Career,1,0,UAB,1,27,NA,NA,2212,4.9,NA,0,NA,NA,Career
4121,Fozzy Whittaker,8,67,1.910447761,Career,0,0,0,NA,NA,NA,NA,NA,NA,0,0,0,2,NA,1,NA,0,0,0,0,82,54,RB,NA,0,1,145,9.1,16,66,6,386,5.8,7,0,NA,Career,2,0,Texas,2,9,NA,NA,531,6.5,NA,0,NA,NA,NA
4123,James White,36,78,7.384615385,Career,NA,0,NA,0,0,0,0,NA,NA,0,0,NA,0,NA,NA,0,NA,NA,NA,NA,348,78,RB,0,NA,2,397,7.5,53,295,11,1378,4.7,13,0,NA,Career,1,0,Iowa State,1,13,NA,192,1775,5.1,NA,0,NA,NA,NA
4126,Johnny White,0,19,0,Career,NA,11,NA,NA,NA,NA,NA,NA,NA,0,0,NA,0,NA,NA,NA,NA,NA,NA,NA,293,54,RB,NA,NA,1,510,10.9,47,246,8,1262,5.1,9,0,NA,Career,17,0,North Carolina,28,9,NA,NA,1772,6,NA,0,NA,NA,NA
4153,Jordan Wilkins,5,30,2.666666667,Career,25.5,0,1,0,0,0,0,NA,NA,0,0,0,0,NA,2,0,50,1,31,15.5,311,90,RB,0,345.2,1,322,10.1,32,279,14,1751,6.3,15,0,NA,Career,1,0,Ole Miss,1,15,NA,217,2073,6.7,NA,0,NA,NA,NA
4156,Andre Williams,7,41,2.731707317,Career,NA,1,NA,0,0,0,0,NA,NA,0,0,NA,0,NA,NA,0,NA,NA,NA,NA,714,168,RB,0,NA,0,60,6,10,704,28,3739,5.3,28,0,NA,Career,2,0,Boston College,3,28,NA,227,3799,5.3,NA,0,NA,NA,NA
4159,Brandon Williams,50,97,8.24742268,Career,NA,11,NA,0,0,0,0,NA,NA,0,0,NA,0,NA,NA,7,NA,NA,NA,NA,193,30,RB,0,NA,1,85,5.7,15,178,4,870,4.9,5,0,NA,Career,27,1,Overall,38,5,NA,205,955,4.9,NA,0,NA,NA,NA
4168,Damien Williams,18,85,3.388235294,Career,NA,0,NA,0,0,0,0,NA,NA,0,0,NA,0,NA,NA,0,NA,NA,NA,NA,333,114,RB,0,NA,1,410,9.5,43,290,18,1499,5.2,19,0,NA,Career,2,0,Oklahoma,2,19,NA,211,1909,5.7,NA,0,NA,NA,NA
4171,Darrel Williams,4,18,3.555555556,Career,NA,6,NA,0,0,0,0,NA,NA,0,0,NA,0,NA,NA,0,NA,NA,NA,NA,359,114,RB,0,NA,0,462,12.2,38,321,19,1651,5.1,19,0,NA,Career,2,0,LSU,8,19,NA,229,2113,5.9,NA,0,NA,NA,NA
4173,DeAngelo Williams,73,142,8.225352113,NA,0,NA,0,NA,NA,NA,NA,NA,NA,NA,NA,0,0,NA,2,NA,0,0,0,0,1039,360,RB,NA,0,5,723,10.3,70,969,55,6026,6.2,60,NA,NA,Career,NA,NA,Memphis,NA,60,NA,NA,6749,6.5,NA,NA,NA,NA,Career
4182,Jamaal Williams,16,46,5.565217391,Career,NA,0,NA,0,0,0,0,NA,NA,0,0,NA,0,NA,NA,0,NA,NA,NA,NA,786,216,RB,0,NA,1,567,9.5,60,726,35,3901,5.4,36,0,NA,Career,4,0,Brigham Young,4,36,NA,213,4468,5.7,NA,0,NA,NA,NA
4190,Keiland Williams,5,44,1.818181818,Career,21,1,1,NA,NA,NA,NA,NA,NA,0,0,0,0,NA,2,NA,50,1,22,11,327,114,RB,NA,307.4,2,273,9.8,28,299,17,1699,5.7,19,0,NA,Career,0,0,LSU,1,19,NA,NA,1972,6,NA,0,NA,NA,NA
4191,Kerwynn Williams,6,39,2.461538462,Career,0,1,0,NA,NA,NA,NA,NA,NA,0,0,0,1,NA,1,NA,0,0,0,0,446,168,RB,0,0,5,870,13.6,64,382,22,2515,6.6,27,0,NA,Career,5,0,Utah State,6,28,NA,NA,3385,7.6,NA,0,NA,NA,NA
4233,David Wilson,5,21,3.80952381,Career,NA,0,NA,NA,NA,NA,NA,NA,NA,0,0,NA,2,NA,NA,NA,NA,NA,NA,NA,499,150,RB,NA,NA,5,363,9.8,37,462,18,2662,5.8,23,0,NA,Career,1,0,Virginia Tech,1,25,NA,NA,3025,6.1,NA,0,NA,NA,NA
4241,Jimmy Wilson,12,73,2.630136986,NA,NA,NA,NA,NA,NA,NA,NA,NA,NA,NA,NA,NA,NA,NA,NA,NA,NA,NA,NA,NA,17,6,RB,NA,NA,0,8,8,1,16,1,32,2,1,NA,NA,Career,NA,NA,Washington State,NA,1,NA,NA,40,2.4,NA,NA,NA,NA,Career
4259,George Winn,0,19,0,Career,57,7,1,NA,NA,NA,NA,NA,NA,0,0,0,NA,NA,1,NA,100,1,37,37,340,90,RB,NA,740.8,0,159,8.4,19,321,15,1710,5.3,15,0,NA,Career,11,0,Cincinnati,18,15,NA,NA,1869,5.5,NA,0,NA,NA,NA
4273,Garrett Wolfe,2,50,0.64,NA,NA,0,NA,NA,NA,NA,NA,NA,NA,0,0,NA,0,NA,NA,NA,NA,NA,NA,NA,865,342,RB,NA,NA,5,588,10.1,58,807,52,5164,6.4,57,0,NA,Career,1,0,Northern Illinois,1,57,NA,NA,5752,6.6,NA,0,NA,NA,Career
4299,Jason Wright,10,80,2,NA,NA,NA,NA,NA,NA,NA,NA,NA,NA,NA,NA,NA,1,NA,NA,NA,NA,NA,NA,NA,543,210,RB,NA,NA,2,577,10.7,54,489,32,2625,5.4,34,NA,NA,Career,NA,NA,Northwestern,NA,35,NA,NA,3202,5.9,NA,NA,NA,NA,Career
4301,James Wright,2,24,1.333333333,Career,NA,0,NA,NA,NA,NA,NA,NA,NA,0,0,NA,NA,NA,NA,NA,NA,NA,NA,NA,278,36,RB,NA,NA,0,174,7.3,24,254,6,1163,4.6,6,0,NA,Career,1,0,New Mexico,1,6,NA,NA,1337,4.8,NA,0,NA,NA,NA
4318,T.J. Yeldon,21,57,5.894736842,2013,NA,NA,NA,0,0,NA,NA,NA,12,NA,NA,NA,0,NA,NA,NA,NA,NA,NA,NA,227,84,RB,0,NA,0,183,9.2,20,207,14,1235,6,14,NA,NA,2013,NA,NA,Alabama,NA,14,NA,221,1418,6.2,NA,NA,NA,NA,NA
4326,Selvin Young,9,23,6.260869565,NA,NA,0,NA,NA,NA,NA,NA,NA,NA,0,0,NA,1,NA,NA,NA,NA,NA,NA,NA,402,174,RB,2,NA,1,214,5.8,37,365,25,1713,4.7,26,0,NA,Career,1,0,Texas,1,29,NA,NA,1927,4.8,NA,0,NA,NA,Career
559,Michael Burton,0,65,0,Career,-2,8,1,0,0,0,0,NA,NA,0,0,0,0,NA,1,0,100,0,-2,-2,NA,18,FB,0,83.2,NA,NA,NA,NA,NA,NA,NA,NA,NA,0,NA,Career,5,0,Rutgers,13,3,NA,230,NA,NA,NA,0,NA,NA,NA
1740,Ryan Hewitt,2,72,0.444444444,Career,NA,0,NA,0,0,0,0,NA,NA,0,0,NA,0,NA,NA,0,NA,NA,NA,NA,NA,42,FB,0,NA,NA,NA,NA,NA,NA,NA,NA,NA,NA,0,NA,Career,1,0,Stanford,1,7,NA,246,NA,NA,NA,0,NA,NA,NA
1962,Andy Janovich,2,50,0.64,Career,NA,2,NA,0,0,0,0,NA,NA,0,0,NA,0,NA,NA,0,NA,NA,NA,NA,50,18,FB,0,NA,0,87,17.4,5,45,3,271,6,3,0,NA,Career,11,0,Nebraska,13,3,NA,230,358,7.2,NA,0,NA,NA,NA
3141,Jay Prosch,0,63,0,Career,NA,7,NA,0,0,0,0,NA,NA,0,0,NA,0,NA,NA,0,NA,NA,NA,NA,25,18,FB,0,NA,1,115,10.5,11,14,2,47,3.4,3,0,NA,Career,5,0,Overall,12,3,NA,258,162,6.5,NA,0,NA,NA,NA
3254,Aaron Ripkowski,2,47,0.680851064,Career,NA,NA,NA,0,0,NA,NA,NA,NA,NA,NA,NA,0,NA,NA,NA,NA,NA,NA,NA,NA,30,FB,0,NA,NA,NA,NA,NA,NA,NA,NA,NA,NA,NA,NA,Career,NA,NA,Oklahoma,NA,5,NA,254,NA,NA,NA,NA,NA,NA,NA
4065,Derek Watt,1,64,0.25,Career,NA,6,NA,0,0,0,0,NA,NA,0,0,NA,0,NA,NA,1,NA,NA,NA,NA,NA,6,FB,0,NA,NA,NA,NA,NA,NA,NA,NA,NA,NA,0,NA,Career,11,0,Wisconsin,17,1,NA,232,NA,NA,NA,0,NA,NA,NA
2830,Marcus Murphy,2,28,1.142857143,Career,NA,0,NA,0,0,0,0,NA,NA,0,0,NA,3,NA,NA,0,NA,NA,NA,NA,387,150,HB,4,NA,2,318,6.4,50,337,16,1957,5.8,18,0,NA,Career,1,0,Missouri,1,25,NA,195,2275,5.9,NA,0,NA,NA,NA