name,approximate_value,games.x,AVp16,X1,adjusted_yards_per_attempt,assists_on_tackles,completed_passes,extra_points_made,field_goals_made,fumbles_forced,fumbles_recovered,fumbles_recovered_for_touchdown,games.y,height,interceptions,interceptions_returned_for_touchdown,interceptions_thrown,kickoff_return_touchdowns,other_touchdowns,pass_attempts,passes_defended,passing_completion,passing_touchdowns,passing_yards,passing_yards_per_attempt,player_id,plays_from_scrimmage,points,position,punt_return_touchdowns,quarterback_rating,receiving_touchdowns,receiving_yards,receiving_yards_per_reception,receptions,rush_attempts,rush_touchdowns,rush_yards,rush_yards_per_attempt,rushing_and_receiving_touchdowns,sacks,safeties,season,solo_tackles,tackles_for_loss,team_abbreviation,total_tackles,total_touchdowns,two_point_conversions,weight,yards_from_scrimmage,yards_from_scrimmage_per_play,yards_recovered_from_fumble,yards_returned_from_interceptions,yards_returned_per_interception,year,X
Ameer Abdullah,13,58,3.5862068965517206,Career,0.0,0.0,0.0,0.0,0.0,0.0,0.0,,,9-May,0.0,0.0,0.0,1.0,,1.0,0.0,0.0,0.0,0.0,0.0,ameer-abdullah-1,886.0,288.0,RB,1.0,0.0,7.0,690.0,9.5,73.0,813.0,39.0,4588.0,5.6,46.0,0.0,,Career,1.0,0.0,Nebraska,1.0,48.0,,195.0,5278.0,6.0,,0.0,,,
Josh Adams,3,17,2.82352941176471,Career,,0.0,,,,,,,,1-Jun,0.0,0.0,,,,,,,,,,josh-adams-1,630.0,138.0,RB,,,1.0,611.0,7.2,85.0,545.0,22.0,2212.0,4.1,23.0,0.0,,Career,2.0,0.0,Wake Forest,2.0,23.0,,212.0,2823.0,4.5,,0.0,,,
Joseph Addai,54,78,11.076923076923098,,,1.0,,,,,,,,,0.0,0.0,,0.0,,,,,,,,joseph-addai-1,556.0,144.0,RB,,,6.0,641.0,9.7,66.0,490.0,18.0,2576.0,5.3,24.0,0.0,,Career,0.0,0.0,LSU,1.0,24.0,,,3217.0,5.8,,0.0,,,Career
Jay Ajayi,20,45,7.111111111111111,Career,,0.0,,0.0,0.0,0.0,0.0,,,Jun-00,0.0,0.0,,0.0,,,0.0,,,,,jay-ajayi-1,751.0,330.0,RB,0.0,,5.0,771.0,10.6,73.0,678.0,50.0,3796.0,5.6,55.0,0.0,,Career,2.0,1.0,Boise State,2.0,55.0,,216.0,4567.0,6.1,,0.0,,,
Shaun Alexander,79,123,10.2764227642276,,0.0,,0.0,,,,,,,,,,0.0,1.0,,2.0,,0.0,0.0,0.0,0.0,shaun-alexander-1,789.0,300.0,RB,,0.0,8.0,798.0,12.9,62.0,727.0,41.0,3565.0,4.9,49.0,,,Career,,,Alabama,,50.0,,,4363.0,5.5,,,,,Career
Anthony Allen,1,21,0.7619047619047621,Career,,4.0,,0.0,0.0,0.0,0.0,0.0,,,0.0,0.0,,0.0,0.0,,0.0,,,,,anthony-allen-1,579.0,228.0,RB,0.0,,5.0,401.0,12.2,33.0,546.0,33.0,3036.0,5.6,38.0,0.0,0.0,Career,5.0,0.0,Overall,9.0,38.0,0.0,,3437.0,5.9,0.0,0.0,,,
Armando Allen,1,17,0.941176470588235,Career,12.7,1.0,3.0,,,,,,,,0.0,0.0,0.0,1.0,,3.0,,100.0,1.0,18.0,6.0,armando-allen-1,588.0,72.0,RB,0.0,260.4,3.0,833.0,7.0,119.0,469.0,8.0,2144.0,4.6,11.0,0.0,,Career,2.0,0.0,Notre Dame,3.0,12.0,,,2977.0,5.1,,0.0,,,
Javorius Allen,14,64,3.5,Career,,2.0,,0.0,0.0,0.0,0.0,,,1-Jun,0.0,0.0,,0.0,,,0.0,,,,,javorius-allen-1,480.0,162.0,RB,0.0,,2.0,710.0,11.3,63.0,417.0,25.0,2306.0,5.5,27.0,0.0,,Career,0.0,0.0,USC,2.0,27.0,,220.0,3016.0,6.3,,0.0,,,
C.J. Anderson,28,71,6.30985915492958,Career,0.0,1.0,0.0,,,0.0,0.0,,,,0.0,0.0,0.0,0.0,,1.0,0.0,0.0,0.0,0.0,0.0,cj-anderson-1,220.0,84.0,RB,,0.0,2.0,350.0,15.9,22.0,198.0,12.0,1135.0,5.7,14.0,0.0,,Career,0.0,0.0,California,1.0,14.0,,,1485.0,6.8,,0.0,,,
Deon Anderson,1,39,0.41025641025640996,,,4.0,,,,,,,,,0.0,0.0,,0.0,,,,,,,,deon-anderson-1,162.0,24.0,RB,,,3.0,394.0,8.2,48.0,114.0,1.0,420.0,3.7,4.0,0.0,,Career,5.0,0.0,Connecticut,9.0,4.0,,,814.0,5.0,,0.0,,,Career
Antonio Andrews,4,34,1.88235294117647,Career,37.0,1.0,1.0,0.0,0.0,0.0,0.0,,,Jun-00,0.0,0.0,0.0,0.0,,1.0,0.0,100.0,0.0,37.0,37.0,antonio-andrews-1,703.0,198.0,RB,1.0,410.8,3.0,963.0,11.3,85.0,618.0,29.0,3674.0,5.9,32.0,0.0,,Career,3.0,0.0,Western Kentucky,4.0,33.0,,211.0,4637.0,6.6,,0.0,,,
Dri Archer,0,20,0.0,Career,44.0,0.0,1.0,0.0,0.0,0.0,0.0,,,8-May,0.0,0.0,0.0,4.0,,1.0,0.0,100.0,1.0,24.0,24.0,dri-archer-1,424.0,240.0,RB,0.0,631.6,12.0,1194.0,12.1,99.0,325.0,24.0,2342.0,7.2,36.0,0.0,,Career,3.0,0.0,Kent State,3.0,40.0,,175.0,3536.0,8.3,,0.0,,,
J.J. Arrington,12,58,3.31034482758621,,,,,,,,,,,,,,,0.0,,,,,,,,jj-arrington-1,438.0,138.0,RB,,,3.0,299.0,7.1,42.0,396.0,20.0,2625.0,6.6,23.0,,,Career,,,California,,23.0,,,2924.0,6.7,,,,,Career
Cameron Artis-Payne,5,32,2.5,Career,,0.0,,0.0,0.0,0.0,0.0,,,11-May,0.0,0.0,,0.0,,,0.0,,,,,cameron-artis-payne-1,408.0,114.0,RB,0.0,,0.0,151.0,10.8,14.0,394.0,19.0,2218.0,5.6,19.0,0.0,,Career,1.0,0.0,Auburn,1.0,19.0,,210.0,2369.0,5.8,,0.0,,,
Matt Asiata,14,74,3.02702702702703,Career,19.0,1.0,2.0,,,,,,,,0.0,0.0,0.0,,,4.0,,50.0,2.0,36.0,9.0,matt-asiata-1,433.0,156.0,RB,,290.6,2.0,394.0,7.3,54.0,379.0,24.0,1748.0,4.6,26.0,0.0,,Career,2.0,0.0,Utah,3.0,26.0,,,2142.0,4.9,,0.0,,,
B.J. Askew,4,83,0.771084337349398,,,,,,,,,,,,,,,0.0,,,,,,,,bj-askew-1,412.0,126.0,RB,,,4.0,728.0,9.3,78.0,334.0,17.0,1509.0,4.5,21.0,,,Career,,,Michigan,,21.0,,,2237.0,5.4,,,,,Career
Kalen Ballage,3,24,2.0,Career,12.5,1.0,3.0,0.0,0.0,0.0,0.0,,,3-Jun,0.0,0.0,0.0,0.0,,4.0,0.0,75.0,1.0,30.0,7.5,kalen-ballage-1,532.0,178.0,RB,0.0,220.5,2.0,684.0,8.3,82.0,450.0,27.0,1984.0,4.4,29.0,0.0,,Career,0.0,0.0,Arizona State,1.0,29.0,2.0,230.0,2668.0,5.0,,0.0,,,
Lance Ball,7,42,2.6666666666666696,Career,,0.0,,,,,,,,,0.0,0.0,,,,,,,,,,lance-ball-1,596.0,156.0,RB,,,0.0,301.0,6.4,47.0,549.0,26.0,2487.0,4.5,26.0,0.0,,Career,2.0,0.0,Maryland,2.0,26.0,,,2788.0,4.7,,0.0,,,
Montee Ball,8,21,6.09523809523809,Career,38.5,1.0,2.0,,,0.0,0.0,,,,0.0,0.0,0.0,0.0,,2.0,0.0,100.0,1.0,57.0,28.5,montee-ball-1,983.0,498.0,RB,,504.4,6.0,598.0,10.1,59.0,924.0,77.0,5140.0,5.6,83.0,0.0,,Career,1.0,0.0,Wisconsin,2.0,83.0,,,5738.0,5.8,,0.0,,,
Vick Ballard,5,17,4.70588235294118,Career,,0.0,,,,,,,,,0.0,0.0,,,,,,,,,,vick-ballard-1,409.0,186.0,RB,,,2.0,293.0,9.8,30.0,379.0,29.0,2157.0,5.7,31.0,0.0,,Career,1.0,0.0,Mississippi State,1.0,31.0,,,2450.0,6.0,,0.0,,,
Joe Banyard,1,27,0.592592592592593,Career,,13.0,,,,,,,,,0.0,0.0,,0.0,,,,,,,,joe-banyard-1,265.0,84.0,RB,,,0.0,174.0,6.0,29.0,236.0,14.0,1455.0,6.2,14.0,0.0,,Career,11.0,0.0,UTEP,24.0,14.0,,,1629.0,6.1,,0.0,,,
Peyton Barber,13,63,3.3015873015872996,Career,,0.0,,0.0,0.0,0.0,0.0,,,11-May,0.0,0.0,,0.0,,,0.0,,,,,peyton-barber-1,259.0,78.0,RB,0.0,,0.0,112.0,10.2,11.0,248.0,13.0,1071.0,4.3,13.0,0.0,,Career,2.0,0.0,Auburn,2.0,13.0,,225.0,1183.0,4.6,,0.0,,,
Saquon Barkley,23,29,12.689655172413799,Career,28.0,0.0,2.0,0.0,0.0,0.0,0.0,,,11-May,0.0,0.0,0.0,2.0,,2.0,0.0,100.0,1.0,36.0,18.0,saquon-barkley-1,773.0,318.0,RB,0.0,416.2,8.0,1195.0,11.7,102.0,671.0,43.0,3843.0,5.7,51.0,0.0,,Career,1.0,0.0,Penn State,1.0,53.0,,230.0,5038.0,6.5,,0.0,,,
Darian Barnes,1,75,0.21333333333333301,,,,,,,,,,,,,,,,,,,,,,,darian-barnes-1,20.0,,RB,,,,,,,20.0,0.0,50.0,2.5,0.0,,,Career,,,Rutgers,,,,,50.0,2.5,,,,,Career
Kenjon Barner,4,68,0.941176470588235,Career,,0.0,,,,,,,,,0.0,0.0,,1.0,,,,,,,,kenjon-barner-1,636.0,300.0,RB,1.0,,7.0,591.0,10.9,54.0,582.0,41.0,3623.0,6.2,48.0,0.0,,Career,8.0,0.0,Oregon,8.0,50.0,,,4214.0,6.6,,0.0,,,
Anthony Barr,53,85,9.976470588235289,Career,,47.0,,0.0,0.0,6.0,4.0,,,4-Jun,0.0,0.0,,0.0,,,1.0,,,,,anthony-barr-1,27.0,12.0,RB,0.0,,1.0,82.0,6.8,12.0,15.0,1.0,54.0,3.6,2.0,23.5,,Career,105.0,41.5,UCLA,152.0,2.0,,248.0,136.0,5.0,,0.0,,,
Jackie Battle,7,96,1.16666666666667,,,0.0,,,,,,,,,0.0,0.0,,0.0,,,,,,,,jackie-battle-1,447.0,186.0,RB,,,0.0,45.0,7.5,6.0,441.0,31.0,2120.0,4.8,31.0,0.0,,Career,2.0,0.0,Houston,2.0,31.0,,,2165.0,4.8,,0.0,,,Career
Kahlil Bell,5,30,2.6666666666666696,Career,0.0,0.0,0.0,,,,,,,,0.0,0.0,0.0,0.0,,1.0,,0.0,0.0,0.0,0.0,kahlil-bell-1,424.0,108.0,RB,,0.0,1.0,196.0,6.8,29.0,395.0,17.0,1741.0,4.4,18.0,0.0,,Career,5.0,0.0,UCLA,5.0,18.0,,,1937.0,4.6,,0.0,,,
Le'Veon Bell,65,77,13.506493506493499,Career,29.0,0.0,1.0,,,0.0,0.0,,,,0.0,0.0,0.0,0.0,,1.0,0.0,100.0,0.0,29.0,29.0,leveon-bell-1,749.0,204.0,RB,0.0,343.6,1.0,531.0,6.8,78.0,671.0,33.0,3346.0,5.0,34.0,0.0,,Career,1.0,0.0,Michigan State,1.0,34.0,,,3877.0,5.2,,0.0,,,
Tatum Bell,23,54,6.8148148148148096,,,,,,,,,,,,,,,,,,,,,,,tatum-bell-1,670.0,216.0,RB,,,2.0,258.0,7.2,36.0,634.0,34.0,3409.0,5.4,36.0,,,Career,,,Oklahoma State,,36.0,,,3667.0,5.5,,,,,Career
Cedric Benson,39,96,6.5,,,,,,,,,,,,,,,,,,,,,,,cedric-benson-1,1181.0,402.0,RB,,,3.0,621.0,9.0,69.0,1112.0,64.0,5540.0,5.0,67.0,,,Career,,,Texas,,67.0,,,6161.0,5.2,,,,,Career
Giovani Bernard,42,99,6.78787878787879,Career,,1.0,,,,,,,,,0.0,0.0,,,,,,,,,,giovani-bernard-1,515.0,198.0,RB,2.0,,6.0,852.0,9.3,92.0,423.0,25.0,2481.0,5.9,31.0,0.0,,Career,0.0,0.0,North Carolina,1.0,33.0,,,3333.0,6.5,,0.0,,,
Jahvid Best,13,22,9.45454545454546,Career,,5.0,,,,,,,,,0.0,0.0,,0.0,,,,,,,,jahvid-best-1,426.0,210.0,RB,,,6.0,533.0,8.6,62.0,364.0,29.0,2668.0,7.3,35.0,0.0,,Career,10.0,0.0,California,15.0,35.0,,,3201.0,7.5,,0.0,,,
Ladell Betts,37,111,5.33333333333333,,23.0,,1.0,,,,,,,,,,0.0,0.0,,1.0,,100.0,0.0,23.0,23.0,ladell-betts-1,904.0,162.0,RB,,293.2,2.0,702.0,9.8,72.0,832.0,25.0,3686.0,4.4,27.0,,,Career,,,Iowa,,27.0,,,4388.0,4.9,,,,,Career
Kapri Bibbs,3,28,1.7142857142857097,Career,,1.0,,0.0,0.0,0.0,0.0,,,11-May,0.0,0.0,,0.0,,,0.0,,,,,kapri-bibbs-1,289.0,186.0,RB,0.0,,0.0,59.0,7.4,8.0,281.0,31.0,1741.0,6.2,31.0,0.0,,Career,2.0,0.0,Colorado State,3.0,31.0,,203.0,1800.0,6.2,,0.0,,,
Alfred Blue,19,72,4.2222222222222205,2010,,3.0,,,,1.0,0.0,,11.0,2-Jun,0.0,0.0,,,,,0.0,,,,,alfred-blue-1,21.0,6.0,RB,0.0,,0.0,1.0,1.0,1.0,20.0,1.0,101.0,5.1,1.0,0.0,,2010,2.0,0.0,LSU,5.0,1.0,,222.0,102.0,4.9,,0.0,,,
Tommy Bohanon,1,68,0.23529411764705901,Career,,2.0,,,,,,,,,0.0,0.0,,,,,,,,,,tommy-bohanon-1,,60.0,RB,,,,,,,,,,,,0.0,,Career,3.0,0.0,Wake Forest,5.0,10.0,,,,,,0.0,,,
Brandon Bolden,12,114,1.68421052631579,Career,12.3,2.0,3.0,,,,,,,,0.0,0.0,0.0,0.0,,4.0,,75.0,0.0,49.0,12.3,brandon-bolden-1,562.0,198.0,RB,,177.9,6.0,807.0,10.6,76.0,486.0,27.0,2594.0,5.3,33.0,0.0,,Career,12.0,0.0,Ole Miss,14.0,33.0,,,3401.0,6.1,,0.0,,,
Brock Bolen,0,20,0.0,Career,,2.0,,,,,,,,,0.0,0.0,,0.0,,,,,,,,brock-bolen-1,301.0,120.0,RB,,,4.0,256.0,8.5,30.0,271.0,16.0,1308.0,4.8,20.0,0.0,,Career,0.0,0.0,Overall,2.0,20.0,,,1564.0,5.2,,0.0,,,
Devontae Booker,12,61,3.1475409836065604,Career,45.0,1.0,1.0,0.0,0.0,0.0,0.0,,,11-May,0.0,0.0,0.0,0.0,,1.0,0.0,100.0,1.0,25.0,25.0,devontae-booker-1,640.0,138.0,RB,0.0,640.0,2.0,622.0,7.8,80.0,560.0,21.0,2773.0,5.0,23.0,0.0,,Career,1.0,0.0,Utah,2.0,23.0,,212.0,3395.0,5.3,,0.0,,,
Lorenzo Booker,4,36,1.77777777777778,,,1.0,,,,,,,,,0.0,0.0,,0.0,,,,,,,,lorenzo-booker-1,611.0,102.0,RB,0.0,,2.0,995.0,8.7,114.0,497.0,15.0,2389.0,4.8,17.0,0.0,,Career,2.0,0.0,Florida State,3.0,17.0,,,3384.0,5.5,,0.0,,,Career
Mike Boone,2,24,1.33333333333333,Career,4.0,1.0,1.0,0.0,0.0,0.0,0.0,,,10-May,0.0,0.0,0.0,0.0,,1.0,0.0,100.0,0.0,4.0,4.0,mike-boone-2,485.0,150.0,RB,0.0,133.6,1.0,596.0,9.2,65.0,420.0,24.0,2250.0,5.4,25.0,0.0,,Career,2.0,0.0,Cincinnati,3.0,25.0,,205.0,2846.0,5.9,,0.0,,,
Allen Bradford,1,19,0.842105263157895,Career,,6.0,,,,,,,,,0.0,0.0,,0.0,,,,,,,,allen-bradford-1,281.0,120.0,RB,,,4.0,176.0,12.6,14.0,267.0,16.0,1585.0,5.9,20.0,0.0,,Career,15.0,0.0,USC,21.0,20.0,,,1761.0,6.3,,0.0,,,
Matt Breida,16,43,5.95348837209302,Career,,2.0,,0.0,0.0,0.0,0.0,,,11-May,0.0,0.0,,0.0,,,0.0,,,,,matt-breida-1,564.0,240.0,RB,0.0,,3.0,156.0,7.1,22.0,542.0,37.0,3740.0,6.9,40.0,0.0,,Career,0.0,0.0,Georgia Southern,2.0,40.0,,190.0,3896.0,6.9,,0.0,,,
Curtis Brinkley,2,23,1.3913043478260902,Career,3.0,0.0,1.0,,,,,,,,0.0,0.0,0.0,0.0,,1.0,,100.0,0.0,3.0,3.0,curtis-brinkley-1,527.0,72.0,RB,,125.2,1.0,321.0,9.7,33.0,494.0,11.0,2132.0,4.3,12.0,0.0,,Career,3.0,0.0,Syracuse,3.0,12.0,,,2453.0,4.7,,0.0,,,
Aaron Brown,2,22,1.45454545454545,Career,,,,,,,,,,,,,,1.0,,,,,,,,aaron-brown-2,568.0,156.0,RB,0.0,,5.0,857.0,10.6,81.0,487.0,20.0,2596.0,5.3,25.0,,,Career,,,Texas Christian,,26.0,,,3453.0,6.1,,,,,
Andre Brown,7,22,5.09090909090909,Career,-45.0,0.0,0.0,,,,,,,,0.0,0.0,1.0,0.0,,1.0,,0.0,0.0,0.0,0.0,andre-brown-1,593.0,144.0,RB,0.0,-200.0,2.0,631.0,9.0,70.0,523.0,22.0,2539.0,4.9,24.0,0.0,,Career,1.0,0.0,North Carolina State,1.0,24.0,,,3170.0,5.3,,0.0,,,
Bryce Brown,10,42,3.80952380952381,Career,,,,0.0,0.0,,,,,9-May,,,,0.0,,,,,,,,bryce-brown-1,115.0,24.0,RB,0.0,,1.0,140.0,12.7,11.0,104.0,3.0,476.0,4.6,4.0,,0.0,Career,,,Overall,,4.0,0.0,170.0,616.0,5.4,,,,,
Donald Brown,28,88,5.09090909090909,Career,,0.0,,,,,,,,,0.0,0.0,,0.0,,,,,,,,donald-brown-1,746.0,210.0,RB,,,2.0,276.0,5.8,48.0,698.0,33.0,3800.0,5.4,35.0,0.0,,Career,3.0,0.0,Connecticut,3.0,35.0,,,4076.0,5.5,,0.0,,,
Malcolm Brown,6,54,1.77777777777778,Career,0.0,2.0,0.0,0.0,0.0,0.0,0.0,0.0,,,0.0,0.0,0.0,0.0,0.0,2.0,0.0,0.0,0.0,0.0,0.0,malcolm-brown-1,219.0,90.0,RB,0.0,0.0,4.0,301.0,20.1,15.0,204.0,11.0,1356.0,6.6,15.0,0.0,0.0,Career,2.0,0.0,Army,4.0,15.0,0.0,,1657.0,7.6,0.0,0.0,,,
Preston Brown,38,81,7.50617283950617,Career,,,,,,,,,,,,,,0.0,,,,,,,,preston-brown-1,74.0,12.0,RB,,,1.0,192.0,9.6,20.0,54.0,1.0,298.0,5.5,2.0,,,Career,,,Arkansas State,,2.0,,,490.0,6.6,,,,,
Ricky Brown,9,58,2.48275862068966,,,,,,,,,,,,,,,0.0,,,,,,,,ricky-brown-1,97.0,12.0,RB,,,0.0,236.0,10.3,23.0,74.0,2.0,351.0,4.7,2.0,,,Career,,,Texas,,2.0,,,587.0,6.1,,,,,Career
Ronnie Brown,48,132,5.81818181818182,,0.0,,0.0,,,,,,,,,,0.0,0.0,,1.0,,0.0,0.0,0.0,0.0,ronnie-brown-1,571.0,180.0,RB,,0.0,2.0,668.0,11.5,58.0,513.0,28.0,2707.0,5.3,30.0,,,Career,,,Auburn,,30.0,,,3375.0,5.9,,,,,Career
Vincent Brown,9,38,3.78947368421053,Career,,,,,,,,,,,,,,,,,,,,,,vincent-brown-1,9.0,,RB,,,,,,,9.0,0.0,12.0,1.3,0.0,,,Career,,,Florida,,,,,12.0,1.3,,,,,
Correll Buckhalter,32,103,4.970873786407769,,,,,,,,,,,,,,,0.0,,,,,,,,correll-buckhalter-1,437.0,168.0,RB,,,1.0,200.0,8.3,24.0,413.0,27.0,2522.0,6.1,28.0,,,Career,,,Nebraska,,28.0,,,2722.0,6.2,,,,,Career
Rex Burkhead,16,73,3.5068493150684903,Career,15.1,0.0,4.0,,,0.0,1.0,,,,0.0,0.0,0.0,0.0,,7.0,0.0,57.1,3.0,46.0,6.6,rex-burkhead-1,695.0,210.0,RB,0.0,253.8,5.0,507.0,8.5,60.0,635.0,30.0,3329.0,5.2,35.0,0.0,,Career,4.0,0.0,Nebraska,4.0,35.0,,,3836.0,5.5,,0.0,,,
Michael Bush,26,89,4.67415730337079,,12.5,,5.0,,,,,,,,,,0.0,0.0,,14.0,,35.7,3.0,115.0,8.2,michael-bush-1,485.0,246.0,RB,,175.4,2.0,651.0,13.0,50.0,435.0,39.0,2508.0,5.8,41.0,,,Career,,,Louisville,,41.0,,,3159.0,6.5,,,,,Career
Reggie Bush,72,134,8.59701492537313,,24.0,0.0,1.0,,,,,,,,0.0,0.0,0.0,1.0,,3.0,,33.3,1.0,52.0,17.3,reggie-bush-1,528.0,252.0,RB,3.0,288.9,13.0,1301.0,13.7,95.0,433.0,25.0,3169.0,7.3,38.0,0.0,,Career,1.0,0.0,USC,1.0,42.0,,,4470.0,8.5,,0.0,,,Career
Ka'Deem Carey,3,36,1.33333333333333,Career,,0.0,,0.0,0.0,0.0,0.0,,,10-May,0.0,0.0,,0.0,,,0.0,,,,,kadeem-carey-1,820.0,312.0,RB,0.0,,4.0,679.0,8.8,77.0,743.0,48.0,4239.0,5.7,52.0,0.0,,Career,1.0,0.0,Arizona,1.0,52.0,,196.0,4918.0,6.0,,0.0,,,
Chris Carson,22,33,10.6666666666667,Career,10.3,,2.0,0.0,0.0,,,,,11-May,,,0.0,0.0,,3.0,,66.7,0.0,31.0,10.3,chris-carson-1,243.0,84.0,RB,0.0,153.5,1.0,298.0,9.9,30.0,213.0,13.0,1076.0,5.1,14.0,,,Career,,,Oklahoma State,,14.0,,218.0,1374.0,5.7,,,,,
Delone Carter,3,27,1.77777777777778,Career,,1.0,,,,,,,,,0.0,0.0,,,,,,,,,,delone-carter-1,674.0,150.0,RB,,,1.0,208.0,7.4,28.0,646.0,24.0,3104.0,4.8,25.0,0.0,,Career,2.0,0.0,Syracuse,3.0,25.0,,,3312.0,4.9,,0.0,,,
Rock Cartwright,11,154,1.14285714285714,,,,,0.0,0.0,,,,,,,,,0.0,,,,,,,,rock-cartwright-1,132.0,42.0,RB,0.0,,0.0,186.0,9.3,20.0,112.0,7.0,570.0,5.1,7.0,,0.0,Career,,,Kansas State,,7.0,0.0,,756.0,5.7,,,,,Career
Tim Castille,1,31,0.516129032258065,,,0.0,,,,,,,,,0.0,0.0,,,,,,,,,,tim-castille-1,221.0,126.0,RB,,,0.0,380.0,6.3,60.0,161.0,21.0,533.0,3.3,21.0,0.0,,Career,2.0,0.0,Alabama,2.0,21.0,,,913.0,4.1,,0.0,,,Career
Jamaal Charles,72,119,9.68067226890756,Career,,1.0,,,,,,,,,0.0,0.0,,,,,,,,,,jamaal-charles-1,582.0,234.0,RB,,,3.0,539.0,11.0,49.0,533.0,36.0,3328.0,6.2,39.0,0.0,,Career,3.0,0.0,Texas,4.0,39.0,,,3867.0,6.6,,0.0,,,
Tashard Choice,14,88,2.54545454545455,Career,37.0,0.0,1.0,,,,,1.0,,,0.0,0.0,0.0,,,1.0,,100.0,1.0,17.0,17.0,tashard-choice-1,738.0,174.0,RB,,572.8,0.0,288.0,7.0,41.0,697.0,28.0,3465.0,5.0,28.0,0.0,,Career,2.0,0.0,Overall,2.0,29.0,,,3753.0,5.1,0.0,0.0,,,
Nick Chubb,18,32,9.0,Career,,,,0.0,0.0,,,,,10-May,,,,0.0,,,,,,,,nick-chubb-1,789.0,288.0,RB,0.0,,4.0,361.0,11.6,31.0,758.0,44.0,4769.0,6.3,48.0,,,Career,,,Georgia,,48.0,,225.0,5130.0,6.5,,,,,
Charles Clay,33,127,4.15748031496063,Career,,2.0,,,,,,,,,0.0,0.0,,,,,,,,,,charles-clay-1,,228.0,RB,,,,,,,,,,,,1.0,,Career,9.0,1.0,Tulsa,11.0,38.0,,,,,,0.0,,,
Corey Clement,6,31,3.09677419354839,Career,0.0,,0.0,0.0,0.0,,,,,11-May,,,0.0,0.0,,1.0,,0.0,0.0,0.0,0.0,corey-clement-1,605.0,228.0,RB,0.0,0.0,2.0,279.0,9.6,29.0,576.0,36.0,3092.0,5.4,38.0,,,Career,,,Wisconsin,,38.0,,227.0,3371.0,5.6,,,,,
Patrick Cobbs,4,54,1.18518518518519,,27.7,,2.0,,,,,,,,,,0.0,0.0,,3.0,,66.7,2.0,43.0,14.3,patrick-cobbs-1,828.0,210.0,RB,1.0,407.1,1.0,348.0,9.4,37.0,791.0,33.0,3911.0,4.9,34.0,,,Career,,,North Texas,,35.0,,,4259.0,5.1,,,,,Career
Derrick Coleman,1,63,0.253968253968254,Career,,3.0,,,,1.0,0.0,,,,0.0,0.0,,0.0,,,0.0,,,,,derrick-coleman-1,358.0,114.0,RB,,,0.0,66.0,3.9,17.0,341.0,19.0,1780.0,5.2,19.0,0.0,,Career,19.0,0.0,UCLA,22.0,19.0,,,1846.0,5.2,,0.0,,,
Tevin Coleman,33,70,7.542857142857139,Career,,1.0,,0.0,0.0,0.0,0.0,,,1-Jun,0.0,0.0,,1.0,,,0.0,,,,,tevin-coleman-1,506.0,174.0,RB,0.0,,0.0,383.0,7.1,54.0,452.0,28.0,3219.0,7.1,28.0,0.0,,Career,4.0,0.0,Indiana,5.0,29.0,,210.0,3602.0,7.1,,0.0,,,
Alex Collins,14,36,6.22222222222222,Career,,0.0,,0.0,0.0,0.0,0.0,,,11-May,0.0,0.0,,0.0,,,0.0,,,,,alex-collins-1,692.0,216.0,RB,0.0,,0.0,167.0,6.2,27.0,665.0,36.0,3703.0,5.6,36.0,0.0,,Career,1.0,0.0,Arkansas,1.0,36.0,,215.0,3870.0,5.6,,0.0,,,
James Conner,16,37,6.918918918918919,Career,,1.0,,0.0,0.0,0.0,0.0,,,2-Jun,0.0,0.0,,0.0,,,0.0,,,,,james-conner-1,698.0,338.0,RB,0.0,,4.0,412.0,13.7,30.0,668.0,52.0,3733.0,5.6,56.0,0.0,,Career,1.0,0.0,Pitt,2.0,56.0,1.0,235.0,4145.0,5.9,,0.0,,,
John Conner,0,62,0.0,Career,,0.0,,,,,,,,,0.0,0.0,,0.0,,,,,,,,john-conner-1,79.0,48.0,RB,,,4.0,193.0,7.7,25.0,54.0,4.0,247.0,4.6,8.0,0.0,,Career,4.0,0.0,Kentucky,4.0,8.0,,,440.0,5.6,,0.0,,,
Dalvin Cook,24,29,13.2413793103448,Career,,4.0,,0.0,0.0,0.0,0.0,,,11-May,0.0,0.0,,0.0,,,0.0,,,,,dalvin-cook-1,766.0,288.0,RB,0.0,,2.0,935.0,11.8,79.0,687.0,46.0,4464.0,6.5,48.0,0.0,,Career,4.0,0.0,Florida State,8.0,48.0,,213.0,5399.0,7.0,,0.0,,,
Jameel Cook,4,109,0.5871559633027521,,,,,,,,,,,,,,,0.0,,,,,,,,jameel-cook-1,180.0,36.0,RB,,,6.0,506.0,7.9,64.0,116.0,0.0,526.0,4.5,6.0,,,Career,,,Illinois,,6.0,,,1032.0,5.7,,,,,Career
Isaiah Crowell,25,77,5.19480519480519,Career,,,,,,,,,,,,,,,,,,,,,,isaiah-crowell-1,193.0,36.0,RB,,,1.0,59.0,7.4,8.0,185.0,5.0,850.0,4.6,6.0,,,Career,,,Georgia,,6.0,,,909.0,4.7,,,,,
Benny Cunningham,12,86,2.23255813953488,2009,,,,,,,,,11.0,,0.0,0.0,,,,,,,,,,benny-cunningham-1,51.0,18.0,RB,,,1.0,73.0,14.6,5.0,46.0,2.0,173.0,3.8,3.0,,,2009,,,Middle Tennessee State,,3.0,,,246.0,4.8,,0.0,,,
Mike Daniels,42,111,6.054054054054049,Career,-22.5,,0.0,,,,,,,10-May,,,1.0,0.0,,2.0,,0.0,0.0,0.0,0.0,mike-daniels-1,76.0,12.0,RB,0.0,-100.0,1.0,223.0,9.3,24.0,52.0,1.0,214.0,4.1,2.0,,,Career,,,Cincinnati,,2.0,,205.0,437.0,5.8,,,,,
Orleans Darkwa,6,52,1.84615384615385,Career,14.4,0.0,3.0,0.0,0.0,0.0,0.0,,,Jun-00,0.0,0.0,1.0,0.0,,5.0,0.0,60.0,2.0,77.0,15.4,orleans-darkwa-1,740.0,234.0,RB,0.0,281.4,0.0,595.0,7.7,77.0,663.0,39.0,2953.0,4.5,39.0,0.0,,Career,1.0,0.0,Tulane,1.0,39.0,,210.0,3548.0,4.8,,0.0,,,
Najeh Davenport,20,73,4.383561643835621,,,,,,,,,,,,,,,0.0,,,,,,,,najeh-davenport-1,191.0,96.0,RB,,,3.0,381.0,10.9,35.0,156.0,13.0,830.0,5.3,16.0,,,Career,,,Miami (FL),,16.0,,,1211.0,6.3,,,,,Career
Anthony Davis,13,47,4.42553191489362,Career,,1.0,,,,,,,,10-May,0.0,0.0,,0.0,,,,,,,,anthony-davis-1,,18.0,RB,,,,,,,,,,,,0.0,,Career,4.0,0.0,Connecticut,5.0,3.0,,175.0,,,,0.0,,,
Carey Davis,1,39,0.41025641025640996,,,,,,,,,,,,,,,0.0,,,,,,,,carey-davis-1,324.0,36.0,RB,,,5.0,727.0,6.5,112.0,212.0,1.0,992.0,4.7,6.0,,,Career,,,Illinois,,6.0,,,1719.0,5.3,,,,,Career
Corey Davis,15,42,5.71428571428571,Career,,2.0,,,,,,,,,0.0,0.0,,,,,,,,,,corey-davis-2,22.0,,RB,,,0.0,64.0,12.8,5.0,17.0,0.0,48.0,2.8,0.0,0.0,,Career,1.0,0.0,Pitt,3.0,,,,112.0,5.1,,0.0,,,
Knile Davis,10,57,2.80701754385965,Career,,0.0,,,,,,,,,0.0,0.0,,,,,,,,,,knile-davis-1,381.0,126.0,RB,,,2.0,297.0,9.3,32.0,349.0,19.0,1862.0,5.3,21.0,0.0,,Career,5.0,0.0,Arkansas,5.0,21.0,,,2159.0,5.7,,0.0,,,
Mike Davis,10,47,3.4042553191489398,Career,,0.0,,,,,,,,,0.0,0.0,,0.0,,,,,,,,mike-davis-1,596.0,126.0,RB,,,2.0,667.0,9.1,73.0,523.0,19.0,2231.0,4.3,21.0,0.0,,Career,5.0,0.0,South Carolina,5.0,21.0,,,2898.0,4.9,,0.0,,,
Anthony Dixon,8,96,1.33333333333333,Career,,0.0,,,,,,,,,0.0,0.0,,,,,,,,,,anthony-dixon-1,966.0,276.0,RB,,,4.0,449.0,8.0,56.0,910.0,42.0,3994.0,4.4,46.0,0.0,,Career,1.0,0.0,Mississippi State,1.0,46.0,,,4443.0,4.6,,0.0,,,
Kenneth Dixon,5,18,4.44444444444444,Career,,0.0,,0.0,0.0,0.0,0.0,,,10-May,0.0,0.0,,0.0,,,0.0,,,,,kenneth-dixon-1,889.0,522.0,RB,0.0,,15.0,969.0,11.1,87.0,802.0,72.0,4483.0,5.6,87.0,0.0,,Career,1.0,0.0,Louisiana Tech,1.0,87.0,,213.0,5452.0,6.1,,0.0,,,
Marcus Dixon,7,22,5.09090909090909,,,,,,,,,,,,,,,0.0,,,,,,,,marcus-dixon-1,84.0,30.0,RB,,,1.0,87.0,7.3,12.0,72.0,4.0,253.0,3.5,5.0,,,Career,,,New Mexico State,,5.0,,,340.0,4.0,,,,,Career
Kenyan Drake,23,62,5.93548387096774,2013,,1.0,,0.0,0.0,0.0,0.0,,11.0,1-Jun,0.0,0.0,,0.0,,,0.0,,,,,kenyan-drake-1,104.0,54.0,RB,0.0,,1.0,135.0,11.3,12.0,92.0,8.0,694.0,7.5,9.0,0.0,,2013,3.0,0.0,Alabama,4.0,9.0,,210.0,829.0,8.0,,0.0,,,
Shaun Draughn,7,57,1.9649122807017498,Career,34.0,2.0,1.0,0.0,0.0,0.0,0.0,0.0,,,0.0,0.0,0.0,0.0,0.0,1.0,0.0,100.0,0.0,34.0,34.0,shaun-draughn-1,501.0,66.0,RB,0.0,385.6,1.0,268.0,5.4,50.0,451.0,10.0,2070.0,4.6,11.0,0.0,0.0,Career,5.0,0.0,North Carolina,7.0,11.0,0.0,,2338.0,4.7,0.0,0.0,,,
Reuben Droughns,29,114,4.07017543859649,,,,,,,,,,,,,,,,,,,,,,,reuben-droughns-1,409.0,126.0,RB,,,3.0,207.0,10.4,20.0,389.0,18.0,2058.0,5.3,21.0,,,Career,,,Oregon,,21.0,,,2265.0,5.5,,,,,Career
T.J. Duckett,23,93,3.9569892473118298,,,,,,,,,,,,,,,0.0,,,,,,,,tj-duckett-1,643.0,180.0,RB,,,1.0,151.0,6.9,22.0,621.0,29.0,3379.0,5.4,30.0,,,Career,,,Michigan State,,30.0,,,3530.0,5.5,,,,,Career
Lance Dunbar,9,58,2.48275862068966,Career,,1.0,,,,0.0,0.0,,,,0.0,0.0,,0.0,,,0.0,,,,,lance-dunbar-1,879.0,294.0,RB,,,8.0,1033.0,10.6,97.0,782.0,41.0,4224.0,5.4,49.0,0.0,,Career,2.0,0.0,North Texas,3.0,49.0,,,5257.0,6.0,,0.0,,,
Warrick Dunn,122,181,10.7845303867403,,14.0,,3.0,,,,,,,,,,0.0,0.0,,7.0,,42.9,0.0,98.0,14.0,warrick-dunn-1,707.0,294.0,RB,,160.5,12.0,1314.0,10.0,132.0,575.0,37.0,3959.0,6.9,49.0,,,Career,,,Florida State,,49.0,,,5273.0,7.5,,,,,Career
Jonathan Dwyer,8,38,3.36842105263158,Career,,,,,,,,,,,,,,0.0,,,,,,,,jonathan-dwyer-1,532.0,216.0,RB,,,1.0,263.0,17.5,15.0,517.0,35.0,3226.0,6.2,36.0,,,Career,,,Georgia Tech,,36.0,,,3489.0,6.6,,,,,
Kyle Eckel,1,24,0.666666666666667,,,,,,,,,,,,,,,0.0,,,,,,,,kyle-eckel-1,630.0,150.0,RB,,,0.0,177.0,12.6,14.0,616.0,25.0,2900.0,4.7,25.0,,,Career,,,Navy,,25.0,,,3077.0,4.9,,,,,Career
Trey Edmunds,1,31,0.516129032258065,Career,,4.0,,0.0,0.0,0.0,0.0,,,2-Jun,0.0,0.0,,0.0,,,0.0,,,,,trey-edmunds-1,281.0,102.0,RB,1.0,,2.0,172.0,8.2,21.0,260.0,14.0,1115.0,4.3,16.0,0.0,,Career,8.0,0.0,Overall,12.0,17.0,,223.0,1287.0,4.6,,0.0,,,
Gus Edwards,11,27,6.518518518518519,Career,,4.0,,0.0,0.0,0.0,0.0,,,1-Jun,0.0,0.0,,0.0,,,0.0,,,,,gus-edwards-1,366.0,114.0,RB,0.0,,1.0,156.0,9.8,16.0,350.0,18.0,1690.0,4.8,19.0,0.0,,Career,7.0,0.0,Overall,11.0,19.0,,235.0,1846.0,5.0,,0.0,,,
Andre Ellington,19,65,4.67692307692308,Career,0.0,0.0,0.0,,,0.0,0.0,,,,0.0,0.0,0.0,1.0,,1.0,0.0,0.0,0.0,0.0,0.0,andre-ellington-1,680.0,216.0,RB,0.0,0.0,2.0,505.0,8.6,59.0,621.0,33.0,3436.0,5.5,35.0,0.0,,Career,4.0,0.0,Clemson,4.0,36.0,,,3941.0,5.8,,0.0,,,
Ezekiel Elliott,52,56,14.857142857142902,Career,,0.0,,0.0,0.0,0.0,0.0,,,Jun-00,0.0,0.0,,0.0,,,0.0,,,,,ezekiel-elliott-1,650.0,264.0,RB,0.0,,1.0,449.0,7.7,58.0,592.0,43.0,3961.0,6.7,44.0,0.0,,Career,6.0,0.0,Ohio State,6.0,44.0,,225.0,4410.0,6.8,,0.0,,,
Tyler Ervin,0,35,0.0,Career,,1.0,,0.0,0.0,0.0,0.0,,,10-May,0.0,0.0,,3.0,,,0.0,,,,,tyler-ervin-1,615.0,168.0,RB,2.0,,4.0,783.0,9.0,87.0,528.0,19.0,2803.0,5.3,23.0,0.0,,Career,5.0,0.0,San Jose State,6.0,28.0,,177.0,3586.0,5.8,,0.0,,,
Heath Evans,9,143,1.00699300699301,,,,,,,,,,,,,,,0.0,,,,,,,,heath-evans-1,179.0,42.0,RB,,,1.0,354.0,11.8,30.0,149.0,6.0,626.0,4.2,7.0,,,Career,,,Auburn,,7.0,,,980.0,5.5,,,,,Career
Justin Fargas,20,92,3.4782608695652204,,,,,,,,,,,,,,,0.0,,,,,,,,justin-fargas-1,265.0,48.0,RB,,,0.0,106.0,11.8,9.0,256.0,8.0,1077.0,4.2,8.0,,,Career,,,Overall,,8.0,,,1183.0,4.5,,,,,Career
Kevin Faulk,70,161,6.95652173913043,,15.7,,2.0,,,,,,,,,,0.0,1.0,,3.0,,66.7,1.0,27.0,9.0,kevin-faulk-1,909.0,318.0,RB,2.0,252.3,4.0,600.0,11.3,53.0,856.0,46.0,4557.0,5.3,50.0,,,Career,,,LSU,,53.0,,,5157.0,5.7,,,,,Career
Tony Fiammetta,1,51,0.313725490196078,Career,,1.0,,0.0,0.0,0.0,0.0,0.0,,,0.0,0.0,,0.0,0.0,,0.0,,,,,tony-fiammetta-1,,6.0,RB,0.0,,,,,,,,,,,0.0,0.0,Career,4.0,0.0,Syracuse,5.0,1.0,0.0,,,,0.0,0.0,,,
David Fluellen,0,25,0.0,Career,,1.0,,0.0,0.0,0.0,0.0,,,Jun-00,0.0,0.0,,0.0,,,0.0,,,,,david-fluellen-1,641.0,180.0,RB,0.0,,2.0,662.0,8.3,80.0,561.0,28.0,3336.0,5.9,30.0,0.0,,Career,1.0,0.0,Toledo,2.0,30.0,,215.0,3998.0,6.2,,0.0,,,
Mike Ford,2,22,1.45454545454545,Career,,,,,,,,,,,,,,,,,,,,,,mike-ford-1,338.0,144.0,RB,,,1.0,64.0,9.1,7.0,331.0,23.0,1502.0,4.5,24.0,,,Career,,,South Florida,,24.0,,,1566.0,4.6,,,,,
Justin Forsett,35,122,4.59016393442623,Career,,1.0,,,,,,,,,0.0,0.0,,0.0,,,,,,,,justin-forsett-1,608.0,168.0,RB,1.0,,1.0,386.0,9.4,41.0,567.0,26.0,3220.0,5.7,27.0,0.0,,Career,4.0,0.0,California,5.0,28.0,,,3606.0,5.9,,0.0,,,
Matt Forte,99,146,10.8493150684932,Career,0.4,0.0,1.0,,,,,,,,0.0,0.0,0.0,0.0,,11.0,,9.1,0.0,4.0,0.4,matt-forte-1,936.0,264.0,RB,,12.1,5.0,985.0,9.6,103.0,833.0,39.0,4265.0,5.1,44.0,0.0,,Career,9.0,0.0,Tulane,9.0,44.0,,,5250.0,5.6,,0.0,,,
Arian Foster,63,80,12.6,Career,0.0,0.0,0.0,,,,,,,,0.0,0.0,0.0,0.0,,1.0,,0.0,0.0,0.0,0.0,arian-foster-1,733.0,150.0,RB,,0.0,2.0,742.0,8.9,83.0,650.0,23.0,2964.0,4.6,25.0,0.0,,Career,1.0,0.0,Tennessee,1.0,25.0,,,3706.0,5.1,,0.0,,,
D.J. Foster,1,16,1.0,2013,,0.0,0.0,0.0,0.0,0.0,0.0,,14.0,Jun-00,0.0,0.0,0.0,0.0,,0.0,0.0,,0.0,0.0,,dj-foster-1,156.0,60.0,RB,0.0,,4.0,653.0,10.4,63.0,93.0,6.0,501.0,5.4,10.0,0.0,,2013,0.0,0.0,Arizona State,0.0,10.0,,195.0,1154.0,7.4,,0.0,,,
Leonard Fournette,21,36,9.33333333333333,Career,0.0,0.0,0.0,0.0,0.0,0.0,0.0,,,1-Jun,0.0,0.0,0.0,1.0,,1.0,0.0,0.0,0.0,0.0,0.0,leonard-fournette-1,657.0,252.0,RB,0.0,0.0,1.0,526.0,12.8,41.0,616.0,40.0,3830.0,6.2,41.0,0.0,,Career,2.0,0.0,LSU,2.0,42.0,,230.0,4356.0,6.6,,0.0,,,
Jalston Fowler,0,42,0.0,2013,,0.0,,0.0,0.0,0.0,0.0,,9.0,1-Jun,0.0,0.0,,0.0,,,0.0,,,,,jalston-fowler-1,27.0,30.0,RB,0.0,,5.0,15.0,2.1,7.0,20.0,0.0,88.0,4.4,5.0,0.0,,2013,0.0,0.0,Alabama,0.0,5.0,,248.0,103.0,3.8,,0.0,,,
Devonta Freeman,47,77,9.76623376623377,Career,,1.0,,0.0,0.0,0.0,0.0,,,9-May,0.0,0.0,,0.0,,,0.0,,,,,devonta-freeman-1,451.0,186.0,RB,0.0,,1.0,475.0,10.1,47.0,404.0,30.0,2255.0,5.6,31.0,0.0,,Career,2.0,0.0,Florida State,3.0,31.0,,203.0,2730.0,6.1,,0.0,,,
Royce Freeman,8,30,4.26666666666667,Career,46.0,1.0,1.0,0.0,0.0,0.0,0.0,,,11-May,0.0,0.0,0.0,0.0,,1.0,0.0,100.0,1.0,26.0,26.0,royce-freeman-1,1026.0,384.0,RB,0.0,648.4,4.0,814.0,10.3,79.0,947.0,60.0,5621.0,5.9,64.0,0.0,,Career,1.0,0.0,Oregon,2.0,64.0,,231.0,6435.0,6.3,,0.0,,,
Wayne Gallman,7,38,2.94736842105263,Career,,,,0.0,0.0,,,,,Jun-00,,,,0.0,,,,,,,,wayne-gallman-1,741.0,216.0,RB,0.0,,2.0,486.0,7.4,66.0,675.0,34.0,3416.0,5.1,36.0,,,Career,,,Clemson,,36.0,,215.0,3902.0,5.3,,,,,
Quinton Ganther,3,36,1.33333333333333,,0.0,0.0,0.0,,,,,,,,0.0,0.0,0.0,0.0,,2.0,,0.0,0.0,0.0,0.0,quinton-ganther-1,346.0,66.0,RB,,0.0,2.0,363.0,11.3,32.0,314.0,9.0,1774.0,5.6,11.0,0.0,,Career,1.0,0.0,Utah,1.0,11.0,,,2137.0,6.2,,0.0,,,Career
Toby Gerhart,17,82,3.3170731707317103,Career,38.0,1.0,1.0,,,,,1.0,,,0.0,0.0,0.0,,,1.0,,100.0,1.0,18.0,18.0,toby-gerhart-1,710.0,270.0,RB,,581.2,0.0,395.0,10.1,39.0,671.0,44.0,3522.0,5.2,44.0,0.0,,Career,2.0,0.0,Stanford,3.0,45.0,,,3917.0,5.5,0.0,0.0,,,
Mike Gillislee,10,36,4.44444444444444,Career,,11.0,,,,,,,,,0.0,0.0,,0.0,,,,,,,,mike-gillislee-1,412.0,132.0,RB,,,2.0,182.0,7.9,23.0,389.0,20.0,2072.0,5.3,22.0,0.0,,Career,5.0,0.0,Florida,16.0,22.0,,,2254.0,5.5,,0.0,,,
Cody Glenn,2,19,1.68421052631579,Career,,25.0,,0.0,0.0,1.0,0.0,0.0,,,0.0,0.0,,0.0,0.0,,4.0,,,,,cody-glenn-1,149.0,84.0,RB,0.0,,0.0,52.0,8.7,6.0,143.0,14.0,579.0,4.0,14.0,0.0,0.0,Career,26.0,5.0,Nebraska,51.0,14.0,0.0,,631.0,4.2,0.0,0.0,,,
Nick Goings,18,105,2.74285714285714,,,,,,,,,,,,,,,0.0,,,,,,,,nick-goings-1,235.0,48.0,RB,,,2.0,340.0,11.7,29.0,206.0,6.0,845.0,4.1,8.0,,,Career,,,Overall,,8.0,,,1185.0,5.0,,,,,Career
Mike Goodson,7,42,2.6666666666666696,Career,,1.0,,,,,,,,,0.0,0.0,,,,,,,,,,mike-goodson-1,464.0,120.0,RB,0.0,,7.0,860.0,9.6,90.0,374.0,13.0,1964.0,5.3,20.0,0.0,,Career,2.0,0.0,Texas A&M,3.0,20.0,,,2824.0,6.1,,0.0,,,
Melvin Gordon,42,67,10.0298507462687,Career,,1.0,,0.0,0.0,1.0,0.0,,,1-Jun,0.0,0.0,,0.0,,,0.0,,,,,melvin-gordon-1,653.0,294.0,RB,0.0,,4.0,228.0,10.4,22.0,631.0,45.0,4915.0,7.8,49.0,0.0,,Career,4.0,0.0,Wisconsin,5.0,49.0,,213.0,5143.0,7.9,,0.0,,,
Frank Gore,129,226,9.13274336283186,,,,,,,,,,,,,,,0.0,,,,,,,,frank-gore-1,371.0,102.0,RB,,,0.0,225.0,9.8,23.0,348.0,17.0,1975.0,5.7,17.0,,,Career,,,Miami (FL),,17.0,,,2200.0,5.9,,,,,Career
Earnest Graham,20,98,3.26530612244898,,4.6,,1.0,,,,,,,,,,0.0,,,5.0,,20.0,1.0,3.0,0.6,earnest-graham-1,668.0,198.0,RB,,91.0,0.0,402.0,6.8,59.0,609.0,33.0,3085.0,5.1,33.0,,,Career,,,Florida,,33.0,,,3487.0,5.2,,,,,Career
Corey Grant,4,38,1.68421052631579,Career,,0.0,,0.0,0.0,0.0,0.0,,,11-May,0.0,0.0,,1.0,,,0.0,,,,,corey-grant-1,149.0,66.0,RB,0.0,,1.0,100.0,7.1,14.0,135.0,9.0,1040.0,7.7,10.0,0.0,,Career,2.0,0.0,Auburn,2.0,11.0,,205.0,1140.0,7.7,,0.0,,,
Cyrus Gray,1,35,0.4571428571428571,Career,17.0,0.0,1.0,,,,,,,,0.0,0.0,0.0,2.0,,2.0,,50.0,1.0,14.0,7.0,cyrus-gray-1,735.0,228.0,RB,,273.8,6.0,776.0,7.5,103.0,632.0,30.0,3298.0,5.2,36.0,0.0,,Career,3.0,0.0,Texas A&M,3.0,38.0,,,4074.0,5.5,,0.0,,,
Jonas Gray,4,16,4.0,Career,,,,,,,,,,,,,,0.0,,,,,,,,jonas-gray-1,200.0,72.0,RB,,,0.0,105.0,9.5,11.0,189.0,12.0,1100.0,5.8,12.0,,,Career,,,Notre Dame,,12.0,,,1205.0,6.0,,,,,
Ahman Green,93,148,10.054054054054099,,0.0,,0.0,,,,,,,,,,0.0,0.0,,1.0,,0.0,0.0,0.0,0.0,ahman-green-1,609.0,270.0,RB,,0.0,3.0,300.0,8.6,35.0,574.0,42.0,3880.0,6.8,45.0,,,Career,,,Nebraska,,45.0,,,4180.0,6.9,,,,,Career
Alex Green,5,29,2.75862068965517,Career,,0.0,,,,,,,,,0.0,0.0,,0.0,,,,,,,,alex-green-2,270.0,132.0,RB,,,2.0,461.0,12.1,38.0,232.0,20.0,1652.0,7.1,22.0,0.0,,Career,2.0,0.0,Hawaii,2.0,22.0,,,2113.0,7.8,,0.0,,,
BenJarvus Green-Ellis,34,84,6.47619047619048,Career,,1.0,,0.0,0.0,0.0,0.0,0.0,,,0.0,0.0,,0.0,0.0,,0.0,,,,,benjarvus-green-ellis-1,959.0,156.0,RB,0.0,,1.0,316.0,8.1,39.0,920.0,25.0,3869.0,4.2,26.0,0.0,0.0,Career,0.0,0.0,Overall,1.0,26.0,0.0,,4185.0,4.4,0.0,0.0,,,
Shonn Greene,25,85,4.70588235294118,Career,,3.0,,,,,,,,,0.0,0.0,,0.0,,,,,,,,shonn-greene-1,387.0,132.0,RB,,,0.0,72.0,6.5,11.0,376.0,22.0,2228.0,5.9,22.0,0.0,,Career,11.0,0.0,Iowa,14.0,22.0,,,2300.0,5.9,,0.0,,,
Justin Griffith,13,96,2.1666666666666696,,,,,,,,,,,,,,,,,,,,,,,justin-griffith-1,298.0,84.0,RB,,,4.0,937.0,11.0,85.0,213.0,10.0,852.0,4.0,14.0,,,Career,,,Mississippi State,,14.0,,,1789.0,6.0,,,,,Career
Chris Gronkowski,0,35,0.0,Career,,,,,,,,,,,,,,,,,,,,,,chris-gronkowski-1,,18.0,RB,,,,,,,,,,,,,,Career,,,Arizona,,3.0,,,,,,,,,
Todd Gurley,53,73,11.6164383561644,Career,50.0,0.0,1.0,0.0,0.0,0.0,0.0,,,1-Jun,0.0,0.0,0.0,2.0,,1.0,0.0,100.0,0.0,50.0,50.0,todd-gurley-1,575.0,264.0,RB,0.0,520.0,6.0,615.0,9.5,65.0,510.0,36.0,3285.0,6.4,42.0,0.0,,Career,1.0,0.0,Georgia,1.0,44.0,,226.0,3900.0,6.8,,0.0,,,
Ahmard Hall,5,85,0.941176470588235,,,,,,,,,,,,,,,0.0,,,,,,,,ahmard-hall-1,,12.0,RB,,,,,,,,,,,,,,Career,,,Texas,,2.0,,,,,,,,,Career
Andre Hall,3,18,2.6666666666666696,,12.0,1.0,1.0,,,,,,,,0.0,0.0,0.0,0.0,,3.0,,33.3,1.0,16.0,5.3,andre-hall-1,524.0,162.0,RB,,188.1,3.0,470.0,10.7,44.0,480.0,24.0,2731.0,5.7,27.0,0.0,,Career,0.0,0.0,South Florida,1.0,27.0,,,3201.0,6.1,,0.0,,,Career
Chad Hall,1,25,0.64,Career,-22.5,,0.0,,,,,,,,,,2.0,0.0,,4.0,,0.0,0.0,0.0,0.0,chad-hall-1,528.0,144.0,RB,0.0,-100.0,3.0,780.0,10.1,77.0,451.0,21.0,2606.0,5.8,24.0,,,Career,,,Air Force,,24.0,,,3386.0,6.4,,,,,
Dante Hall,32,112,4.57142857142857,,0.0,,0.0,,,,,,,,,,0.0,0.0,,1.0,,0.0,0.0,0.0,0.0,dante-hall-1,544.0,144.0,RB,2.0,0.0,0.0,260.0,11.8,22.0,522.0,22.0,2818.0,5.4,22.0,,,Career,,,Texas A&M,,24.0,,,3078.0,5.7,,,,,Career
Montario Hardesty,4,23,2.7826086956521703,Career,0.0,1.0,0.0,,,,,,,,0.0,0.0,0.0,,,1.0,,0.0,0.0,0.0,0.0,montario-hardesty-1,598.0,162.0,RB,,0.0,1.0,405.0,10.7,38.0,560.0,26.0,2391.0,4.3,27.0,0.0,,Career,2.0,0.0,Tennessee,3.0,27.0,,,2796.0,4.7,,0.0,,,
Jamie Harper,0,23,0.0,Career,0.0,1.0,0.0,,,,,,,,0.0,0.0,0.0,0.0,,1.0,,0.0,0.0,0.0,0.0,jamie-harper-1,361.0,90.0,RB,0.0,0.0,3.0,398.0,8.0,50.0,311.0,12.0,1311.0,4.2,15.0,0.0,,Career,1.0,0.0,Clemson,2.0,15.0,,,1709.0,4.7,,0.0,,,
Demetrius Harris,7,86,1.30232558139535,,,,,,,,,,,,,,,,,,,,,,,demetrius-harris-1,151.0,30.0,RB,,,0.0,89.0,6.4,14.0,137.0,5.0,610.0,4.5,5.0,,,Career,,,Pitt,,5.0,,,699.0,4.6,,,,,Career
Jerome Harrison,14,63,3.55555555555556,,,,,,,,,,,,,,,0.0,,,,,,,,jerome-harrison-1,516.0,156.0,RB,0.0,,1.0,275.0,8.1,34.0,482.0,25.0,2800.0,5.8,26.0,,,Career,,,Washington State,,26.0,,,3075.0,6.0,,,,,Career
Josh Harris,7,123,0.910569105691057,Career,,,,0.0,0.0,,,,,11-May,,,,0.0,,,,,,,,josh-harris-3,536.0,114.0,RB,0.0,,0.0,304.0,6.5,47.0,489.0,19.0,2230.0,4.6,19.0,,,Career,,,Wake Forest,,19.0,,210.0,2534.0,4.7,,,,,
Percy Harvin,48,75,10.24,Career,,0.0,,,,,,,,,0.0,0.0,,,,,,,,,,percy-harvin-1,327.0,192.0,RB,,,13.0,1929.0,14.5,133.0,194.0,19.0,1852.0,9.5,32.0,0.0,,Career,1.0,0.0,Florida,1.0,32.0,,,3781.0,11.6,,0.0,,,
Stanley Havili,1,28,0.5714285714285711,Career,,0.0,,,,,,,,,0.0,0.0,,,,,,,,,,stanley-havili-1,,90.0,RB,,,,,,,,,,,,0.0,,Career,1.0,0.0,USC,1.0,15.0,,,,,,0.0,,,
Verron Haynes,8,68,1.88235294117647,,,,,,,,,,,,,,,,,,,,,,,verron-haynes-1,156.0,60.0,RB,,,2.0,242.0,12.7,19.0,137.0,8.0,738.0,5.4,10.0,,,Career,,,Georgia,,10.0,,,980.0,6.3,,,,,Career
Madison Hedgecock,2,84,0.38095238095238104,,,,,,,,,,,,,,,0.0,,,,,,,,madison-hedgecock-1,40.0,12.0,RB,,,0.0,42.0,7.0,6.0,34.0,2.0,130.0,3.8,2.0,,,Career,,,North Carolina,,2.0,,,172.0,4.3,,,,,Career
Chris Henry,17,55,4.94545454545455,,,0.0,,,,,,,,5-11,0.0,0.0,,0.0,,,,,,,,chris-henry-1,295.0,60.0,RB,,,1.0,205.0,7.9,26.0,269.0,9.0,892.0,3.3,10.0,0.0,,Career,1.0,0.0,Arizona,1.0,10.0,,169.0,1097.0,3.7,,0.0,,,Career
Dan Herron,5,35,2.28571428571429,Career,,1.0,,,,,,,,,0.0,0.0,,0.0,,,,,,,,dan-herron-1,636.0,198.0,RB,,,1.0,309.0,7.0,44.0,592.0,32.0,2869.0,4.8,33.0,0.0,,Career,1.0,0.0,Ohio State,2.0,33.0,,,3178.0,5.0,,0.0,,,
Jacob Hester,7,65,1.7230769230769198,Career,,10.0,,,,,,,,,1.0,0.0,,0.0,,,,,,,,jacob-hester-1,426.0,144.0,RB,0.0,,4.0,459.0,7.4,62.0,364.0,20.0,1780.0,4.9,24.0,0.0,,Career,14.0,0.0,LSU,24.0,24.0,,,2239.0,5.3,,22.0,22.0,,
Dontrell Hilliard,2,25,1.28,Career,0.0,1.0,0.0,0.0,0.0,0.0,0.0,,,Jun-00,0.0,0.0,0.0,0.0,,1.0,0.0,0.0,0.0,0.0,0.0,dontrell-hilliard-1,628.0,204.0,RB,0.0,0.0,4.0,740.0,10.6,70.0,558.0,30.0,2948.0,5.3,34.0,0.0,,Career,1.0,0.0,Tulane,2.0,34.0,,205.0,3688.0,5.9,,0.0,,,
Peyton Hillis,23,81,4.5432098765432105,Career,0.0,0.0,0.0,,,,,,,,0.0,0.0,0.0,0.0,,2.0,,0.0,0.0,0.0,0.0,peyton-hillis-1,321.0,138.0,RB,0.0,0.0,11.0,1195.0,10.1,118.0,203.0,12.0,959.0,4.7,23.0,0.0,,Career,4.0,0.0,Arkansas,4.0,23.0,,,2154.0,6.7,,0.0,,,
Ronnie Hillman,18,56,5.14285714285714,Career,,0.0,,,,0.0,0.0,,,,0.0,0.0,,,,,0.0,,,,,ronnie-hillman-1,606.0,228.0,RB,,,2.0,338.0,10.2,33.0,573.0,36.0,3243.0,5.7,38.0,0.0,,Career,3.0,0.0,San Diego State,3.0,38.0,,,3581.0,5.9,,0.0,,,
Nyheim Hines,12,32,6.0,Career,0.0,0.0,0.0,0.0,0.0,0.0,0.0,,,9-May,0.0,0.0,0.0,2.0,,1.0,0.0,0.0,0.0,0.0,0.0,nyheim-hines-1,347.0,102.0,RB,1.0,0.0,1.0,933.0,10.5,89.0,258.0,13.0,1400.0,5.4,14.0,0.0,,Career,2.0,0.0,North Carolina State,2.0,17.0,,197.0,2333.0,6.7,,0.0,,,
Chris Hogan,25,95,4.21052631578947,,,,,,,,,,,,,,,,,,,,,,,chris-hogan-1,7.0,,RB,,,0.0,11.0,5.5,2.0,5.0,0.0,6.0,1.2,0.0,,,Career,,,Arkansas State,,,,,17.0,2.4,,,,,Career
Trindon Holliday,4,33,1.93939393939394,Career,,1.0,,,,,,,,,0.0,0.0,,2.0,,,,,,,,trindon-holliday-1,122.0,48.0,RB,2.0,,0.0,72.0,10.3,7.0,115.0,4.0,776.0,6.7,4.0,0.0,,Career,1.0,0.0,LSU,2.0,8.0,,,848.0,7.0,,0.0,,,
Jordan Howard,25,57,7.017543859649121,Career,0.0,1.0,1.0,0.0,0.0,0.0,0.0,,,10-May,0.0,0.0,0.0,0.0,,1.0,0.0,100.0,0.0,0.0,0.0,jordan-howard-1,671.0,162.0,RB,0.0,100.0,3.0,261.0,10.9,24.0,647.0,24.0,3681.0,5.7,27.0,0.0,,Career,0.0,0.0,Overall,1.0,27.0,,209.0,3942.0,5.9,,0.0,,,
Robert Hughes,1,23,0.695652173913043,Career,,,,,,,,,,,,,,0.0,,,,,,,,robert-hughes-1,364.0,90.0,RB,,,0.0,370.0,8.6,43.0,321.0,15.0,1392.0,4.3,15.0,,,Career,,,Notre Dame,,15.0,,,1762.0,4.8,,,,,
Akeem Hunt,2,30,1.06666666666667,Career,,2.0,,0.0,0.0,0.0,0.0,,,9-May,0.0,0.0,,3.0,,,0.0,,,,,akeem-hunt-1,471.0,120.0,RB,0.0,,6.0,841.0,8.4,100.0,371.0,11.0,2035.0,5.5,17.0,0.0,,Career,4.0,0.0,Purdue,6.0,20.0,,184.0,2876.0,6.1,,0.0,,,
Kareem Hunt,29,35,13.2571428571429,Career,-45.0,0.0,0.0,0.0,0.0,0.0,0.0,,,Jun-00,0.0,0.0,1.0,0.0,,1.0,0.0,0.0,0.0,0.0,0.0,kareem-hunt-1,855.0,270.0,RB,0.0,-200.0,1.0,555.0,7.6,73.0,782.0,44.0,4945.0,6.3,45.0,0.0,,Career,3.0,0.0,Toledo,3.0,45.0,,225.0,5500.0,6.4,,0.0,,,
Kendall Hunter,11,45,3.9111111111111097,Career,,1.0,,,,,,,,,0.0,0.0,,0.0,,,,,,,,kendall-hunter-1,771.0,234.0,RB,,,2.0,519.0,8.2,63.0,708.0,37.0,4181.0,5.9,39.0,0.0,,Career,4.0,0.0,Oklahoma State,5.0,39.0,,,4700.0,6.1,,0.0,,,
Carlos Hyde,31,80,6.2,Career,,1.0,,0.0,0.0,0.0,0.0,,,Jun-00,0.0,0.0,,0.0,,,0.0,,,,,carlos-hyde-1,557.0,246.0,RB,0.0,,4.0,271.0,8.0,34.0,523.0,37.0,3198.0,6.1,41.0,0.0,,Career,3.0,0.0,Ohio State,4.0,41.0,,242.0,3469.0,6.2,,0.0,,,
Henry Hynoski,2,46,0.695652173913043,Career,,0.0,,,,,,,,,0.0,0.0,,0.0,,,,,,,,henry-hynoski-1,,12.0,RB,,,,,,,,,,,,0.0,,Career,5.0,0.0,Pitt,5.0,2.0,,,,,,0.0,,,
Mark Ingram,70,121,9.25619834710744,Career,0.0,0.0,0.0,,,,,,,,0.0,0.0,0.0,0.0,,1.0,,0.0,0.0,0.0,0.0,mark-ingram-1,632.0,276.0,RB,,0.0,4.0,670.0,11.2,60.0,572.0,42.0,3261.0,5.7,46.0,0.0,,Career,1.0,0.0,Alabama,1.0,46.0,,,3931.0,6.2,,0.0,,,
Chris Ivory,39,108,5.77777777777778,Career,,1.0,,,,,,,,,0.0,0.0,,0.0,,,,,,,,chris-ivory-1,106.0,24.0,RB,,,0.0,51.0,3.4,15.0,91.0,4.0,534.0,5.9,4.0,0.0,,Career,2.0,0.0,Washington State,3.0,4.0,,,585.0,5.5,,0.0,,,
Brandon Jackson,17,54,5.03703703703704,Career,,,,,,,,,,Jun-00,,,,,,,,,,,,brandon-jackson-1,90.0,18.0,RB,,,0.0,75.0,12.5,6.0,84.0,3.0,316.0,3.8,3.0,,,Career,,,East Carolina,,3.0,,170.0,391.0,4.3,,,,,
Brandon Jacobs,41,109,6.0183486238532105,,,,,,,,,,,,,,,,,,,,,,,brandon-jacobs-1,73.0,18.0,RB,,,0.0,34.0,34.0,1.0,72.0,3.0,446.0,6.2,3.0,,,Career,,,Auburn,,3.0,,,480.0,6.6,,,,,Career
Edgerrin James,136,148,14.702702702702698,,-45.0,,0.0,,,,,,,,,,1.0,0.0,,1.0,,0.0,0.0,0.0,0.0,edgerrin-james-1,539.0,210.0,RB,,-200.0,3.0,595.0,14.2,42.0,497.0,32.0,2960.0,6.0,35.0,,,Career,,,Miami (FL),,35.0,,,3555.0,6.6,,,,,Career
LaMichael James,2,18,1.77777777777778,Career,,,,,,,,,,,,,,0.0,,,,,,,,lamichael-james-1,822.0,348.0,RB,1.0,,4.0,586.0,11.5,51.0,771.0,53.0,5082.0,6.6,57.0,,,Career,,,Oregon,,58.0,,,5668.0,6.9,,,,,
Mike James,2,23,1.3913043478260902,Career,,1.0,,,,1.0,0.0,,,,0.0,0.0,,0.0,,,0.0,,,,,mike-james-1,371.0,132.0,RB,,,5.0,585.0,8.7,67.0,304.0,17.0,1340.0,4.4,22.0,0.0,,Career,5.0,0.0,Miami (FL),6.0,22.0,,,1925.0,5.2,,0.0,,,
Jordan Jenkins,25,60,6.66666666666667,Career,,13.0,,,,0.0,0.0,,,,0.0,0.0,,0.0,,,0.0,,,,,jordan-jenkins-1,,12.0,RB,,,,,,,,,,,,0.0,,Career,10.0,0.0,Oregon State,23.0,2.0,,,,,,0.0,,,
Rashad Jennings,35,93,6.0215053763440896,,,,,,,,,,,,,,,,,,,,,,,rashad-jennings-1,91.0,6.0,RB,,,0.0,35.0,7.0,5.0,86.0,1.0,411.0,4.8,1.0,,,Career,,,Pitt,,1.0,,,446.0,4.9,,,,,Career
Brandon Johnson,14,87,2.57471264367816,Career,,,,,,,,,,1-Jun,,,,,,,,,,,,brandon-johnson-10,4.0,,RB,,,0.0,0.0,,0.0,4.0,0.0,23.0,5.8,0.0,,,Career,,,Penn State,,,,215.0,23.0,5.8,,,,,
Chris Johnson,83,130,10.2153846153846,Career,0.0,0.0,1.0,,,,,,,1-Jun,0.0,0.0,0.0,2.0,,1.0,,100.0,0.0,0.0,0.0,chris-johnson-1,749.0,264.0,RB,,100.0,10.0,1296.0,10.4,125.0,624.0,32.0,2982.0,4.8,42.0,0.0,,Career,1.0,0.0,East Carolina,1.0,44.0,,195.0,4278.0,5.7,,0.0,,,
Duke Johnson,27,80,5.4,Career,14.0,,1.0,0.0,0.0,,,,,9-May,,,0.0,2.0,,2.0,,50.0,1.0,8.0,4.0,duke-johnson-1,595.0,192.0,RB,0.0,248.6,4.0,719.0,10.4,69.0,526.0,26.0,3519.0,6.7,30.0,,,Career,,,Miami (FL),,32.0,,206.0,4238.0,7.1,,,,,
Jeremi Johnson,4,96,0.666666666666667,,,,,,,,,,,,,,,0.0,,,,,,,,jeremi-johnson-1,221.0,78.0,RB,,,2.0,386.0,10.4,37.0,184.0,11.0,931.0,5.1,13.0,,,Career,,,Indiana,,13.0,,,1317.0,6.0,,,,,Career
Kerryon Johnson,8,18,7.111111111111111,Career,13.5,0.0,4.0,0.0,0.0,0.0,0.0,,,Jun-00,0.0,0.0,0.0,0.0,,4.0,0.0,100.0,2.0,14.0,3.5,kerryon-johnson-1,574.0,204.0,RB,0.0,294.4,2.0,478.0,8.7,55.0,519.0,32.0,2494.0,4.8,34.0,0.0,,Career,1.0,0.0,Auburn,1.0,34.0,,212.0,2972.0,5.2,,0.0,,,
Larry Johnson,56,85,10.5411764705882,,,,,,,,,,,,,,,1.0,,,,,,,,larry-johnson-1,525.0,216.0,RB,2.0,,7.0,681.0,10.5,65.0,460.0,26.0,2953.0,6.4,33.0,,,Career,,,Penn State,,36.0,,,3634.0,6.9,,,,,Career
Michael Johnson,64,155,6.60645161290323,Career,,,,,,,,,,8-May,,,,,,,,,,,,michael-johnson-10,14.0,,RB,,,,,,,14.0,0.0,80.0,5.7,0.0,,,Career,,,Western Michigan,,,,160.0,80.0,5.7,,,,,
Quinn Johnson,0,44,0.0,Career,,2.0,,,,,,,,,0.0,0.0,,0.0,,,,,,,,quinn-johnson-1,21.0,18.0,RB,,,0.0,54.0,10.8,5.0,16.0,3.0,34.0,2.1,3.0,0.0,,Career,2.0,0.0,LSU,4.0,3.0,,,88.0,4.2,,0.0,,,
Rudi Johnson,52,95,8.75789473684211,,,,,,,,,,,,,,,,,,,,,,,rudi-johnson-1,333.0,78.0,RB,,,0.0,70.0,7.8,9.0,324.0,13.0,1567.0,4.8,13.0,,,Career,,,Auburn,,13.0,,,1637.0,4.9,,,,,Career
Felix Jones,30,80,6.0,Career,,0.0,,,,,,,,,0.0,0.0,,4.0,,,,,,,,felix-jones-1,425.0,162.0,RB,0.0,,3.0,383.0,9.8,39.0,386.0,20.0,2956.0,7.7,23.0,0.0,,Career,1.0,0.0,Arkansas,1.0,27.0,,,3339.0,7.9,,0.0,,,
Jacoby Jones,34,128,4.25,Career,,1.0,,,,,,,,,0.0,0.0,,,,,,,,,,jacoby-jones-1,129.0,48.0,RB,,,2.0,116.0,7.3,16.0,113.0,6.0,452.0,4.0,8.0,0.0,,Career,1.0,0.0,Baylor,2.0,8.0,,,568.0,4.4,,0.0,,,
Julius Jones,43,94,7.31914893617021,,,,,,,,,,,,,,,1.0,,,,,,,,julius-jones-1,662.0,174.0,RB,1.0,,1.0,250.0,8.9,28.0,634.0,26.0,3018.0,4.8,27.0,,,Career,,,Notre Dame,,29.0,,,3268.0,4.9,,,,,Career
Thomas Jones,78,180,6.93333333333333,,0.0,,0.0,,,,,,,,,,0.0,0.0,,3.0,,0.0,0.0,0.0,0.0,thomas-jones-1,880.0,246.0,RB,0.0,0.0,4.0,571.0,8.0,71.0,809.0,37.0,3998.0,4.9,41.0,,,Career,,,Virginia,,41.0,,,4569.0,5.2,,,,,Career
Nick Kaczur,40,68,9.41176470588235,,,,,,,,,,,,,,,,,,,,,,,nick-kaczur-1,2.0,,RB,,,,,,,2.0,0.0,49.0,24.5,0.0,,,Career,,,Toledo,,,,,49.0,24.5,,,,,Career
Alvin Kamara,43,45,15.2888888888889,Career,24.0,,1.0,0.0,0.0,,,,,10-May,,,0.0,0.0,,1.0,,100.0,0.0,24.0,24.0,alvin-kamara-1,284.0,144.0,RB,1.0,301.6,7.0,683.0,9.2,74.0,210.0,16.0,1294.0,6.2,23.0,,,Career,,,Tennessee,,24.0,,215.0,1977.0,7.0,,,,,
Justin King,10,40,4.0,2005,,,,,,,,,12.0,9-May,0.0,0.0,,0.0,,,,,,,,justin-king-1,28.0,12.0,RB,,,2.0,126.0,12.6,10.0,18.0,0.0,227.0,12.6,2.0,,,2005,,,Penn State,,2.0,,160.0,353.0,12.6,,0.0,,,
Eddie Lacy,38,60,10.1333333333333,Career,,5.0,,,,0.0,0.0,,,,0.0,0.0,,,,,0.0,,,,,eddie-lacy-1,390.0,192.0,RB,,,2.0,338.0,9.7,35.0,355.0,30.0,2402.0,6.8,32.0,0.0,,Career,0.0,0.0,Alabama,5.0,32.0,,,2740.0,7.0,,0.0,,,
Jorvorskie Lane,1,41,0.390243902439024,Career,29.6,3.0,3.0,,,,,,,,0.0,0.0,0.0,0.0,,5.0,,60.0,1.0,128.0,25.6,jorvorskie-lane-1,515.0,300.0,RB,,341.0,1.0,271.0,10.4,26.0,489.0,49.0,2193.0,4.5,50.0,0.0,,Career,2.0,0.0,Texas A&M,5.0,50.0,,,2464.0,4.8,,0.0,,,
Harvey Langi,2,17,1.88235294117647,Career,,,,,,,,,,,,,,,,,,,,,,harvey-langi-1,15.0,,RB,,,0.0,6.0,3.0,2.0,13.0,0.0,70.0,5.4,0.0,,,Career,,,Utah,,,,,76.0,5.1,,,,,
Jeremy Langford,8,29,4.41379310344828,Career,,5.0,,0.0,0.0,0.0,2.0,1.0,,1-Jun,0.0,0.0,,0.0,0.0,,0.0,,,,,jeremy-langford-1,616.0,252.0,RB,0.0,,1.0,219.0,5.6,39.0,577.0,40.0,2967.0,5.1,41.0,1.0,0.0,Career,10.0,1.0,Michigan State,15.0,42.0,0.0,208.0,3186.0,5.2,37.0,0.0,,,
Vonta Leach,8,146,0.8767123287671229,,,,,,,,,,,,,,,,,,,,,,,vonta-leach-1,104.0,30.0,RB,,,0.0,44.0,4.4,10.0,94.0,5.0,320.0,3.4,5.0,,,Career,,,East Carolina,,5.0,,,364.0,3.5,,,,,Career
Brian Leonard,12,88,2.18181818181818,,,0.0,,,,,,,,,0.0,0.0,,,,,,,,,,brian-leonard-1,885.0,270.0,RB,,,13.0,1868.0,9.0,207.0,678.0,32.0,2775.0,4.1,45.0,0.0,,Career,2.0,0.0,Rutgers,2.0,45.0,,,4643.0,5.2,,0.0,,,Career
Mikel Leshoure,5,17,4.70588235294118,Career,,0.0,,,,,,,,,0.0,0.0,,,,,,,,,,mikel-leshoure-1,461.0,168.0,RB,,,5.0,439.0,11.9,37.0,424.0,23.0,2557.0,6.0,28.0,0.0,,Career,4.0,0.0,Illinois,4.0,28.0,,,2996.0,6.5,,0.0,,,
Dion Lewis,31,86,5.76744186046512,Career,,0.0,,,,,,,,,0.0,0.0,,,,,,,,,,dion-lewis-1,596.0,186.0,RB,,,1.0,405.0,7.8,52.0,544.0,30.0,2860.0,5.3,31.0,0.0,,Career,1.0,0.0,Pitt,1.0,31.0,,,3265.0,5.5,,0.0,,,
Phillip Lindsay,15,31,7.74193548387097,Career,,1.0,,0.0,0.0,1.0,0.0,,,8-May,0.0,0.0,,0.0,,,1.0,,,,,phillip-lindsay-1,882.0,236.0,RB,0.0,,3.0,1084.0,9.3,117.0,765.0,36.0,3775.0,4.9,39.0,0.0,,Career,12.0,0.0,Colorado,13.0,39.0,1.0,190.0,4859.0,5.5,,0.0,,,
Zach Line,3,75,0.64,Career,,2.0,,,,1.0,0.0,,,,0.0,0.0,,,,,0.0,,,,,zach-line-1,853.0,282.0,RB,,,0.0,599.0,8.0,75.0,778.0,47.0,4185.0,5.4,47.0,0.0,,Career,16.0,0.0,SMU,18.0,47.0,,,4784.0,5.6,,0.0,,,
T.J. Logan,0,22,0.0,Career,,0.0,,0.0,0.0,0.0,0.0,,,9-May,0.0,0.0,,5.0,,,0.0,,,,,tj-logan-1,474.0,168.0,RB,0.0,,4.0,663.0,8.7,76.0,398.0,19.0,2165.0,5.4,23.0,0.0,,Career,3.0,0.0,North Carolina,3.0,28.0,,196.0,2828.0,6.0,,0.0,,,
Kregg Lumpkin,3,34,1.4117647058823501,Career,,0.0,,,,,,,,,0.0,0.0,,0.0,,,,,,,,kregg-lumpkin-1,390.0,102.0,RB,,,2.0,234.0,6.2,38.0,352.0,15.0,1700.0,4.8,17.0,0.0,,Career,3.0,0.0,Georgia,3.0,17.0,,,1934.0,5.0,,0.0,,,
Marshawn Lynch,90,149,9.664429530201339,,23.8,0.0,3.0,,,,,,,,0.0,0.0,0.0,0.0,,4.0,,75.0,2.0,55.0,13.8,marshawn-lynch-1,558.0,210.0,RB,,355.5,6.0,600.0,8.8,68.0,490.0,29.0,3230.0,6.6,35.0,0.0,,Career,3.0,0.0,California,3.0,35.0,,,3830.0,6.9,,0.0,,,Career
Marlon Mack,19,40,7.6,Career,,1.0,,0.0,0.0,0.0,0.0,,,11-May,0.0,0.0,,0.0,,,0.0,,,,,marlon-mack-1,651.0,198.0,RB,0.0,,1.0,498.0,7.7,65.0,586.0,32.0,3609.0,6.2,33.0,0.0,,Career,2.0,0.0,South Florida,3.0,33.0,,213.0,4107.0,6.3,,0.0,,,
Tre Madden,1,22,0.7272727272727271,Career,-45.0,6.0,0.0,0.0,0.0,0.0,0.0,,,1-Jun,0.0,0.0,1.0,0.0,,1.0,0.0,0.0,0.0,0.0,0.0,tre-madden-1,255.0,78.0,RB,0.0,-200.0,5.0,334.0,10.4,32.0,223.0,8.0,1155.0,5.2,13.0,0.0,0.0,Career,9.0,1.0,USC,15.0,13.0,0.0,225.0,1489.0,5.8,,0.0,,,
Owen Marecic,0,24,0.0,Career,,23.0,,,,,,,,,2.0,1.0,,,,,,,,,,owen-marecic-1,61.0,66.0,RB,,,1.0,258.0,10.3,25.0,36.0,9.0,67.0,1.9,10.0,2.0,,Career,32.0,5.5,Stanford,55.0,11.0,,,325.0,5.3,,39.0,19.5,,
Laurence Maroney,27,49,8.81632653061224,,0.0,,0.0,,,,,,,,,,0.0,1.0,,1.0,,0.0,0.0,0.0,0.0,laurence-maroney-1,681.0,204.0,RB,,0.0,1.0,197.0,9.4,21.0,660.0,32.0,3933.0,6.0,33.0,,,Career,,,Minnesota,,34.0,,,4130.0,6.1,,,,,Career
Doug Martin,43,84,8.19047619047619,Career,,15.0,,0.0,0.0,0.0,0.0,0.0,,,0.0,0.0,,1.0,0.0,,0.0,,,,,doug-martin-1,684.0,288.0,RB,0.0,,4.0,715.0,10.7,67.0,617.0,43.0,3431.0,5.6,47.0,0.0,0.0,Career,18.0,0.0,Boise State,33.0,48.0,0.0,,4146.0,6.1,0.0,0.0,,,
Tre Mason,7,25,4.48,Career,,0.0,,0.0,0.0,0.0,0.0,,,10-May,0.0,0.0,,2.0,,,0.0,,,,,tre-mason-1,535.0,210.0,RB,0.0,,1.0,249.0,13.1,19.0,516.0,32.0,2979.0,5.8,33.0,0.0,,Career,3.0,0.0,Auburn,3.0,35.0,,205.0,3228.0,6.0,,0.0,,,
Ryan Mathews,48,86,8.93023255813953,Career,0.0,1.0,0.0,,,,,,,,0.0,0.0,0.0,,,1.0,,0.0,0.0,0.0,0.0,ryan-mathews-1,553.0,246.0,RB,,0.0,2.0,268.0,14.1,19.0,534.0,39.0,3280.0,6.1,41.0,0.0,,Career,0.0,0.0,Fresno State,1.0,41.0,,,3548.0,6.4,,0.0,,,
Deuce McAllister,61,97,10.0618556701031,,18.0,,3.0,,,,,,,,,,0.0,1.0,,4.0,,75.0,1.0,52.0,13.0,deuce-mcallister-1,699.0,258.0,RB,1.0,266.7,3.0,671.0,10.2,66.0,633.0,38.0,3181.0,5.0,41.0,,,Career,,,Ole Miss,,43.0,,,3852.0,5.5,,,,,Career
Christian McCaffrey,40,48,13.333333333333302,Career,26.3,3.0,2.0,0.0,0.0,0.0,0.0,,,11-May,0.0,0.0,0.0,1.0,,3.0,0.0,66.7,2.0,39.0,13.0,christian-mccaffrey-1,731.0,198.0,RB,1.0,395.9,10.0,1206.0,12.2,99.0,632.0,21.0,3922.0,6.2,31.0,0.0,,Career,4.0,0.0,Stanford,7.0,33.0,,202.0,5128.0,7.0,,0.0,,,
Dexter McCluster,23,89,4.13483146067416,Career,-7.2,0.0,1.0,,,,,,,,0.0,0.0,2.0,0.0,,6.0,,16.7,1.0,27.0,4.5,dexter-mccluster-1,434.0,132.0,RB,0.0,42.8,7.0,1703.0,13.1,130.0,304.0,15.0,1955.0,6.4,22.0,0.0,,Career,8.0,0.0,Ole Miss,8.0,22.0,,,3658.0,8.4,,0.0,,,
Le'Ron McClain,13,111,1.87387387387387,,,1.0,,,,,,,,,0.0,0.0,,,,,,,,,,leron-mcclain-1,,60.0,RB,,,,,,,,,,,,0.0,,Career,6.0,0.0,Alabama,7.0,10.0,,,,,,0.0,,,Career
LeSean McCoy,104,160,10.4,Career,8.0,1.0,2.0,,,,,,,,0.0,0.0,0.0,0.0,,4.0,,50.0,0.0,32.0,8.0,lesean-mccoy-1,649.0,216.0,RB,,117.2,1.0,549.0,8.4,65.0,584.0,35.0,2816.0,4.8,36.0,0.0,,Career,2.0,0.0,Pitt,3.0,36.0,,,3365.0,5.2,,0.0,,,
Demetrius McCray,8,49,2.6122448979591804,Career,,1.0,,,,,,,,,0.0,0.0,,0.0,,,,,,,,demetrius-mccray-1,249.0,42.0,RB,,,2.0,90.0,4.5,20.0,229.0,5.0,962.0,4.2,7.0,0.0,,Career,0.0,0.0,Indiana,1.0,7.0,,,1052.0,4.2,,0.0,,,
Darren McFadden,45,103,6.990291262135919,Career,13.6,0.0,14.0,,,,,,,,0.0,0.0,1.0,1.0,,22.0,,63.6,7.0,205.0,9.3,darren-mcfadden-1,831.0,264.0,RB,,237.8,2.0,365.0,7.9,46.0,785.0,41.0,4590.0,5.8,43.0,0.0,,Career,5.0,0.0,Arkansas,5.0,44.0,,,4955.0,6.0,,0.0,,,
Willis McGahee,66,142,7.43661971830986,,,,,,,,,,,,,,,0.0,,,,,,,,willis-mcgahee-1,377.0,186.0,RB,,,0.0,348.0,12.4,28.0,349.0,31.0,2067.0,5.9,31.0,,,Career,,,Miami (FL),,31.0,,,2415.0,6.4,,,,,Career
Elijah McGuire,6,24,4.0,Career,0.0,0.0,0.0,0.0,0.0,0.0,0.0,,,11-May,0.0,0.0,0.0,0.0,,3.0,0.0,0.0,0.0,0.0,0.0,elijah-mcguire-1,840.0,312.0,RB,0.0,0.0,10.0,1394.0,10.7,130.0,710.0,42.0,4301.0,6.1,52.0,0.0,,Career,3.0,0.0,Louisiana,3.0,52.0,,208.0,5695.0,6.8,,0.0,,,
Sean McHugh,2,40,0.8,,,,,,,,,,,,,,,,,,,,,,,sean-mchugh-1,126.0,42.0,RB,,,1.0,297.0,6.8,44.0,82.0,6.0,322.0,3.9,7.0,,,Career,,,Penn State,,7.0,,,619.0,4.9,,,,,Career
Jason McKie,3,88,0.545454545454545,,,,,,,,,,,,,,,0.0,,,,,,,,jason-mckie-1,213.0,54.0,RB,,,1.0,260.0,5.9,44.0,169.0,8.0,693.0,4.1,9.0,,,Career,,,Temple,,9.0,,,953.0,4.5,,,,,Career
Joe McKnight,7,41,2.73170731707317,Career,,0.0,,,,,,,,,0.0,0.0,,0.0,,,,,,,,joe-mcknight-1,413.0,90.0,RB,0.0,,2.0,542.0,8.2,66.0,347.0,13.0,2213.0,6.4,15.0,0.0,,Career,2.0,0.0,USC,2.0,15.0,,,2755.0,6.7,,0.0,,,
Rashard Mendenhall,31,72,6.888888888888889,Career,,0.0,,,,,,,,,0.0,0.0,,,,,,,,,,rashard-mendenhall-1,447.0,162.0,RB,,,5.0,564.0,9.6,59.0,388.0,22.0,2539.0,6.5,27.0,0.0,,Career,2.0,0.0,Illinois,2.0,27.0,,,3103.0,6.9,,0.0,,,
Christine Michael,9,38,3.78947368421053,Career,,0.0,,,,,,,,,0.0,0.0,,0.0,,,,,,,,christine-michael-1,573.0,210.0,RB,,,1.0,323.0,7.3,44.0,529.0,34.0,2791.0,5.3,35.0,0.0,,Career,2.0,0.0,Texas A&M,2.0,35.0,,,3114.0,5.4,,0.0,,,
Sony Michel,12,29,6.62068965517241,Career,,0.0,,0.0,0.0,0.0,0.0,,,11-May,0.0,0.0,,0.0,,,0.0,,,,,sony-michel-1,654.0,234.0,RB,0.0,,6.0,621.0,9.7,64.0,590.0,33.0,3613.0,6.1,39.0,0.0,,Career,4.0,0.0,Georgia,4.0,39.0,,215.0,4234.0,6.5,,0.0,,,
Lamar Miller,47,105,7.1619047619047596,Career,,0.0,,,,0.0,0.0,,,,0.0,0.0,,1.0,,,0.0,,,,,lamar-miller-1,363.0,102.0,RB,0.0,,1.0,181.0,6.5,28.0,335.0,15.0,1918.0,5.7,16.0,0.0,,Career,1.0,0.0,Miami (FL),1.0,17.0,,,2099.0,5.8,,0.0,,,
Travis Minor,11,118,1.49152542372881,,0.0,,0.0,,,,,,,,,,0.0,0.0,,1.0,,0.0,0.0,0.0,0.0,travis-minor-1,770.0,186.0,RB,,0.0,3.0,831.0,7.8,106.0,664.0,28.0,3218.0,4.8,31.0,,,Career,,,Florida State,,31.0,,,4049.0,5.3,,,,,Career
Joe Mixon,25,44,9.09090909090909,Career,46.0,0.0,1.0,0.0,0.0,0.0,0.0,,,1-Jun,0.0,0.0,0.0,1.0,,1.0,0.0,100.0,1.0,26.0,26.0,joe-mixon-1,365.0,162.0,RB,0.0,648.4,9.0,894.0,13.8,65.0,300.0,17.0,2027.0,6.8,26.0,0.0,,Career,1.0,0.0,Oklahoma,1.0,27.0,,228.0,2921.0,8.0,,0.0,,,
Ryan Moats,7,38,2.94736842105263,,,,,,,,,,,,,,,0.0,,,,,,,,ryan-moats-1,547.0,180.0,RB,0.0,,2.0,441.0,9.2,48.0,499.0,28.0,3112.0,6.2,30.0,,,Career,,,Louisiana Tech,,30.0,,,3553.0,6.5,,,,,Career
D.J. Moore,16,31,8.25806451612903,Career,,54.0,,,,,,,,11-May,13.0,1.0,,0.0,,,,,,,,dj-moore-1,22.0,18.0,RB,0.0,,2.0,143.0,20.4,7.0,15.0,0.0,154.0,10.3,2.0,2.0,,Career,124.0,6.5,Vanderbilt,178.0,3.0,,205.0,297.0,13.5,,109.0,8.4,,
Mewelde Moore,33,122,4.32786885245902,,3.5,,1.0,,,,,,,,,,0.0,0.0,,4.0,,25.0,0.0,14.0,3.5,mewelde-moore-1,1098.0,216.0,RB,,54.4,15.0,2059.0,10.9,189.0,909.0,21.0,4364.0,4.8,36.0,,,Career,,,Tulane,,36.0,,,6423.0,5.8,,,,,Career
Knowshon Moreno,35,63,8.888888888888891,Career,,,,,,,,,,,,,,,,,,,,,,knowshon-moreno-1,551.0,192.0,RB,0.0,,2.0,645.0,12.2,53.0,498.0,30.0,2734.0,5.5,32.0,,,Career,,,Georgia,,32.0,,,3379.0,6.1,,,,,
Alfred Morris,39,105,5.9428571428571395,Career,,3.0,,,,0.0,0.0,,,,0.0,0.0,,0.0,,,0.0,,,,,alfred-morris-1,763.0,186.0,RB,,,4.0,300.0,10.0,30.0,733.0,27.0,3529.0,4.8,31.0,0.0,,Career,10.0,0.0,Florida Atlantic,13.0,31.0,,,3829.0,5.0,,0.0,,,
Kirk Morrison,44,112,6.28571428571429,,,,,,,,,,,,6.0,1.0,,,,,,,,,,kirk-morrison-1,3.0,6.0,RB,,,,,,,3.0,0.0,5.0,1.7,0.0,,,Career,,,San Diego State,,1.0,,,5.0,1.7,,105.0,17.5,,Career
Maurice Morris,35,145,3.86206896551724,,,,,,,,,,,,,,,,,,,,,,,maurice-morris-1,501.0,120.0,RB,,,3.0,307.0,8.8,35.0,466.0,17.0,2237.0,4.8,20.0,,,Career,,,Oregon,,20.0,,,2544.0,5.1,,,,,Career
Sammy Morris,33,144,3.6666666666666696,,,,,,,,,,,,,,,,,,,,,,,sammy-morris-1,205.0,54.0,RB,,,2.0,607.0,16.9,36.0,169.0,7.0,788.0,4.7,9.0,,,Career,,,Texas Tech,,9.0,,,1395.0,6.8,,,,,Career
Raheem Mostert,10,50,3.2,Career,,8.0,,0.0,0.0,0.0,0.0,,,11-May,0.0,0.0,,2.0,,,0.0,,,,,raheem-mostert-1,155.0,48.0,RB,0.0,,0.0,122.0,6.4,19.0,136.0,6.0,759.0,5.6,6.0,0.0,,Career,14.0,1.0,Purdue,22.0,8.0,,190.0,881.0,5.7,,0.0,,,
Ovie Mughelli,6,107,0.8971962616822429,,,,,,,,,,,,,,,,,,,,,,,ovie-mughelli-1,155.0,78.0,RB,,,0.0,164.0,9.1,18.0,137.0,13.0,530.0,3.9,13.0,,,Career,,,Wake Forest,,13.0,,,694.0,4.5,,,,,Career
Latavius Murray,38,93,6.537634408602151,Career,,2.0,,,,,,,,,0.0,0.0,,1.0,,,,,,,,latavius-murray-1,503.0,264.0,RB,,,6.0,524.0,10.5,50.0,453.0,37.0,2424.0,5.4,43.0,0.0,,Career,3.0,0.0,UCF,5.0,44.0,,,2948.0,5.9,,0.0,,,
Moran Norris,1,140,0.11428571428571402,,,,,,,,,,,,,,,,,,,,,,,moran-norris-1,216.0,66.0,RB,,,1.0,87.0,5.1,17.0,199.0,10.0,864.0,4.3,11.0,,,Career,,,Kansas,,11.0,,,951.0,4.4,,,,,Career
Jerious Norwood,21,66,5.09090909090909,,0.0,0.0,0.0,,,,,,,,0.0,0.0,0.0,0.0,,1.0,,0.0,0.0,0.0,0.0,jerious-norwood-1,616.0,102.0,RB,0.0,0.0,2.0,186.0,4.3,43.0,573.0,15.0,3222.0,5.6,17.0,0.0,,Career,1.0,0.0,Mississippi State,1.0,17.0,,,3408.0,5.5,,0.0,,,Career
Oren O'Neal,0,18,0.0,,,1.0,,,,,,,,,0.0,0.0,,,,,,,,,,oren-oneal-1,74.0,42.0,RB,,,3.0,122.0,7.2,17.0,57.0,4.0,281.0,4.9,7.0,0.0,,Career,2.0,0.0,Arkansas State,3.0,7.0,,,403.0,5.4,,0.0,,,Career
Chris Ogbonnaya,8,53,2.41509433962264,Career,,0.0,,,,,,,,,0.0,0.0,,0.0,,,,,,,,chris-ogbonnaya-1,215.0,66.0,RB,,,3.0,792.0,10.6,75.0,140.0,8.0,597.0,4.3,11.0,0.0,,Career,4.0,0.0,Texas,4.0,11.0,,,1389.0,6.5,,0.0,,,
Dare Ogunbowale,2,20,1.6,Career,,3.0,,0.0,0.0,0.0,0.0,,,11-May,0.0,0.0,,0.0,,,0.0,,,,,dare-ogunbowale-1,379.0,90.0,RB,0.0,,2.0,507.0,8.5,60.0,319.0,13.0,1518.0,4.8,15.0,0.0,,Career,12.0,0.0,Wisconsin,15.0,15.0,,205.0,2025.0,5.3,,0.0,,,
Branden Oliver,8,30,4.26666666666667,Career,,2.0,,0.0,0.0,0.0,0.0,,,8-May,0.0,0.0,,0.0,,,0.0,,,,,branden-oliver-1,941.0,204.0,RB,0.0,,1.0,655.0,8.7,75.0,866.0,33.0,4049.0,4.7,34.0,0.0,,Career,3.0,0.0,Buffalo,5.0,34.0,,208.0,4704.0,5.0,,0.0,,,
Willie Parker,47,79,9.51898734177215,Career,,,,0.0,0.0,,,,,9-May,,,,0.0,,,,,,,,willie-parker-2,108.0,24.0,RB,0.0,,0.0,47.0,5.2,9.0,99.0,4.0,406.0,4.1,4.0,,,Career,,,Eastern Michigan,,4.0,,187.0,453.0,4.2,,,,,
Jalen Parmele,1,36,0.444444444444444,Career,,0.0,,,,,,,,,0.0,0.0,,1.0,,,,,,,,jalen-parmele-1,630.0,180.0,RB,,,1.0,350.0,8.5,41.0,589.0,28.0,3119.0,5.3,29.0,0.0,,Career,2.0,0.0,Toledo,2.0,30.0,,,3469.0,5.5,,0.0,,,
Isaiah Pead,1,30,0.5333333333333329,Career,,2.0,,,,,,,,,0.0,0.0,,0.0,,,,,,,,isaiah-pead-1,632.0,198.0,RB,0.0,,6.0,721.0,8.3,87.0,545.0,27.0,3288.0,6.0,33.0,0.0,,Career,4.0,0.0,Cincinnati,6.0,33.0,,,4009.0,6.3,,0.0,,,
Alvin Pearman,5,38,2.1052631578947403,,,,,,,,,,,,,,,0.0,,,,,,,,alvin-pearman-1,638.0,168.0,RB,1.0,,8.0,1396.0,10.1,138.0,500.0,19.0,2394.0,4.8,27.0,,,Career,,,Virginia,,28.0,,,3790.0,5.9,,,,,Career
Cedric Peerman,4,92,0.695652173913043,Career,,2.0,,,,,,,,,0.0,0.0,,0.0,,,,,,,,cedric-peerman-1,448.0,96.0,RB,,,1.0,344.0,5.2,66.0,382.0,15.0,1749.0,4.6,16.0,0.0,,Career,2.0,0.0,Virginia,4.0,16.0,,,2093.0,4.7,,0.0,,,
Rashaad Penny,7,24,4.66666666666667,Career,,3.0,,0.0,0.0,0.0,0.0,,,11-May,0.0,0.0,,7.0,,,0.0,,,,,rashaad-penny-1,530.0,312.0,RB,1.0,,6.0,479.0,11.4,42.0,488.0,38.0,3656.0,7.5,44.0,0.0,,Career,3.0,0.0,San Diego State,6.0,52.0,,220.0,4135.0,7.8,,0.0,,,
Samaje Perine,5,28,2.85714285714286,Career,,2.0,,0.0,0.0,0.0,0.0,,,11-May,0.0,0.0,,0.0,,,0.0,,,,,samaje-perine-1,725.0,306.0,RB,0.0,,2.0,321.0,8.0,40.0,685.0,49.0,4122.0,6.0,51.0,0.0,,Career,1.0,0.0,Oklahoma,3.0,51.0,,233.0,4443.0,6.1,,0.0,,,
Paul Perkins,5,29,2.75862068965517,Career,,1.0,,0.0,0.0,0.0,0.0,,,11-May,0.0,0.0,,0.0,,,0.0,,,,,paul-perkins-1,701.0,192.0,RB,0.0,,3.0,739.0,9.2,80.0,621.0,29.0,3488.0,5.6,32.0,0.0,,Career,2.0,0.0,UCLA,3.0,32.0,,210.0,4227.0,6.0,,0.0,,,
Senorise Perry,0,59,0.0,Career,,6.0,,0.0,0.0,1.0,2.0,,,Jun-00,0.0,0.0,,0.0,,,0.0,,,,,senorise-perry-1,325.0,114.0,RB,0.0,,1.0,359.0,10.0,36.0,289.0,18.0,1409.0,4.9,19.0,0.0,,Career,16.0,1.0,Louisville,22.0,19.0,,187.0,1768.0,5.4,,0.0,,,
Adrian Peterson,12,106,1.8113207547169798,,,0.0,,,,,,,,,0.0,0.0,,0.0,,,,,,,,adrian-peterson-1,772.0,252.0,RB,,,1.0,198.0,8.3,24.0,748.0,41.0,4041.0,5.4,42.0,0.0,,Career,1.0,0.0,Oklahoma,1.0,42.0,,,4239.0,5.5,,0.0,,,Career
Bernard Pierce,10,52,3.07692307692308,Career,,,,,,,,,,,,,,0.0,,,,,,,,bernard-pierce-1,682.0,324.0,RB,,,1.0,178.0,9.4,19.0,663.0,53.0,3570.0,5.4,54.0,,,Career,,,Temple,,54.0,,,3748.0,5.5,,,,,
Antonio Pittman,3,23,2.08695652173913,,,0.0,,,,,,,,,0.0,0.0,,,,,,,,,,antonio-pittman-1,594.0,132.0,RB,,,0.0,314.0,8.5,37.0,557.0,22.0,2945.0,5.3,22.0,0.0,,Career,1.0,0.0,Ohio State,1.0,22.0,,,3259.0,5.5,,0.0,,,Career
Michael Pittman,60,151,6.357615894039731,,1.7,,1.0,,,,,,,,,,1.0,0.0,,3.0,,33.3,1.0,30.0,10.0,michael-pittman-2,717.0,192.0,RB,,160.7,3.0,541.0,7.7,70.0,647.0,29.0,3017.0,4.7,32.0,,,Career,,,Fresno State,,32.0,,,3558.0,5.0,,,,,Career
Lousaka Polite,4,82,0.780487804878049,,,,,,,,,,,,,,,0.0,,,,,,,,lousaka-polite-1,239.0,36.0,RB,,,2.0,485.0,8.2,59.0,180.0,4.0,655.0,3.6,6.0,,,Career,,,Pitt,,6.0,,,1140.0,4.8,,,,,Career
Chris Polk,6,51,1.88235294117647,Career,,1.0,,,,,,,,,0.0,0.0,,0.0,,,,,,,,chris-polk-1,878.0,180.0,RB,,,4.0,683.0,8.6,79.0,799.0,26.0,4049.0,5.1,30.0,0.0,,Career,6.0,0.0,Washington,7.0,30.0,,,4732.0,5.4,,0.0,,,
Clinton Portis,82,113,11.610619469026501,,,,,,,,,,,,,,,,,,,,,,,clinton-portis-1,461.0,138.0,RB,,,3.0,272.0,13.0,21.0,440.0,20.0,2523.0,5.7,23.0,,,Career,,,Miami (FL),,23.0,,,2795.0,6.1,,,,,Career
Bilal Powell,30,109,4.40366972477064,Career,,3.0,,,,,,,,,0.0,0.0,,0.0,,,,,,,,bilal-powell-1,481.0,132.0,RB,,,3.0,344.0,7.6,45.0,436.0,19.0,2338.0,5.4,22.0,0.0,,Career,6.0,0.0,Louisville,9.0,22.0,,,2682.0,5.6,,0.0,,,
Chris Pressley,0,43,0.0,Career,,,,,,,,,,,,,,0.0,,,,,,,,chris-pressley-1,27.0,12.0,RB,,,1.0,8.0,4.0,2.0,25.0,1.0,103.0,4.1,2.0,,,Career,,,Wisconsin,,2.0,,,111.0,4.1,,,,,
C.J. Prosise,5,25,3.2,Career,,6.0,,0.0,0.0,0.0,0.0,,,Jun-00,0.0,0.0,,0.0,,,0.0,,,,,cj-prosise-1,229.0,90.0,RB,0.0,,3.0,896.0,14.5,62.0,167.0,12.0,1155.0,6.9,15.0,0.0,,Career,10.0,0.0,Notre Dame,16.0,15.0,,220.0,2051.0,9.0,,0.0,,,
Bobby Rainey,11,65,2.70769230769231,Career,18.6,0.0,3.0,,,,,,,,0.0,0.0,0.0,0.0,,5.0,,60.0,2.0,53.0,10.6,bobby-rainey-1,975.0,240.0,RB,0.0,281.0,5.0,682.0,8.5,80.0,895.0,35.0,4542.0,5.1,40.0,0.0,,Career,4.0,0.0,Western Kentucky,4.0,40.0,,,5224.0,5.4,,0.0,,,
Chris Rainey,1,18,0.8888888888888891,Career,,,,,,,,,,,,,,0.0,,,,,,,,chris-rainey-1,465.0,126.0,RB,2.0,,6.0,795.0,11.5,69.0,396.0,13.0,2464.0,6.2,19.0,,,Career,,,Florida,,21.0,,,3259.0,7.0,,,,,
Joseph Randle,7,35,3.2,Career,18.5,1.0,2.0,,,,,,,,0.0,0.0,0.0,0.0,,2.0,,100.0,0.0,37.0,18.5,joseph-randle-1,672.0,258.0,RB,0.0,255.4,3.0,917.0,8.5,108.0,564.0,40.0,3085.0,5.5,43.0,0.0,,Career,4.0,0.0,Oklahoma State,5.0,43.0,,,4002.0,6.0,,0.0,,,
Thomas Rawls,12,35,5.48571428571429,Career,,0.0,,0.0,0.0,0.0,0.0,,,10-May,0.0,0.0,,0.0,,,0.0,,,,,thomas-rawls-1,294.0,90.0,RB,0.0,,0.0,99.0,9.0,11.0,283.0,15.0,1436.0,5.1,15.0,0.0,,Career,1.0,0.0,Overall,1.0,15.0,,217.0,1535.0,5.2,,0.0,,,
Ray Rice,70,92,12.1739130434783,Career,0.0,1.0,0.0,,,,,,,,0.0,0.0,0.0,,,1.0,,0.0,0.0,0.0,0.0,ray-rice-1,947.0,300.0,RB,,0.0,1.0,334.0,9.0,37.0,910.0,49.0,4926.0,5.4,50.0,0.0,,Career,4.0,0.0,Rutgers,5.0,50.0,,,5260.0,5.6,,0.0,,,
Jalen Richard,18,64,4.5,Career,,1.0,,0.0,0.0,0.0,0.0,,,8-May,0.0,0.0,,1.0,,,0.0,,,,,jalen-richard-1,480.0,150.0,RB,0.0,,5.0,675.0,8.1,83.0,397.0,19.0,2086.0,5.3,24.0,0.0,,Career,1.0,0.0,Southern Mississippi,2.0,25.0,,207.0,2761.0,5.8,,0.0,,,
Trent Richardson,18,46,6.26086956521739,Career,,3.0,,,,1.0,0.0,,,,0.0,0.0,,1.0,,,0.0,,,,,trent-richardson-1,608.0,258.0,RB,,,7.0,730.0,10.7,68.0,540.0,35.0,3130.0,5.8,42.0,0.0,,Career,10.0,0.0,Alabama,13.0,43.0,,,3860.0,6.3,,0.0,,,
Theo Riddick,26,84,4.952380952380951,Career,,0.0,,,,0.0,0.0,,,,0.0,0.0,,0.0,,,0.0,,,,,theo-riddick-1,364.0,78.0,RB,0.0,,8.0,1263.0,10.5,120.0,244.0,5.0,1169.0,4.8,13.0,0.0,,Career,1.0,0.0,Notre Dame,1.0,13.0,,,2432.0,6.7,,0.0,,,
Stevan Ridley,27,74,5.83783783783784,Career,,16.0,,,,,,,,,0.0,0.0,,,,,,,,,,stevan-ridley-1,323.0,114.0,RB,,,0.0,94.0,5.5,17.0,306.0,19.0,1419.0,4.6,19.0,0.0,,Career,10.0,0.0,LSU,26.0,19.0,,,1513.0,4.7,,0.0,,,
Javon Ringer,4,37,1.7297297297297298,Career,,1.0,,,,,,,,,0.0,0.0,,0.0,,,,,,,,javon-ringer-1,939.0,210.0,RB,,,1.0,719.0,7.5,96.0,843.0,34.0,4398.0,5.2,35.0,0.0,,Career,4.0,0.0,Michigan State,5.0,35.0,,,5117.0,5.4,,0.0,,,
Michael Roberts,1,23,0.695652173913043,Career,,,,,,,,,,,,,,,,,,,,,,michael-roberts-1,15.0,,RB,,,,,,,15.0,0.0,42.0,2.8,0.0,,,Career,,,Oklahoma State,,,,,42.0,2.8,,,,,
Demarcus Robinson,10,64,2.5,Career,,,,0.0,0.0,,,,,7-May,,,,0.0,,,,,,,,demarcus-robinson-2,133.0,36.0,RB,0.0,,1.0,76.0,8.4,9.0,124.0,5.0,482.0,3.9,6.0,,,Career,,,Kansas State,,6.0,,209.0,558.0,4.2,,,,,
Jacquizz Rodgers,27,110,3.92727272727273,Career,32.5,0.0,2.0,,,,,,,,0.0,0.0,0.0,,,2.0,,100.0,2.0,25.0,12.5,jacquizz-rodgers-1,939.0,306.0,RB,,535.0,5.0,1056.0,7.0,151.0,788.0,46.0,3877.0,4.9,51.0,0.0,,Career,2.0,0.0,Oregon State,2.0,51.0,,,4933.0,5.3,,0.0,,,
Evan Royster,4,32,2.0,Career,,0.0,,,,,,,,,0.0,0.0,,,,,,,,,,evan-royster-1,747.0,192.0,RB,0.0,,3.0,562.0,9.2,61.0,686.0,29.0,3932.0,5.7,32.0,0.0,,Career,2.0,0.0,Penn State,2.0,32.0,,,4494.0,6.0,,0.0,,,
Gary Russell,1,27,0.592592592592593,,0.0,,0.0,,,,,,,,,,0.0,0.0,,1.0,,0.0,0.0,0.0,0.0,gary-russell-1,226.0,114.0,RB,,0.0,1.0,168.0,10.5,16.0,210.0,18.0,1274.0,6.1,19.0,,,Career,,,Minnesota,,19.0,,,1442.0,6.4,,,,,Career
Curtis Samuel,12,38,5.05263157894737,Career,,4.0,,0.0,0.0,0.0,0.0,,,11-May,0.0,0.0,,0.0,,,0.0,,,,,curtis-samuel-1,279.0,144.0,RB,0.0,,9.0,1249.0,11.7,107.0,172.0,15.0,1286.0,7.5,24.0,0.0,,Career,5.0,0.0,Ohio State,9.0,24.0,,196.0,2535.0,9.1,,0.0,,,
Bishop Sankey,6,29,3.31034482758621,Career,,0.0,,0.0,0.0,0.0,0.0,,,10-May,0.0,0.0,,0.0,,,0.0,,,,,bishop-sankey-1,711.0,228.0,RB,0.0,,1.0,567.0,8.5,67.0,644.0,37.0,3496.0,5.4,38.0,0.0,,Career,2.0,0.0,Washington,2.0,38.0,,203.0,4063.0,5.7,,0.0,,,
Cecil Sapp,2,61,0.524590163934426,,13.5,,1.0,,,,,,,,,,0.0,,,2.0,,50.0,1.0,7.0,3.5,cecil-sapp-1,519.0,174.0,RB,,244.4,1.0,110.0,7.3,15.0,504.0,28.0,2482.0,4.9,29.0,,,Career,,,Colorado State,,29.0,,,2592.0,5.0,,,,,Career
Owen Schmitt,1,74,0.216216216216216,Career,,0.0,,,,,,,,,0.0,0.0,,0.0,,,,,,,,owen-schmitt-1,192.0,90.0,RB,,,2.0,288.0,9.0,32.0,160.0,13.0,1003.0,6.3,15.0,0.0,,Career,2.0,0.0,West Virginia,2.0,15.0,,,1291.0,6.7,,0.0,,,
Da'Rel Scott,1,20,0.8,Career,17.7,,2.0,,,,,,,,,,0.0,0.0,,3.0,,66.7,2.0,13.0,4.3,darel-scott-1,478.0,126.0,RB,,323.1,4.0,509.0,10.6,48.0,430.0,17.0,2401.0,5.6,21.0,,,Career,,,Maryland,,21.0,,,2910.0,6.1,,,,,
Anthony Sherman,6,140,0.6857142857142859,Career,,19.0,,,,,,,,,0.0,0.0,,0.0,,,,,,,,anthony-sherman-1,,6.0,RB,,,,,,,,,,,,0.0,,Career,44.0,0.0,Connecticut,63.0,1.0,,,,,,0.0,,,
Chad Simpson,3,28,1.7142857142857097,,,,,,,,,,,,,,,1.0,,,,,,,,chad-simpson-1,17.0,6.0,RB,,,,,,,17.0,0.0,86.0,5.1,0.0,,,Career,,,South Florida,,1.0,,,86.0,5.1,,,,,Career
Charles Sims,14,47,4.7659574468085095,Career,0.0,0.0,0.0,0.0,0.0,0.0,0.0,,,Jun-00,0.0,0.0,0.0,0.0,,1.0,0.0,0.0,0.0,0.0,0.0,charles-sims-1,795.0,306.0,RB,0.0,0.0,11.0,2108.0,10.4,203.0,592.0,40.0,3465.0,5.9,51.0,0.0,,Career,3.0,0.0,Overall,3.0,51.0,,213.0,5573.0,7.0,,0.0,,,
Steve Slaton,20,45,7.111111111111111,Career,,0.0,,,,,,,,,0.0,0.0,,0.0,,,,,,,,steve-slaton-1,729.0,330.0,RB,,,5.0,805.0,12.4,65.0,664.0,50.0,3923.0,5.9,55.0,0.0,,Career,3.0,0.0,West Virginia,3.0,55.0,,,4728.0,6.5,,0.0,,,
Wendell Smallwood,10,52,3.07692307692308,Career,,1.0,,0.0,0.0,0.0,0.0,,,11-May,0.0,0.0,,0.0,,,0.0,,,,,wendell-smallwood-1,493.0,72.0,RB,0.0,,0.0,618.0,9.1,68.0,425.0,12.0,2462.0,5.8,12.0,0.0,,Career,4.0,0.0,West Virginia,5.0,12.0,,201.0,3080.0,6.2,,0.0,,,
Alfonso Smith,2,49,0.653061224489796,Career,,8.0,,,,,,,,,0.0,0.0,,0.0,,,,,,,,alfonso-smith-1,245.0,60.0,RB,,,2.0,322.0,10.7,30.0,215.0,8.0,957.0,4.5,10.0,0.0,,Career,20.0,0.0,Kentucky,28.0,10.0,,,1279.0,5.2,,0.0,,,
Antone Smith,5,67,1.1940298507462699,2005,,,,,,,,,9.0,,0.0,0.0,,0.0,,,,,,,,antone-smith-1,41.0,18.0,RB,,,0.0,25.0,5.0,5.0,36.0,3.0,188.0,5.2,3.0,,,2005,,,Florida State,,3.0,,,213.0,5.2,,0.0,,,
Anthony Smith,13,76,2.7368421052631597,Career,,,,0.0,0.0,,,,,10-May,,,,0.0,,,,,,,,anthony-smith-13,77.0,18.0,RB,0.0,,0.0,4.0,1.3,3.0,74.0,3.0,352.0,4.8,3.0,,,Career,,,Texas State,,3.0,,200.0,356.0,4.6,,,,,
Clifton Smith,2,24,1.33333333333333,Career,0.0,1.0,0.0,,,,,,,,1.0,0.0,0.0,0.0,,1.0,,0.0,0.0,0.0,0.0,clifton-smith-2,136.0,60.0,RB,5.0,0.0,0.0,368.0,10.8,34.0,102.0,5.0,630.0,6.2,5.0,0.0,,Career,2.0,0.0,Fresno State,3.0,10.0,,,998.0,7.3,,18.0,18.0,,
Eric Smith,18,96,3.0,Career,,5.0,,,,,,,,,0.0,0.0,,0.0,,,,,,,,eric-smith-1,67.0,12.0,RB,,,1.0,278.0,11.1,25.0,42.0,1.0,182.0,4.3,2.0,0.0,,Career,5.0,0.0,Auburn,10.0,2.0,,,460.0,6.9,,0.0,,,
Ito Smith,4,21,3.0476190476190497,Career,,0.0,,0.0,0.0,0.0,0.0,,,9-May,0.0,0.0,,0.0,,,0.0,,,,,ito-smith-1,960.0,294.0,RB,0.0,,7.0,1446.0,10.3,140.0,820.0,42.0,4538.0,5.5,49.0,0.0,,Career,5.0,0.0,Southern Mississippi,5.0,49.0,,195.0,5984.0,6.2,,0.0,,,
Kevin Smith,20,54,5.925925925925929,Career,32.0,0.0,1.0,,,,,,,,0.0,0.0,0.0,,,1.0,,100.0,1.0,12.0,12.0,kevin-smith-1,960.0,276.0,RB,,530.8,1.0,444.0,8.1,55.0,905.0,45.0,4679.0,5.2,46.0,0.0,,Career,4.0,0.0,UCF,4.0,46.0,,,5123.0,5.3,,0.0,,,
Rod Smith,5,55,1.45454545454545,Career,,2.0,,0.0,0.0,0.0,0.0,,,3-Jun,0.0,0.0,,0.0,,,0.0,,,,,rod-smith-5,116.0,60.0,RB,0.0,,2.0,94.0,10.4,9.0,107.0,8.0,549.0,5.1,10.0,0.0,,Career,2.0,0.0,Ohio State,4.0,10.0,,231.0,643.0,5.5,,0.0,,,
Terrelle Smith,2,146,0.219178082191781,,,,,,,,,,,,,,,,,,,,,,,terrelle-smith-1,33.0,6.0,RB,,,0.0,95.0,8.6,11.0,22.0,1.0,126.0,5.7,1.0,,,Career,,,Arizona State,,1.0,,,221.0,6.7,,,,,Career
Jason Snelling,23,96,3.8333333333333304,,,0.0,,,,,,,,,0.0,0.0,,,,,,,,,,jason-snelling-1,360.0,84.0,RB,,,4.0,775.0,9.2,84.0,276.0,10.0,1324.0,4.8,14.0,0.0,,Career,4.0,0.0,Virginia,4.0,14.0,,,2099.0,5.8,,0.0,,,Career
C.J. Spiller,37,90,6.57777777777778,Career,24.0,0.0,2.0,,,,,,,,0.0,0.0,0.0,7.0,,3.0,,66.7,2.0,32.0,10.7,cj-spiller-1,729.0,306.0,RB,1.0,376.3,11.0,1420.0,11.5,123.0,606.0,32.0,3547.0,5.9,43.0,0.0,,Career,1.0,0.0,Clemson,1.0,51.0,,,4967.0,6.8,,0.0,,,
Darren Sproles,80,183,6.99453551912568,,0.0,,0.0,,,,,,,,,,0.0,0.0,,1.0,,0.0,0.0,0.0,0.0,darren-sproles-1,881.0,288.0,RB,1.0,0.0,2.0,609.0,9.2,66.0,815.0,45.0,4979.0,6.1,47.0,,,Career,,,Kansas State,,48.0,,,5588.0,6.3,,,,,Career
Zac Stacy,11,35,5.02857142857143,Career,-0.3,0.0,3.0,,,,,,,,0.0,0.0,2.0,0.0,,10.0,,30.0,1.0,67.0,6.7,zac-stacy-1,627.0,180.0,RB,0.0,79.3,0.0,415.0,9.0,46.0,581.0,30.0,3143.0,5.4,30.0,0.0,,Career,4.0,0.0,Vanderbilt,4.0,30.0,,,3558.0,5.7,,0.0,,,
James Starks,30,76,6.31578947368421,Career,5.0,,1.0,,,,,,,,,,0.0,0.0,,1.0,,100.0,0.0,5.0,5.0,james-starks-1,825.0,222.0,RB,,142.0,3.0,898.0,7.1,127.0,698.0,34.0,3140.0,4.5,37.0,,,Career,,,Buffalo,,37.0,,,4038.0,4.9,,,,,
Aaron Stecker,21,129,2.6046511627907,,,,,,,,,,,,,,,1.0,,,,,,,,aaron-stecker-1,144.0,60.0,RB,1.0,,0.0,140.0,6.4,22.0,122.0,8.0,626.0,5.1,8.0,,,Career,,,Wisconsin,,10.0,,,766.0,5.3,,,,,Career
LaRod Stephens-Howling,10,58,2.75862068965517,Career,,,,,,,,,,,,,,1.0,,,,,,,,larod-stephens-howling-1,481.0,102.0,RB,,,1.0,454.0,8.7,52.0,429.0,15.0,1959.0,4.6,16.0,,,Career,,,Pitt,,17.0,,,2413.0,5.0,,,,,
Jeremy Stewart,1,23,0.695652173913043,Career,,1.0,,,,0.0,0.0,,,,0.0,0.0,,0.0,,,0.0,,,,,jeremy-stewart-1,227.0,90.0,RB,,,1.0,123.0,6.8,18.0,209.0,14.0,920.0,4.4,15.0,0.0,,Career,8.0,0.0,Stanford,9.0,15.0,,,1043.0,4.6,,0.0,,,
Jonathan Stewart,59,134,7.0447761194029805,Career,,0.0,,,,,,,,,0.0,0.0,,2.0,,,,,,,,jonathan-stewart-1,565.0,198.0,RB,,,4.0,334.0,6.8,49.0,516.0,27.0,2891.0,5.6,31.0,0.0,,Career,4.0,0.0,Oregon,4.0,33.0,,,3225.0,5.7,,0.0,,,
Frank Summers,1,27,0.592592592592593,Career,,0.0,,,,,,,,,0.0,0.0,,,,,,,,,,frank-summers-1,421.0,120.0,RB,,,6.0,402.0,11.2,36.0,385.0,14.0,1668.0,4.3,20.0,0.0,,Career,1.0,0.0,UNLV,1.0,20.0,,,2070.0,4.9,,0.0,,,
Tyrell Sutton,2,16,2.0,Career,,2.0,,,,,,,,,0.0,0.0,,0.0,,,,,,,,tyrell-sutton-1,880.0,222.0,RB,,,6.0,1244.0,8.3,149.0,731.0,31.0,3886.0,5.3,37.0,0.0,,Career,4.0,0.0,Northwestern,6.0,37.0,,,5130.0,5.8,,0.0,,,
Naufahu Tahi,1,56,0.28571428571428603,,0.0,,0.0,,,,,,,,,,0.0,,,1.0,,0.0,0.0,0.0,0.0,naufahu-tahi-1,295.0,102.0,RB,,0.0,5.0,658.0,9.3,71.0,224.0,12.0,913.0,4.1,17.0,,,Career,,,Brigham Young,,17.0,,,1571.0,5.3,,,,,Career
Phillip Tanner,2,41,0.780487804878049,Career,,3.0,,,,,,,,,0.0,0.0,,1.0,,,,,,,,phillip-tanner-1,472.0,210.0,RB,,,1.0,481.0,11.5,42.0,430.0,33.0,2024.0,4.7,34.0,1.0,,Career,18.0,1.0,Middle Tennessee State,21.0,35.0,,,2505.0,5.3,,0.0,,,
Thomas Tapeh,2,41,0.780487804878049,,44.5,,2.0,,,,,,,,,,0.0,,,2.0,,100.0,1.0,69.0,34.5,thomas-tapeh-1,429.0,162.0,RB,,554.8,3.0,219.0,11.5,19.0,410.0,24.0,1958.0,4.8,27.0,,,Career,,,Minnesota,,27.0,,,2177.0,5.1,,,,,Career
Ben Tate,15,51,4.70588235294118,Career,,1.0,,,,,,,,,0.0,0.0,,0.0,,,,,,,,ben-tate-1,731.0,144.0,RB,,,0.0,336.0,6.3,53.0,678.0,24.0,3321.0,4.9,24.0,0.0,,Career,3.0,0.0,Auburn,4.0,24.0,,,3657.0,5.0,,0.0,,,
Chester Taylor,47,151,4.98013245033113,,19.0,,2.0,,,,,,,,,,0.0,0.0,,3.0,,66.7,2.0,17.0,5.7,chester-taylor-1,864.0,360.0,RB,,334.3,5.0,554.0,9.1,61.0,803.0,55.0,4646.0,5.8,60.0,,,Career,,,Toledo,,60.0,,,5200.0,6.0,,,,,Career
Fred Taylor,110,153,11.503267973856198,,,,,,,,,,,,,,,,,,,,,,,fred-taylor-2,604.0,186.0,RB,,,0.0,717.0,10.7,67.0,537.0,31.0,3075.0,5.7,31.0,,,Career,,,Florida,,31.0,,,3792.0,6.3,,,,,Career
Jamar Taylor,16,90,2.84444444444444,Career,,4.0,,,,,,,,,0.0,0.0,,,,,,,,,,jamar-taylor-1,126.0,30.0,RB,,,0.0,70.0,7.8,9.0,117.0,5.0,477.0,4.1,5.0,0.0,,Career,2.0,0.0,South Florida,6.0,5.0,,,547.0,4.3,,0.0,,,
Jordan Taylor,3,26,1.84615384615385,Career,,,,,,,,,,,,,,,,,,,,,,jordan-taylor-1,1.0,,RB,,,,,,,1.0,0.0,0.0,0.0,0.0,,,Career,,,Marshall,,,,,0.0,0.0,,,,,
Stepfan Taylor,3,61,0.786885245901639,Career,,1.0,,,,0.0,0.0,,,,0.0,0.0,,0.0,,,0.0,,,,,stepfan-taylor-1,940.0,270.0,RB,,,5.0,778.0,8.0,97.0,843.0,40.0,4300.0,5.1,45.0,0.0,,Career,2.0,0.0,Stanford,3.0,45.0,,,5078.0,5.4,,0.0,,,
Marcus Thigpen,4,50,1.28,Career,20.0,,1.0,,,,,,,,,,0.0,3.0,,1.0,,100.0,0.0,20.0,20.0,marcus-thigpen-1,421.0,126.0,RB,,268.0,9.0,1028.0,12.2,84.0,337.0,9.0,1621.0,4.8,18.0,,,Career,,,Indiana,,21.0,,,2649.0,6.3,,,,,
Chris Thompson,21,66,5.09090909090909,Career,,0.0,,,,,,,,,0.0,0.0,,0.0,,,,,,,,chris-thompson-1,322.0,90.0,RB,0.0,,1.0,430.0,9.6,45.0,277.0,14.0,1735.0,6.3,15.0,0.0,,Career,1.0,0.0,Florida State,1.0,15.0,,,2165.0,6.7,,0.0,,,
Daniel Thomas,12,52,3.69230769230769,Career,12.5,0.0,7.0,,,,,,,11-May,0.0,0.0,1.0,0.0,,12.0,,58.3,2.0,155.0,12.9,daniel-thomas-1,597.0,180.0,RB,,205.2,0.0,428.0,8.2,52.0,545.0,30.0,2850.0,5.2,30.0,0.0,,Career,3.0,0.0,Kansas State,3.0,30.0,,192.0,3278.0,5.5,,0.0,,,
De'Anthony Thomas,7,69,1.6231884057971,Career,,0.0,,0.0,0.0,0.0,0.0,,,9-May,0.0,0.0,,4.0,,,0.0,,,,,deanthony-thomas-1,356.0,276.0,RB,1.0,,15.0,1296.0,11.5,113.0,243.0,26.0,1890.0,7.8,41.0,0.0,,Career,5.0,0.0,Oregon,5.0,46.0,,176.0,3186.0,8.9,,0.0,,,
Jordan Thomas,2,21,1.52380952380952,Career,,5.0,,,,,,,,,0.0,0.0,,0.0,,,,,,,,jordan-thomas-1,111.0,24.0,RB,1.0,,2.0,223.0,13.9,16.0,95.0,1.0,417.0,4.4,3.0,0.0,,Career,5.0,0.0,Rutgers,10.0,4.0,,,640.0,5.8,,0.0,,,
Juwan Thompson,3,38,1.26315789473684,Career,,5.0,,0.0,0.0,0.0,0.0,,,11-May,0.0,0.0,,0.0,,,0.0,,,,,juwan-thompson-1,330.0,72.0,RB,0.0,,3.0,397.0,7.1,56.0,274.0,9.0,1244.0,4.5,12.0,0.0,,Career,10.0,0.0,Duke,15.0,12.0,,225.0,1641.0,5.0,,0.0,,,
Pierre Thomas,52,110,7.56363636363636,,,1.0,,,,,,,,,0.0,0.0,,1.0,,,,,,,,pierre-thomas-1,510.0,144.0,RB,,,3.0,411.0,7.2,57.0,453.0,20.0,2545.0,5.6,23.0,0.0,,Career,2.0,0.0,Illinois,3.0,24.0,,,2956.0,5.8,,0.0,,,Career
Zurlon Tipton,2,16,2.0,Career,,1.0,,0.0,0.0,0.0,0.0,,,Jun-00,0.0,0.0,,0.0,,,0.0,,,,,zurlon-tipton-1,513.0,210.0,RB,0.0,,1.0,524.0,10.1,52.0,461.0,34.0,2468.0,5.4,35.0,0.0,,Career,4.0,0.0,Central Michigan,5.0,35.0,,221.0,2992.0,5.8,,0.0,,,
Jordan Todman,5,75,1.06666666666667,Career,0.0,1.0,0.0,,,,,,,,0.0,0.0,0.0,1.0,,1.0,,0.0,0.0,0.0,0.0,jordan-todman-1,658.0,192.0,RB,,0.0,0.0,283.0,6.7,42.0,616.0,31.0,3179.0,5.2,31.0,0.0,,Career,1.0,0.0,Connecticut,2.0,32.0,,,3462.0,5.3,,0.0,,,
LaDainian Tomlinson,157,170,14.776470588235302,,,,,,,,,,,,,,,0.0,,,,,,,,ladainian-tomlinson-1,986.0,336.0,RB,,,0.0,267.0,6.2,43.0,943.0,56.0,5387.0,5.7,56.0,,,Career,,,Texas Christian,,56.0,,,5654.0,5.7,,,,,Career
Ryan Torain,5,22,3.6363636363636402,Career,,0.0,,,,,,,,,0.0,0.0,,,,,,,,,,ryan-torain-1,358.0,102.0,RB,,,5.0,305.0,12.2,25.0,333.0,12.0,1782.0,5.4,17.0,0.0,,Career,2.0,0.0,Arizona State,2.0,17.0,,,2087.0,5.8,,0.0,,,
Keith Toston,2,21,1.52380952380952,Career,21.0,2.0,1.0,,,,,,,,0.0,0.0,0.0,0.0,,1.0,,100.0,1.0,1.0,1.0,keith-toston-1,524.0,180.0,RB,,438.4,3.0,507.0,9.9,51.0,473.0,27.0,2725.0,5.8,30.0,0.0,,Career,5.0,0.0,Oklahoma State,7.0,30.0,,,3232.0,6.2,,0.0,,,
Fitzgerald Toussaint,1,31,0.516129032258065,Career,,1.0,,0.0,0.0,0.0,0.0,,,10-May,0.0,0.0,,0.0,,,0.0,,,,,fitzgerald-toussaint-1,541.0,180.0,RB,0.0,,2.0,298.0,9.6,31.0,510.0,28.0,2290.0,4.5,30.0,0.0,,Career,0.0,0.0,Michigan,1.0,30.0,,200.0,2588.0,4.8,,0.0,,,
Robert Turbin,17,82,3.3170731707317103,Career,,,,,,,,,,,,,,,,,,,,,,robert-turbin-1,632.0,306.0,RB,,,11.0,845.0,12.6,67.0,565.0,40.0,3315.0,5.9,51.0,,,Career,,,Utah State,,51.0,,,4160.0,6.6,,,,,
Shane Vereen,27,79,5.468354430379749,Career,0.0,,0.0,,,,,,,,,,0.0,0.0,,3.0,,0.0,0.0,0.0,0.0,shane-vereen-1,630.0,210.0,RB,0.0,0.0,6.0,674.0,9.1,74.0,556.0,29.0,2834.0,5.1,35.0,,,Career,,,California,,35.0,,,3508.0,5.6,,,,,
Lawrence Vickers,3,106,0.45283018867924496,,,0.0,,,,,,,,,0.0,0.0,,,,,,,,,,lawrence-vickers-1,241.0,96.0,RB,1.0,,3.0,572.0,8.2,70.0,171.0,12.0,635.0,3.7,15.0,0.0,,Career,1.0,0.0,Colorado,1.0,16.0,,,1207.0,5.0,,0.0,,,Career
Mark Walton,3,21,2.28571428571429,Career,,4.0,,0.0,0.0,0.0,0.0,,,9-May,0.0,0.0,,0.0,,,0.0,,,,,mark-walton-1,451.0,168.0,RB,0.0,,2.0,624.0,11.1,56.0,395.0,26.0,2006.0,5.1,28.0,0.0,,Career,4.0,0.0,Miami (FL),8.0,28.0,,205.0,2630.0,5.8,,0.0,,,
Derrick Ward,27,93,4.64516129032258,,,,,,,,,,,,,,,0.0,,,,,,,,derrick-ward-1,180.0,60.0,RB,0.0,,0.0,49.0,16.3,3.0,177.0,10.0,1013.0,5.7,10.0,,,Career,,,Fresno State,,10.0,,,1062.0,5.9,,,,,Career
Terron Ward,3,32,1.5,Career,6.0,4.0,1.0,0.0,0.0,0.0,0.0,,,7-May,0.0,0.0,0.0,0.0,,1.0,0.0,100.0,0.0,6.0,6.0,terron-ward-1,464.0,150.0,RB,0.0,150.4,3.0,664.0,7.6,87.0,377.0,22.0,1843.0,4.9,25.0,0.0,,Career,10.0,0.0,Oregon State,14.0,25.0,,201.0,2507.0,5.4,,0.0,,,
Danny Ware,5,61,1.3114754098360701,,,,,,,,,,,,,,,0.0,,,,,,,,danny-ware-1,348.0,60.0,RB,,,2.0,357.0,12.8,28.0,320.0,8.0,1510.0,4.7,10.0,,,Career,,,Georgia,,10.0,,,1867.0,5.4,,,,,Career
Spencer Ware,18,43,6.697674418604651,Career,29.5,1.0,1.0,,,0.0,0.0,,,,0.0,0.0,0.0,,,2.0,0.0,50.0,1.0,39.0,19.5,spencer-ware-1,334.0,72.0,RB,,378.8,2.0,404.0,10.4,39.0,295.0,10.0,1249.0,4.2,12.0,0.0,,Career,2.0,0.0,LSU,3.0,12.0,,,1653.0,4.9,,0.0,,,
Dwayne Washington,4,46,1.3913043478260902,Career,,3.0,,0.0,0.0,0.0,0.0,,,2-Jun,0.0,0.0,,0.0,,,0.0,,,,,dwayne-washington-1,267.0,126.0,RB,0.0,,4.0,411.0,10.0,41.0,226.0,17.0,1311.0,5.8,21.0,0.0,,Career,8.0,0.0,Washington,11.0,21.0,,226.0,1722.0,6.4,,0.0,,,
James Washington,8,29,4.41379310344828,Career,,1.0,,,,,,,,,0.0,0.0,,0.0,,,,,,,,james-washington-1,427.0,78.0,RB,,,2.0,602.0,7.3,82.0,345.0,11.0,1265.0,3.7,13.0,0.0,,Career,1.0,0.0,North Carolina State,2.0,13.0,,,1867.0,4.4,,0.0,,,
Leon Washington,34,126,4.31746031746032,,,0.0,,,,,,1.0,,,0.0,0.0,,1.0,0.0,,,,,,,leon-washington-1,424.0,96.0,RB,1.0,,1.0,481.0,8.7,55.0,369.0,12.0,2041.0,5.5,13.0,0.0,,Career,2.0,0.0,Florida State,2.0,16.0,,,2522.0,5.9,0.0,0.0,,,Career
Justin Watson,1,28,0.5714285714285711,,,,,,,,,,,,,,,,,,,,,,,justin-watson-1,184.0,42.0,RB,,,0.0,49.0,6.1,8.0,176.0,7.0,879.0,5.0,7.0,,,Career,,,San Diego State,,7.0,,,928.0,5.0,,,,,Career
Corey White,13,66,3.15151515151515,,,0.0,,,,,,,,,0.0,0.0,,0.0,,,,,,,,corey-white-2,449.0,162.0,RB,,,2.0,287.0,7.2,40.0,409.0,25.0,1925.0,4.7,27.0,0.0,,Career,1.0,0.0,UAB,1.0,27.0,,,2212.0,4.9,,0.0,,,Career
Fozzy Whittaker,8,67,1.91044776119403,Career,0.0,0.0,0.0,,,,,,,,0.0,0.0,0.0,2.0,,1.0,,0.0,0.0,0.0,0.0,fozzy-whittaker-1,82.0,54.0,RB,,0.0,1.0,145.0,9.1,16.0,66.0,6.0,386.0,5.8,7.0,0.0,,Career,2.0,0.0,Texas,2.0,9.0,,,531.0,6.5,,0.0,,,
James White,36,78,7.3846153846153895,Career,,0.0,,0.0,0.0,0.0,0.0,,,8-May,0.0,0.0,,0.0,,,0.0,,,,,james-white-1,348.0,78.0,RB,0.0,,2.0,397.0,7.5,53.0,295.0,11.0,1378.0,4.7,13.0,0.0,,Career,1.0,0.0,Iowa State,1.0,13.0,,192.0,1775.0,5.1,,0.0,,,
Johnny White,0,19,0.0,Career,,11.0,,,,,,,,,0.0,0.0,,0.0,,,,,,,,johnny-white-1,293.0,54.0,RB,,,1.0,510.0,10.9,47.0,246.0,8.0,1262.0,5.1,9.0,0.0,,Career,17.0,0.0,North Carolina,28.0,9.0,,,1772.0,6.0,,0.0,,,
Jordan Wilkins,5,30,2.6666666666666696,Career,25.5,0.0,1.0,0.0,0.0,0.0,0.0,,,1-Jun,0.0,0.0,0.0,0.0,,2.0,0.0,50.0,1.0,31.0,15.5,jordan-wilkins-1,311.0,90.0,RB,0.0,345.2,1.0,322.0,10.1,32.0,279.0,14.0,1751.0,6.3,15.0,0.0,,Career,1.0,0.0,Ole Miss,1.0,15.0,,217.0,2073.0,6.7,,0.0,,,
Andre Williams,7,41,2.73170731707317,Career,,1.0,,0.0,0.0,0.0,0.0,,,Jun-00,0.0,0.0,,0.0,,,0.0,,,,,andre-williams-2,714.0,168.0,RB,0.0,,0.0,60.0,6.0,10.0,704.0,28.0,3739.0,5.3,28.0,0.0,,Career,2.0,0.0,Boston College,3.0,28.0,,227.0,3799.0,5.3,,0.0,,,
Brandon Williams,50,97,8.24742268041237,Career,,11.0,,0.0,0.0,0.0,0.0,,,Jun-00,0.0,0.0,,0.0,,,7.0,,,,,brandon-williams-10,193.0,30.0,RB,0.0,,1.0,85.0,5.7,15.0,178.0,4.0,870.0,4.9,5.0,0.0,,Career,27.0,1.0,Overall,38.0,5.0,,205.0,955.0,4.9,,0.0,,,
Damien Williams,18,85,3.3882352941176497,Career,,0.0,,0.0,0.0,0.0,0.0,,,11-May,0.0,0.0,,0.0,,,0.0,,,,,damien-williams-1,333.0,114.0,RB,0.0,,1.0,410.0,9.5,43.0,290.0,18.0,1499.0,5.2,19.0,0.0,,Career,2.0,0.0,Oklahoma,2.0,19.0,,211.0,1909.0,5.7,,0.0,,,
Darrel Williams,4,18,3.55555555555556,Career,,6.0,,0.0,0.0,0.0,0.0,,,1-Jun,0.0,0.0,,0.0,,,0.0,,,,,darrel-williams-1,359.0,114.0,RB,0.0,,0.0,462.0,12.2,38.0,321.0,19.0,1651.0,5.1,19.0,0.0,,Career,2.0,0.0,LSU,8.0,19.0,,229.0,2113.0,5.9,,0.0,,,
DeAngelo Williams,73,142,8.22535211267606,,0.0,,0.0,,,,,,,,,,0.0,0.0,,2.0,,0.0,0.0,0.0,0.0,deangelo-williams-1,1039.0,360.0,RB,,0.0,5.0,723.0,10.3,70.0,969.0,55.0,6026.0,6.2,60.0,,,Career,,,Memphis,,60.0,,,6749.0,6.5,,,,,Career
Jamaal Williams,16,46,5.56521739130435,Career,,0.0,,0.0,0.0,0.0,0.0,,,Jun-00,0.0,0.0,,0.0,,,0.0,,,,,jamaal-williams-1,786.0,216.0,RB,0.0,,1.0,567.0,9.5,60.0,726.0,35.0,3901.0,5.4,36.0,0.0,,Career,4.0,0.0,Brigham Young,4.0,36.0,,213.0,4468.0,5.7,,0.0,,,
Keiland Williams,5,44,1.8181818181818201,Career,21.0,1.0,1.0,,,,,,,,0.0,0.0,0.0,0.0,,2.0,,50.0,1.0,22.0,11.0,keiland-williams-1,327.0,114.0,RB,,307.4,2.0,273.0,9.8,28.0,299.0,17.0,1699.0,5.7,19.0,0.0,,Career,0.0,0.0,LSU,1.0,19.0,,,1972.0,6.0,,0.0,,,
Kerwynn Williams,6,39,2.46153846153846,Career,0.0,1.0,0.0,,,,,,,,0.0,0.0,0.0,1.0,,1.0,,0.0,0.0,0.0,0.0,kerwynn-williams-1,446.0,168.0,RB,0.0,0.0,5.0,870.0,13.6,64.0,382.0,22.0,2515.0,6.6,27.0,0.0,,Career,5.0,0.0,Utah State,6.0,28.0,,,3385.0,7.6,,0.0,,,
David Wilson,5,21,3.80952380952381,Career,,0.0,,,,,,,,,0.0,0.0,,2.0,,,,,,,,david-wilson-1,499.0,150.0,RB,,,5.0,363.0,9.8,37.0,462.0,18.0,2662.0,5.8,23.0,0.0,,Career,1.0,0.0,Virginia Tech,1.0,25.0,,,3025.0,6.1,,0.0,,,
Jimmy Wilson,12,73,2.63013698630137,,,,,,,,,,,,,,,,,,,,,,,jimmy-wilson-1,17.0,6.0,RB,,,0.0,8.0,8.0,1.0,16.0,1.0,32.0,2.0,1.0,,,Career,,,Washington State,,1.0,,,40.0,2.4,,,,,Career
George Winn,0,19,0.0,Career,57.0,7.0,1.0,,,,,,,,0.0,0.0,0.0,,,1.0,,100.0,1.0,37.0,37.0,george-winn-1,340.0,90.0,RB,,740.8,0.0,159.0,8.4,19.0,321.0,15.0,1710.0,5.3,15.0,0.0,,Career,11.0,0.0,Cincinnati,18.0,15.0,,,1869.0,5.5,,0.0,,,
Garrett Wolfe,2,50,0.64,,,0.0,,,,,,,,,0.0,0.0,,0.0,,,,,,,,garrett-wolfe-1,865.0,342.0,RB,,,5.0,588.0,10.1,58.0,807.0,52.0,5164.0,6.4,57.0,0.0,,Career,1.0,0.0,Northern Illinois,1.0,57.0,,,5752.0,6.6,,0.0,,,Career
Jason Wright,10,80,2.0,,,,,,,,,,,,,,,1.0,,,,,,,,jason-wright-1,543.0,210.0,RB,,,2.0,577.0,10.7,54.0,489.0,32.0,2625.0,5.4,34.0,,,Career,,,Northwestern,,35.0,,,3202.0,5.9,,,,,Career
James Wright,2,24,1.33333333333333,Career,,0.0,,,,,,,,,0.0,0.0,,,,,,,,,,james-wright-1,278.0,36.0,RB,,,0.0,174.0,7.3,24.0,254.0,6.0,1163.0,4.6,6.0,0.0,,Career,1.0,0.0,New Mexico,1.0,6.0,,,1337.0,4.8,,0.0,,,
T.J. Yeldon,21,57,5.89473684210526,2013,,,,0.0,0.0,,,,12.0,2-Jun,,,,0.0,,,,,,,,tj-yeldon-1,227.0,84.0,RB,0.0,,0.0,183.0,9.2,20.0,207.0,14.0,1235.0,6.0,14.0,,,2013,,,Alabama,,14.0,,221.0,1418.0,6.2,,,,,
Selvin Young,9,23,6.26086956521739,,,0.0,,,,,,,,,0.0,0.0,,1.0,,,,,,,,selvin-young-1,402.0,174.0,RB,2.0,,1.0,214.0,5.8,37.0,365.0,25.0,1713.0,4.7,26.0,0.0,,Career,1.0,0.0,Texas,1.0,29.0,,,1927.0,4.8,,0.0,,,Career
Marcus Murphy,2,28,1.14285714285714,Career,,0.0,,0.0,0.0,0.0,0.0,,,9-May,0.0,0.0,,3.0,,,0.0,,,,,marcus-murphy-1,387.0,150.0,HB,4.0,,2.0,318.0,6.4,50.0,337.0,16.0,1957.0,5.8,18.0,0.0,,Career,1.0,0.0,Missouri,1.0,25.0,,195.0,2275.0,5.9,,0.0,,,
Michael Burton,0,65,0.0,Career,-2.0,8.0,1.0,0.0,0.0,0.0,0.0,,,Jun-00,0.0,0.0,0.0,0.0,,1.0,0.0,100.0,0.0,-2.0,-2.0,michael-burton-1,,18.0,FB,0.0,83.2,,,,,,,,,,0.0,,Career,5.0,0.0,Rutgers,13.0,3.0,,230.0,,,,0.0,,,
Ryan Hewitt,2,72,0.444444444444444,Career,,0.0,,0.0,0.0,0.0,0.0,,,4-Jun,0.0,0.0,,0.0,,,0.0,,,,,ryan-hewitt-1,,42.0,FB,0.0,,,,,,,,,,,0.0,,Career,1.0,0.0,Stanford,1.0,7.0,,246.0,,,,0.0,,,
Andy Janovich,2,50,0.64,Career,,2.0,,0.0,0.0,0.0,0.0,,,1-Jun,0.0,0.0,,0.0,,,0.0,,,,,andy-janovich-1,50.0,18.0,FB,0.0,,0.0,87.0,17.4,5.0,45.0,3.0,271.0,6.0,3.0,0.0,,Career,11.0,0.0,Nebraska,13.0,3.0,,230.0,358.0,7.2,,0.0,,,
Jay Prosch,0,63,0.0,Career,,7.0,,0.0,0.0,0.0,0.0,,,Jun-00,0.0,0.0,,0.0,,,0.0,,,,,jay-prosch-1,25.0,18.0,FB,0.0,,1.0,115.0,10.5,11.0,14.0,2.0,47.0,3.4,3.0,0.0,,Career,5.0,0.0,Overall,12.0,3.0,,258.0,162.0,6.5,,0.0,,,
Aaron Ripkowski,2,47,0.6808510638297869,Career,,,,0.0,0.0,,,,,1-Jun,,,,0.0,,,,,,,,aaron-ripkowski-1,,30.0,FB,0.0,,,,,,,,,,,,,Career,,,Oklahoma,,5.0,,254.0,,,,,,,
Derek Watt,1,64,0.25,Career,,6.0,,0.0,0.0,0.0,0.0,,,2-Jun,0.0,0.0,,0.0,,,1.0,,,,,derek-watt-1,,6.0,FB,0.0,,,,,,,,,,,0.0,,Career,11.0,0.0,Wisconsin,17.0,1.0,,232.0,,,,0.0,,,
