18,Jerell Adams,2,30,1.066666667,Career,NA,1,NA,0,0,0,0,NA,NA,0,0,NA,0,NA,NA,0,NA,NA,NA,NA,NA,42,TE,0,NA,NA,NA,NA,NA,NA,NA,NA,NA,NA,0,NA,Career,7,0,South Carolina,8,7,NA,231,NA,NA,NA,0,NA,NA,NA
20,Kyle Adams,0,29,0,Career,NA,1,NA,NA,NA,NA,NA,NA,NA,0,0,NA,0,NA,NA,NA,NA,NA,NA,NA,NA,18,TE,NA,NA,NA,NA,NA,NA,NA,NA,NA,NA,NA,0,NA,Career,7,0,Purdue,8,3,NA,NA,NA,NA,NA,0,NA,NA,NA
46,Jordan Akins,6,32,3,Career,NA,0,NA,0,0,0,0,NA,NA,0,0,NA,0,NA,NA,0,NA,NA,NA,NA,NA,48,TE,0,NA,NA,NA,NA,NA,NA,NA,NA,NA,NA,0,NA,Career,1,0,UCF,1,8,NA,249,NA,NA,NA,0,NA,NA,NA
73,Chase Allen,4,21,3.047619048,Career,NA,0,NA,0,0,0,0,NA,NA,0,0,NA,0,NA,NA,0,NA,NA,NA,NA,NA,12,TE,0,NA,NA,NA,NA,NA,NA,NA,NA,NA,NA,0,NA,Career,2,0,Iowa State,2,2,NA,245,NA,NA,NA,0,NA,NA,NA
75,Dwayne Allen,13,86,2.418604651,Career,NA,2,NA,NA,NA,0,0,NA,NA,0,0,NA,NA,NA,NA,0,NA,NA,NA,NA,NA,72,TE,NA,NA,NA,NA,NA,NA,NA,NA,NA,NA,NA,0,NA,Career,3,0,Clemson,5,12,NA,NA,NA,NA,NA,0,NA,NA,NA
94,Jace Amaro,4,17,3.764705882,Career,NA,0,NA,0,0,0,0,NA,NA,0,0,NA,0,NA,NA,0,NA,NA,NA,NA,NA,78,TE,0,NA,NA,NA,NA,NA,NA,NA,NA,NA,NA,0,NA,Career,4,0,Texas Tech,4,13,NA,260,NA,NA,NA,0,NA,NA,NA
103,Colt Anderson,7,84,1.333333333,2011,NA,2,NA,NA,NA,0,1,NA,13,0,0,NA,0,NA,NA,0,NA,NA,NA,NA,NA,6,TE,NA,NA,NA,NA,NA,NA,NA,NA,NA,NA,NA,0,NA,2011,2,0,Florida International,4,1,NA,NA,NA,NA,NA,0,NA,NA,NA
119,Mark Andrews,17,31,8.774193548,Career,NA,NA,NA,0,0,NA,NA,NA,NA,NA,NA,NA,0,NA,NA,NA,NA,NA,NA,NA,NA,134,TE,0,NA,NA,NA,NA,NA,NA,NA,NA,NA,NA,NA,NA,Career,NA,NA,Oklahoma,NA,22,1,254,NA,NA,NA,NA,NA,NA,NA
191,Billy Bajema,2,120,0.266666667,NA,NA,NA,NA,NA,NA,NA,NA,NA,NA,NA,NA,NA,NA,NA,NA,NA,NA,NA,NA,NA,NA,24,TE,NA,NA,NA,NA,NA,NA,NA,NA,NA,NA,NA,NA,NA,Career,NA,NA,Oklahoma State,NA,4,NA,NA,NA,NA,NA,NA,NA,NA,Career
205,Jake Ballard,6,23,4.173913043,Career,NA,NA,NA,NA,NA,NA,NA,NA,NA,NA,NA,NA,NA,NA,NA,NA,NA,NA,NA,NA,NA,18,TE,NA,NA,NA,NA,NA,NA,NA,NA,NA,NA,NA,NA,NA,Career,NA,NA,Ohio State,NA,3,NA,NA,NA,NA,NA,NA,NA,NA,NA
229,Gary Barnidge,16,124,2.064516129,Career,NA,1,NA,NA,NA,NA,NA,1,NA,0,0,NA,0,NA,NA,NA,NA,NA,NA,NA,NA,108,TE,NA,NA,NA,NA,NA,NA,NA,NA,NA,NA,NA,0,NA,Career,9,0,Louisville,10,18,NA,NA,NA,NA,0,0,NA,NA,NA
265,Anthony Becht,14,167,1.341317365,NA,NA,NA,NA,NA,NA,NA,NA,NA,NA,NA,NA,NA,NA,NA,NA,NA,NA,NA,NA,NA,NA,66,TE,NA,NA,NA,NA,NA,NA,NA,NA,NA,NA,NA,NA,NA,Career,NA,NA,West Virginia,NA,11,NA,NA,NA,NA,NA,NA,NA,NA,Career
268,Travis Beckum,2,48,0.666666667,Career,NA,2,NA,0,0,0,0,0,NA,0,0,NA,0,0,NA,0,NA,NA,NA,NA,NA,66,TE,0,NA,NA,NA,NA,NA,NA,NA,NA,NA,NA,0,0,Career,4,1,Wisconsin,6,11,0,NA,NA,NA,0,0,NA,NA,NA
272,Blake Bell,3,65,0.738461538,Career,6.8,NA,150,0,0,NA,NA,NA,NA,NA,NA,6,0,NA,253,NA,59.3,12,1763,7,197,168,TE,0,128.7,4,214,13.4,16,181,24,631,3.5,28,NA,NA,Career,NA,NA,Oklahoma,NA,28,NA,252,845,4.3,NA,NA,NA,NA,NA
292,Martellus Bennett,41,144,4.555555556,Career,NA,2,NA,NA,NA,NA,NA,NA,NA,0,0,NA,0,NA,NA,NA,NA,NA,NA,NA,NA,60,TE,NA,NA,NA,NA,NA,NA,NA,NA,NA,NA,NA,0,NA,Career,1,0,Texas A&M,3,10,NA,NA,NA,NA,NA,0,NA,NA,NA
432,Beau Brinkley,8,128,1,Career,NA,7,NA,NA,NA,0,0,0,NA,0,0,NA,NA,NA,NA,0,NA,NA,NA,NA,NA,NA,TE,NA,NA,NA,NA,NA,NA,NA,NA,NA,NA,NA,0,NA,Career,5,0,Missouri,12,NA,NA,NA,NA,NA,0,0,NA,NA,NA
441,Kevin Brock,0,24,0,Career,NA,1,NA,NA,NA,NA,NA,NA,NA,0,0,NA,NA,NA,NA,NA,NA,NA,NA,NA,NA,24,TE,NA,NA,NA,NA,NA,NA,NA,NA,NA,NA,NA,0,NA,Career,3,0,Rutgers,4,4,NA,NA,NA,NA,NA,0,NA,NA,NA
444,Richie Brockel,0,49,0,Career,NA,1,NA,NA,NA,NA,NA,NA,NA,0,0,NA,NA,NA,NA,NA,NA,NA,NA,NA,NA,60,TE,NA,NA,NA,NA,NA,NA,NA,NA,NA,NA,NA,0,NA,Career,4,0,Boise State,5,10,NA,NA,NA,NA,NA,0,NA,NA,NA
586,Nate Byham,0,29,0,Career,NA,0,NA,NA,NA,NA,NA,NA,NA,0,0,NA,0,NA,NA,NA,NA,NA,NA,NA,NA,18,TE,NA,NA,NA,NA,NA,NA,NA,NA,NA,NA,NA,0,NA,Career,2,0,Pitt,2,3,NA,NA,NA,NA,NA,0,NA,NA,NA
589,Dominique Byrd,0,17,0,NA,NA,NA,NA,NA,NA,NA,NA,NA,NA,NA,NA,NA,NA,NA,NA,NA,NA,NA,NA,NA,NA,24,TE,NA,NA,NA,NA,NA,NA,NA,NA,NA,NA,NA,NA,NA,Career,NA,NA,USC,NA,4,NA,NA,NA,NA,NA,NA,NA,NA,Career
600,Jordan Cameron,14,66,3.393939394,Career,NA,NA,NA,NA,NA,NA,NA,NA,NA,NA,NA,NA,NA,NA,NA,NA,NA,NA,NA,NA,NA,6,TE,NA,NA,NA,NA,NA,NA,NA,NA,NA,NA,NA,NA,NA,Career,NA,NA,USC,NA,1,NA,NA,NA,NA,NA,NA,NA,NA,NA
607,Mark Campbell,12,111,1.72972973,NA,NA,NA,NA,NA,NA,NA,NA,NA,NA,NA,NA,NA,0,NA,NA,NA,NA,NA,NA,NA,NA,6,TE,NA,NA,NA,NA,NA,NA,NA,NA,NA,NA,NA,NA,NA,Career,NA,NA,Michigan,NA,1,NA,NA,NA,NA,NA,NA,NA,NA,Career
624,John Carlson,17,90,3.022222222,Career,NA,8,NA,NA,NA,NA,NA,NA,NA,0,0,NA,0,NA,NA,NA,NA,NA,NA,NA,NA,48,TE,NA,NA,NA,NA,NA,NA,NA,NA,NA,NA,NA,0,NA,Career,15,0,Notre Dame,23,8,NA,NA,NA,NA,NA,0,NA,NA,NA
646,Cethan Carter,0,31,0,Career,NA,0,NA,0,0,0,0,NA,NA,0,0,NA,0,NA,NA,0,NA,NA,NA,NA,NA,30,TE,0,NA,NA,NA,NA,NA,NA,NA,NA,NA,NA,0,NA,Career,2,0,Nebraska,2,5,NA,241,NA,NA,NA,0,NA,NA,NA
648,David Carter,5,35,2.285714286,Career,NA,0,NA,NA,NA,NA,NA,NA,NA,0,0,NA,NA,NA,NA,NA,NA,NA,NA,NA,NA,30,TE,NA,NA,NA,NA,NA,NA,NA,NA,NA,NA,NA,0,NA,Career,1,0,Ohio,1,5,NA,NA,NA,NA,NA,0,NA,NA,NA
660,James Casey,7,95,1.178947368,Career,2.7,1,4,NA,NA,NA,NA,NA,NA,0,0,1,NA,NA,12,NA,33.3,2,37,3.1,NA,168,TE,0,97.6,NA,NA,NA,NA,NA,NA,NA,NA,NA,0.5,NA,Career,2,1.5,Rice,3,28,NA,NA,NA,NA,NA,0,NA,NA,NA
671,Brent Celek,41,175,3.748571429,NA,NA,0,NA,NA,NA,NA,NA,NA,NA,0,0,NA,0,NA,NA,NA,NA,NA,NA,NA,NA,84,TE,NA,NA,NA,NA,NA,NA,NA,NA,NA,NA,NA,0,NA,Career,4,0,Cincinnati,4,14,NA,NA,NA,NA,NA,0,NA,NA,Career
672,Garrett Celek,8,91,1.406593407,Career,NA,NA,NA,NA,NA,NA,NA,NA,NA,NA,NA,NA,0,NA,NA,NA,NA,NA,NA,NA,NA,18,TE,NA,NA,NA,NA,NA,NA,NA,NA,NA,NA,NA,NA,NA,Career,NA,NA,Michigan State,NA,3,NA,NA,NA,NA,NA,NA,NA,NA,NA
681,Scott Chandler,20,90,3.555555556,NA,NA,0,NA,NA,NA,NA,NA,NA,NA,0,0,NA,NA,NA,NA,NA,NA,NA,NA,NA,NA,60,TE,NA,NA,NA,NA,NA,NA,NA,NA,NA,NA,NA,0,NA,Career,2,0,Iowa,2,10,NA,NA,NA,NA,NA,0,NA,NA,Career
687,Orson Charles,2,49,0.653061224,Career,NA,NA,NA,NA,NA,NA,NA,NA,NA,NA,NA,NA,NA,NA,NA,NA,NA,NA,NA,NA,NA,60,TE,0,NA,NA,NA,NA,NA,NA,NA,NA,NA,NA,NA,NA,Career,NA,NA,Georgia,NA,10,NA,NA,NA,NA,NA,NA,NA,NA,NA
695,Chris Chester,71,169,6.721893491,NA,NA,NA,NA,NA,NA,NA,NA,NA,NA,NA,NA,NA,NA,NA,NA,NA,NA,NA,NA,NA,NA,6,TE,NA,NA,NA,NA,NA,NA,NA,NA,NA,NA,NA,NA,NA,Career,NA,NA,Oklahoma,NA,1,NA,NA,NA,NA,NA,NA,NA,NA,Career
714,Dallas Clark,61,143,6.825174825,NA,NA,NA,NA,NA,NA,NA,NA,NA,NA,NA,NA,NA,NA,NA,NA,NA,NA,NA,NA,NA,NA,48,TE,NA,NA,NA,NA,NA,NA,NA,NA,NA,NA,NA,NA,NA,Career,NA,NA,Iowa,NA,8,NA,NA,NA,NA,NA,NA,NA,NA,Career
740,Daniel Coats,2,57,0.561403509,NA,NA,2,NA,NA,NA,NA,NA,NA,NA,0,0,NA,0,NA,NA,NA,NA,NA,NA,NA,NA,54,TE,NA,NA,NA,NA,NA,NA,NA,NA,NA,NA,NA,0,NA,Career,1,0,Brigham Young,3,9,NA,NA,NA,NA,NA,0,NA,NA,Career
749,Chase Coffman,0,39,0,Career,16.3,0,1,NA,NA,NA,NA,NA,NA,0,0,0,NA,NA,3,NA,33.3,1,29,9.7,NA,180,TE,NA,224.5,NA,NA,NA,NA,NA,NA,NA,NA,NA,0,NA,Career,6,0,Missouri,6,30,NA,NA,NA,NA,NA,0,NA,NA,NA
782,Jed Collins,3,63,0.761904762,Career,NA,15,NA,NA,NA,NA,NA,NA,NA,0,0,NA,0,NA,NA,NA,NA,NA,NA,NA,NA,48,TE,0,NA,NA,NA,NA,NA,NA,NA,NA,NA,NA,0,NA,Career,20,0,Washington State,35,8,NA,NA,NA,NA,NA,0,NA,NA,NA
802,Tyler Conklin,2,31,1.032258065,Career,NA,1,NA,0,0,0,0,NA,NA,0,0,NA,0,NA,NA,0,NA,NA,NA,NA,NA,68,TE,0,NA,NA,NA,NA,NA,NA,NA,NA,NA,NA,0,NA,Career,7,0,Central Michigan,8,11,1,240,NA,NA,NA,0,NA,NA,NA
818,Jared Cook,54,163,5.300613497,Career,NA,1,NA,NA,NA,NA,NA,NA,NA,0,0,NA,NA,NA,NA,NA,NA,NA,NA,NA,NA,42,TE,NA,NA,NA,NA,NA,NA,NA,NA,NA,NA,NA,0,NA,Career,1,0,South Carolina,2,7,NA,NA,NA,NA,NA,0,NA,NA,NA
842,Brad Cottam,2,24,1.333333333,Career,NA,1,NA,0,0,0,0,0,NA,0,0,NA,0,0,NA,0,NA,NA,NA,NA,NA,6,TE,0,NA,NA,NA,NA,NA,NA,NA,NA,NA,NA,0,0,Career,2,0,Tennessee,3,1,0,NA,NA,NA,0,0,NA,NA,NA
860,Tom Crabtree,3,53,0.905660377,Career,NA,15,NA,NA,NA,NA,NA,NA,NA,0,0,NA,0,NA,NA,NA,NA,NA,NA,NA,NA,12,TE,NA,NA,NA,NA,NA,NA,NA,NA,NA,NA,NA,0,NA,Career,23,0,Miami (OH),38,2,NA,NA,NA,NA,NA,0,NA,NA,NA
875,Alan Cross,0,36,0,Career,NA,1,NA,0,0,0,0,NA,NA,0,0,NA,0,NA,NA,0,NA,NA,NA,NA,NA,90,TE,0,NA,NA,NA,NA,NA,NA,NA,NA,NA,NA,0,NA,Career,2,0,Memphis,3,15,NA,235,NA,NA,NA,0,NA,NA,NA
884,Alge Crumpler,48,155,4.95483871,NA,NA,NA,NA,NA,NA,NA,NA,NA,NA,NA,NA,NA,NA,NA,NA,NA,NA,NA,NA,NA,NA,36,TE,NA,NA,NA,NA,NA,NA,NA,NA,NA,NA,NA,NA,NA,Career,NA,NA,North Carolina,NA,6,NA,NA,NA,NA,NA,NA,NA,NA,Career
888,Sean Culkin,0,18,0,Career,NA,0,NA,0,0,0,0,NA,NA,0,0,NA,0,NA,NA,0,NA,NA,NA,NA,NA,12,TE,0,NA,NA,NA,NA,NA,NA,NA,NA,NA,NA,0,NA,Career,2,0,Missouri,2,2,NA,245,NA,NA,NA,0,NA,NA,NA
912,Darrell Daniels,0,34,0,Career,NA,3,NA,0,0,0,0,NA,NA,0,0,NA,0,NA,NA,0,NA,NA,NA,NA,NA,30,TE,0,NA,NA,NA,NA,NA,NA,NA,NA,NA,NA,0,NA,Career,10,0,Washington,13,5,NA,247,NA,NA,NA,0,NA,NA,NA
950,Fred Davis,15,72,3.333333333,Career,NA,0,NA,NA,NA,NA,NA,NA,NA,0,0,NA,0,NA,NA,NA,NA,NA,NA,NA,NA,78,TE,NA,NA,NA,NA,NA,NA,NA,NA,NA,NA,NA,0,NA,Career,2,0,USC,2,13,NA,214,NA,NA,NA,0,NA,NA,NA
955,Kellen Davis,5,125,0.64,Career,NA,4,NA,NA,NA,NA,NA,NA,NA,0,0,NA,NA,NA,NA,NA,NA,NA,NA,NA,NA,54,TE,NA,NA,NA,NA,NA,NA,NA,NA,NA,NA,NA,2,NA,Career,8,2.5,Michigan State,12,9,NA,NA,NA,NA,NA,0,NA,NA,NA
970,Vernon Davis,65,198,5.252525253,NA,NA,0,NA,NA,NA,NA,NA,NA,NA,0,0,NA,0,NA,NA,NA,NA,NA,NA,NA,NA,54,TE,NA,NA,NA,NA,NA,NA,NA,NA,NA,NA,NA,0,NA,Career,1,0,Maryland,1,9,NA,NA,NA,NA,NA,0,NA,NA,Career
1002,A.J. Derby,3,25,1.92,Career,4.4,2,22,0,0,0,0,NA,NA,0,0,1,0,NA,42,0,52.4,1,208,5,NA,18,TE,0,97.1,NA,NA,NA,NA,NA,NA,NA,NA,NA,0,NA,Career,2,0,Overall,4,3,NA,255,NA,NA,NA,0,NA,NA,NA
1010,Dorin Dickerson,1,24,0.666666667,Career,NA,8,NA,NA,NA,NA,NA,NA,NA,0,0,NA,0,NA,NA,NA,NA,NA,NA,NA,NA,78,TE,NA,NA,NA,NA,NA,NA,NA,NA,NA,NA,NA,0,NA,Career,7,0.5,Pitt,15,13,NA,NA,NA,NA,NA,0,NA,NA,NA
1011,Ed Dickson,18,134,2.149253731,Career,0,5,0,NA,NA,NA,NA,NA,NA,0,0,0,NA,NA,1,NA,0,0,0,0,NA,72,TE,NA,0,NA,NA,NA,NA,NA,NA,NA,NA,NA,0,NA,Career,10,1,Oregon,15,12,NA,NA,NA,NA,NA,0,NA,NA,NA
1014,Kris Dielman,77,120,10.26666667,NA,NA,NA,NA,NA,NA,NA,NA,NA,NA,NA,NA,NA,0,NA,NA,NA,NA,NA,NA,NA,NA,30,TE,NA,NA,NA,NA,NA,NA,NA,NA,NA,NA,NA,NA,NA,Career,NA,NA,Indiana,NA,5,NA,NA,NA,NA,NA,NA,NA,NA,Career
1062,Jack Doyle,20,100,3.2,Career,NA,2,NA,NA,NA,NA,NA,NA,NA,0,0,NA,NA,NA,NA,NA,NA,NA,NA,NA,NA,48,TE,NA,NA,NA,NA,NA,NA,NA,NA,NA,NA,NA,0,NA,Career,4,0,Western Kentucky,6,8,NA,260,NA,NA,NA,0,NA,NA,NA
1067,Jim Dray,4,94,0.680851064,Career,NA,0,NA,NA,NA,NA,NA,NA,NA,0,0,NA,0,NA,NA,NA,NA,NA,NA,NA,NA,42,TE,NA,NA,NA,NA,NA,NA,NA,NA,NA,NA,NA,0,NA,Career,1,0,Stanford,1,7,NA,NA,NA,NA,NA,0,NA,NA,NA
1068,Joel Dreessen,17,120,2.266666667,NA,NA,NA,NA,NA,NA,NA,NA,NA,NA,NA,NA,NA,NA,NA,NA,NA,NA,NA,NA,NA,NA,60,TE,NA,NA,NA,NA,NA,NA,NA,NA,NA,NA,NA,NA,NA,Career,NA,NA,Colorado State,NA,10,NA,NA,NA,NA,NA,NA,NA,NA,Career
1075,Jeff Dugan,2,79,0.405063291,NA,NA,NA,NA,NA,NA,NA,NA,NA,NA,NA,NA,NA,0,NA,NA,NA,NA,NA,NA,NA,NA,18,TE,NA,NA,NA,NA,NA,NA,NA,NA,NA,NA,NA,NA,NA,Career,NA,NA,Maryland,NA,3,NA,NA,NA,NA,NA,NA,NA,NA,Career
1095,Eric Ebron,27,83,5.204819277,Career,NA,5,NA,0,0,0,0,NA,NA,0,0,NA,0,NA,NA,0,NA,NA,NA,NA,NA,48,TE,0,NA,NA,NA,NA,NA,NA,NA,NA,NA,NA,0,NA,Career,2,0,North Carolina,7,8,NA,245,NA,NA,NA,0,NA,NA,NA
1118,Michael Egnew,0,18,0,Career,NA,0,NA,NA,NA,0,0,NA,NA,0,0,NA,NA,NA,NA,0,NA,NA,NA,NA,NA,48,TE,NA,NA,NA,NA,NA,NA,NA,NA,NA,NA,NA,0,NA,Career,1,0,Missouri,1,8,NA,NA,NA,NA,NA,0,NA,NA,NA
1119,Tyler Eifert,18,59,4.881355932,Career,NA,0,NA,NA,NA,0,0,NA,NA,0,0,NA,NA,NA,NA,0,NA,NA,NA,NA,NA,66,TE,NA,NA,NA,NA,NA,NA,NA,NA,NA,NA,NA,0,NA,Career,3,0,Notre Dame,3,11,NA,NA,NA,NA,NA,0,NA,NA,NA
1122,Ebenezer Ekuban,43,122,5.639344262,NA,NA,NA,NA,NA,NA,NA,NA,NA,NA,NA,NA,NA,NA,NA,NA,NA,NA,NA,NA,NA,NA,12,TE,NA,NA,NA,NA,NA,NA,NA,NA,NA,NA,NA,NA,NA,Career,NA,NA,North Carolina,NA,2,NA,NA,NA,NA,NA,NA,NA,NA,Career
1125,Brody Eldridge,0,27,0,Career,NA,1,NA,NA,NA,NA,NA,NA,NA,0,0,NA,NA,NA,NA,NA,NA,NA,NA,NA,NA,6,TE,NA,NA,NA,NA,NA,NA,NA,NA,NA,NA,NA,0,NA,Career,3,0,Oklahoma,4,1,NA,NA,NA,NA,NA,0,NA,NA,NA
1139,Rhett Ellison,10,113,1.415929204,Career,NA,2,NA,NA,NA,NA,NA,NA,NA,0,0,NA,NA,NA,NA,NA,NA,NA,NA,NA,NA,36,TE,NA,NA,NA,NA,NA,NA,NA,NA,NA,NA,NA,0,NA,Career,7,0,USC,9,6,NA,NA,NA,NA,NA,0,NA,NA,NA
1147,Evan Engram,14,34,6.588235294,Career,NA,0,NA,0,0,0,0,NA,NA,0,0,NA,0,NA,NA,0,NA,NA,NA,NA,NA,90,TE,0,NA,NA,NA,NA,NA,NA,NA,NA,NA,NA,0,NA,Career,1,0,Ole Miss,1,15,NA,227,NA,NA,NA,0,NA,NA,NA
1151,Zach Ertz,46,106,6.943396226,Career,NA,0,NA,NA,NA,0,0,NA,NA,0,0,NA,NA,NA,NA,0,NA,NA,NA,NA,NA,90,TE,NA,NA,NA,NA,NA,NA,NA,NA,NA,NA,NA,0,NA,Career,1,0,Stanford,1,15,NA,NA,NA,NA,NA,0,NA,NA,NA
1154,Gavin Escobar,2,64,0.5,Career,NA,0,NA,NA,NA,0,0,NA,NA,0,0,NA,0,NA,NA,0,NA,NA,NA,NA,NA,102,TE,NA,NA,NA,NA,NA,NA,NA,NA,NA,NA,NA,0,NA,Career,1,0,San Diego State,1,17,NA,NA,NA,NA,NA,0,NA,NA,NA
1156,Greg Estandia,3,32,1.5,NA,NA,0,NA,NA,NA,NA,NA,NA,NA,0,0,NA,NA,NA,NA,NA,NA,NA,NA,NA,NA,60,TE,NA,NA,NA,NA,NA,NA,NA,NA,NA,NA,NA,0,NA,Career,1,0,UNLV,1,10,NA,NA,NA,NA,NA,0,NA,NA,Career
1167,Mike Evans,55,90,9.777777778,Career,NA,1,NA,NA,NA,NA,NA,NA,NA,0,0,NA,0,NA,NA,NA,NA,NA,NA,NA,NA,6,TE,NA,NA,NA,NA,NA,NA,NA,NA,NA,NA,NA,0,NA,Career,0,0,Army,1,1,NA,NA,NA,NA,NA,0,NA,NA,NA
1171,Gerald Everett,9,45,3.2,Career,27,1,1,0,0,0,0,NA,NA,0,0,0,0,NA,1,1,100,1,7,7,NA,102,TE,0,488.8,NA,NA,NA,NA,NA,NA,NA,NA,NA,0,NA,Career,0,0,Overall,1,17,NA,240,NA,NA,NA,0,NA,NA,NA
1182,George Fant,16,46,5.565217391,Career,NA,2,NA,NA,NA,0,0,NA,NA,0,0,NA,NA,NA,NA,0,NA,NA,NA,NA,NA,NA,TE,NA,NA,NA,NA,NA,NA,NA,NA,NA,NA,NA,0,NA,Career,0,0,Western Kentucky,2,NA,NA,270,NA,NA,NA,0,NA,NA,NA
1187,Anthony Fasano,29,180,2.577777778,NA,NA,1,NA,NA,NA,NA,NA,NA,NA,0,0,NA,NA,NA,NA,NA,NA,NA,NA,NA,NA,48,TE,NA,NA,NA,NA,NA,NA,NA,NA,NA,NA,NA,0,NA,Career,2,0,Notre Dame,3,8,NA,NA,NA,NA,NA,0,NA,NA,Career
1189,Joseph Fauria,3,23,2.086956522,Career,NA,NA,NA,NA,NA,NA,NA,NA,NA,NA,NA,NA,NA,NA,NA,NA,NA,NA,NA,NA,NA,120,TE,NA,NA,NA,NA,NA,NA,NA,NA,NA,NA,NA,NA,NA,Career,NA,NA,UCLA,NA,20,NA,NA,NA,NA,NA,NA,NA,NA,NA
1210,C.J. Fiedorowicz,6,51,1.882352941,Career,NA,2,NA,0,0,0,0,NA,NA,0,0,NA,0,NA,NA,0,NA,NA,NA,NA,NA,60,TE,0,NA,NA,NA,NA,NA,NA,NA,NA,NA,NA,0,NA,Career,1,0,Iowa,3,10,NA,265,NA,NA,NA,0,NA,NA,NA
1216,Derek Fine,2,18,1.777777778,Career,NA,10,NA,NA,NA,NA,NA,NA,NA,0,0,NA,0,NA,NA,NA,NA,NA,NA,NA,NA,60,TE,NA,NA,NA,NA,NA,NA,NA,NA,NA,NA,NA,0,NA,Career,11,0,Kansas,21,10,NA,NA,NA,NA,NA,0,NA,NA,NA
1217,Jermichael Finley,29,70,6.628571429,Career,NA,1,NA,NA,NA,NA,NA,1,NA,0,0,NA,NA,NA,NA,NA,NA,NA,NA,NA,NA,42,TE,NA,NA,NA,NA,NA,NA,NA,NA,NA,NA,NA,0,NA,Career,1,0,Texas,2,7,NA,NA,NA,NA,0,0,NA,NA,NA
1230,Coby Fleener,28,87,5.149425287,Career,NA,0,NA,NA,NA,0,0,NA,NA,0,0,NA,0,NA,NA,0,NA,NA,NA,NA,NA,108,TE,NA,NA,NA,NA,NA,NA,NA,NA,NA,NA,NA,0,NA,Career,3,0,Stanford,3,18,NA,NA,NA,NA,NA,0,NA,NA,NA
1257,Chase Ford,3,20,2.4,Career,NA,NA,NA,NA,NA,NA,NA,NA,NA,NA,NA,NA,NA,NA,NA,NA,NA,NA,NA,NA,NA,12,TE,NA,NA,NA,NA,NA,NA,NA,NA,NA,NA,NA,NA,NA,Career,NA,NA,Miami (FL),NA,2,NA,NA,NA,NA,NA,NA,NA,NA,NA
1295,Bubba Franks,22,122,2.885245902,NA,NA,NA,NA,NA,NA,NA,NA,NA,NA,NA,NA,NA,0,NA,NA,NA,NA,NA,NA,NA,NA,72,TE,NA,NA,NA,NA,NA,NA,NA,NA,NA,NA,NA,NA,NA,Career,NA,NA,Miami (FL),NA,12,NA,NA,NA,NA,NA,NA,NA,NA,Career
1323,Corey Fuller,3,28,1.714285714,Career,NA,1,NA,NA,NA,0,0,NA,NA,0,0,NA,NA,NA,NA,0,NA,NA,NA,NA,NA,6,TE,NA,NA,NA,NA,NA,NA,NA,NA,NA,NA,NA,0,NA,Career,1,0,Texas Christian,2,1,NA,NA,NA,NA,NA,0,NA,NA,NA
1340,Michael Gaines,7,83,1.34939759,NA,NA,NA,NA,0,0,NA,NA,NA,NA,NA,NA,NA,0,0,NA,NA,NA,NA,NA,NA,NA,18,TE,0,NA,NA,NA,NA,NA,NA,NA,NA,NA,NA,NA,0,Career,NA,NA,UCF,NA,3,0,NA,NA,NA,NA,NA,NA,NA,Career
1384,Mike Gesicki,6,32,3,Career,NA,0,NA,0,0,0,0,NA,NA,0,0,NA,0,NA,NA,0,NA,NA,NA,NA,NA,90,TE,0,NA,NA,NA,NA,NA,NA,NA,NA,NA,NA,0,NA,Career,2,0,Penn State,2,15,NA,257,NA,NA,NA,0,NA,NA,NA
1391,Breno Giacomini,40,94,6.808510638,NA,NA,0,NA,0,0,0,0,0,NA,0,0,NA,0,0,NA,0,NA,NA,NA,NA,NA,6,TE,0,NA,NA,NA,NA,NA,NA,NA,NA,NA,NA,0,0,Career,1,0,Louisville,1,1,0,NA,NA,NA,0,0,NA,NA,Career
1402,Crockett Gillmore,4,32,2,Career,47,6,1,0,0,0,1,NA,NA,0,0,0,0,NA,1,1,100,1,27,27,NA,48,TE,0,656.8,NA,NA,NA,NA,NA,NA,NA,NA,NA,1,0,Career,12,2,Colorado State,18,8,0,255,NA,NA,NA,0,NA,NA,NA
1404,John Gilmore,3,145,0.331034483,NA,NA,NA,NA,NA,NA,NA,NA,NA,NA,NA,NA,NA,NA,NA,NA,NA,NA,NA,NA,NA,NA,18,TE,NA,NA,NA,NA,NA,NA,NA,NA,NA,NA,NA,NA,NA,Career,NA,NA,Penn State,NA,3,NA,NA,NA,NA,NA,NA,NA,NA,Career
1461,Richard Gordon,0,35,0,Career,NA,3,NA,NA,NA,0,0,0,NA,0,0,NA,NA,NA,NA,0,NA,NA,NA,NA,NA,NA,TE,NA,NA,NA,NA,NA,NA,NA,NA,NA,NA,NA,0,NA,Career,6,0,Miami (FL),9,NA,NA,NA,NA,NA,0,0,NA,NA,NA
1469,Chris Gragg,1,32,0.5,Career,NA,0,NA,NA,NA,NA,NA,NA,NA,0,0,NA,NA,NA,NA,NA,NA,NA,NA,NA,NA,42,TE,NA,NA,NA,NA,NA,NA,NA,NA,NA,NA,NA,0,NA,Career,2,0,Arkansas,2,7,NA,NA,NA,NA,NA,0,NA,NA,NA
1473,Daniel Graham,22,148,2.378378378,NA,NA,NA,NA,NA,NA,NA,NA,NA,NA,NA,NA,NA,NA,NA,NA,NA,NA,NA,NA,NA,NA,66,TE,NA,NA,NA,NA,NA,NA,NA,NA,NA,NA,NA,NA,NA,Career,NA,NA,Colorado,NA,11,NA,NA,NA,NA,NA,NA,NA,NA,Career
1475,Garrett Graham,7,60,1.866666667,Career,NA,0,NA,NA,NA,NA,NA,NA,NA,0,0,NA,NA,NA,NA,NA,NA,NA,NA,NA,NA,96,TE,NA,NA,NA,NA,NA,NA,NA,NA,NA,NA,NA,0,NA,Career,1,0,Wisconsin,1,16,NA,NA,NA,NA,NA,0,NA,NA,NA
1476,Jimmy Graham,70,153,7.320261438,Career,NA,0,NA,NA,NA,NA,NA,NA,NA,0,0,NA,0,NA,NA,NA,NA,NA,NA,NA,NA,30,TE,NA,NA,NA,NA,NA,NA,NA,NA,NA,NA,NA,0,NA,Career,1,0,Miami (FL),1,5,NA,NA,NA,NA,NA,0,NA,NA,NA
1506,Ladarius Green,12,53,3.622641509,Career,NA,1,NA,NA,NA,0,0,NA,NA,0,0,NA,NA,NA,NA,0,NA,NA,NA,NA,NA,132,TE,NA,NA,NA,NA,NA,NA,NA,NA,NA,NA,NA,0,NA,Career,1,0,Louisiana,2,22,NA,NA,NA,NA,NA,0,NA,NA,NA
1516,Virgil Green,9,131,1.099236641,Career,NA,1,NA,NA,NA,NA,NA,NA,NA,0,0,NA,NA,NA,NA,NA,NA,NA,NA,NA,NA,66,TE,NA,NA,NA,NA,NA,NA,NA,NA,NA,NA,NA,0,NA,Career,0,0,Nevada,1,11,NA,NA,NA,NA,NA,0,NA,NA,NA
1522,Jermaine Gresham,32,132,3.878787879,Career,NA,2,NA,NA,NA,NA,NA,NA,NA,0,0,NA,NA,NA,NA,NA,NA,NA,NA,NA,NA,156,TE,NA,NA,NA,NA,NA,NA,NA,NA,NA,NA,NA,0,NA,Career,2,0,Oklahoma,4,26,NA,NA,NA,NA,NA,0,NA,NA,NA
1531,Ryan Griffin,13,90,2.311111111,Career,NA,5,NA,NA,NA,0,0,NA,NA,0,0,NA,NA,NA,NA,0,NA,NA,NA,NA,NA,60,TE,NA,NA,NA,NA,NA,NA,NA,NA,NA,NA,NA,0,NA,Career,5,0,Connecticut,10,10,NA,NA,NA,NA,NA,0,NA,NA,NA
1540,Xavier Grimble,2,47,0.680851064,Career,NA,1,NA,0,0,0,0,NA,NA,0,0,NA,0,NA,NA,0,NA,NA,NA,NA,NA,66,TE,0,NA,NA,NA,NA,NA,NA,NA,NA,NA,NA,0,NA,Career,2,0,USC,3,11,NA,250,NA,NA,NA,0,NA,NA,NA
1543,Dan Gronkowski,1,21,0.761904762,Career,NA,NA,NA,NA,NA,NA,NA,NA,NA,NA,NA,NA,0,NA,NA,NA,NA,NA,NA,NA,NA,24,TE,NA,NA,NA,NA,NA,NA,NA,NA,NA,NA,NA,NA,NA,Career,NA,NA,Maryland,NA,4,NA,NA,NA,NA,NA,NA,NA,NA,NA
1544,Rob Gronkowski,82,115,11.40869565,Career,NA,0,NA,NA,NA,NA,NA,NA,NA,0,0,NA,NA,NA,NA,NA,NA,NA,NA,NA,NA,96,TE,NA,NA,NA,NA,NA,NA,NA,NA,NA,NA,NA,0,NA,Career,2,0,Arizona,2,16,NA,NA,NA,NA,NA,0,NA,NA,NA
1601,James Hanna,4,78,0.820512821,Career,NA,1,NA,NA,NA,NA,NA,NA,NA,0,0,NA,0,NA,NA,NA,NA,NA,NA,NA,NA,54,TE,NA,NA,NA,NA,NA,NA,NA,NA,NA,NA,NA,0,NA,Career,5,0,Oklahoma,6,9,NA,NA,NA,NA,NA,0,NA,NA,NA
1615,Cory Harkey,1,64,0.25,Career,NA,0,NA,NA,NA,0,0,NA,NA,0,0,NA,0,NA,NA,0,NA,NA,NA,NA,NA,12,TE,NA,NA,NA,NA,NA,NA,NA,NA,NA,NA,NA,0,NA,Career,1,0,UCLA,1,2,NA,NA,NA,NA,NA,0,NA,NA,NA
1629,Clark Harris,13,172,1.209302326,NA,NA,0,NA,NA,NA,NA,NA,NA,NA,0,0,NA,NA,NA,NA,NA,NA,NA,NA,NA,NA,66,TE,NA,NA,NA,NA,NA,NA,NA,NA,NA,NA,NA,0,NA,Career,2,0,Rutgers,2,11,NA,NA,NA,NA,NA,0,NA,NA,Career
1659,Ben Hartsock,2,131,0.244274809,NA,NA,NA,NA,NA,NA,NA,NA,NA,NA,NA,NA,NA,NA,NA,NA,NA,NA,NA,NA,NA,NA,30,TE,NA,NA,NA,NA,NA,NA,NA,NA,NA,NA,NA,NA,NA,Career,NA,NA,Ohio State,NA,5,NA,NA,NA,NA,NA,NA,NA,NA,Career
1664,Mike Hart,3,21,2.285714286,NA,NA,NA,NA,NA,NA,NA,NA,NA,NA,NA,NA,NA,NA,NA,NA,NA,NA,NA,NA,NA,NA,36,TE,NA,NA,NA,NA,NA,NA,NA,NA,NA,NA,NA,NA,NA,Career,NA,NA,Duke,NA,6,NA,NA,NA,NA,NA,NA,NA,NA,Career
1690,Joey Haynos,1,23,0.695652174,Career,NA,0,NA,NA,NA,NA,NA,NA,NA,0,0,NA,0,NA,NA,NA,NA,NA,NA,NA,NA,24,TE,NA,NA,NA,NA,NA,NA,NA,NA,NA,NA,NA,0,NA,Career,1,0,Maryland,1,4,NA,NA,NA,NA,NA,0,NA,NA,NA
1696,Todd Heap,53,145,5.848275862,NA,NA,NA,NA,NA,NA,NA,NA,NA,NA,NA,NA,NA,NA,NA,NA,NA,NA,NA,NA,NA,NA,60,TE,NA,NA,NA,NA,NA,NA,NA,NA,NA,NA,NA,NA,NA,Career,NA,NA,Arizona State,NA,10,NA,NA,NA,NA,NA,NA,NA,NA,Career
1706,Cooper Helfet,3,23,2.086956522,Career,NA,1,NA,NA,NA,NA,NA,NA,NA,0,0,NA,0,NA,NA,NA,NA,NA,NA,NA,NA,36,TE,NA,NA,NA,NA,NA,NA,NA,NA,NA,NA,NA,0,NA,Career,1,0,Duke,2,6,NA,NA,NA,NA,NA,0,NA,NA,NA
1707,Will Heller,5,134,0.597014925,NA,NA,NA,NA,NA,NA,NA,NA,NA,NA,NA,NA,NA,NA,NA,NA,NA,NA,NA,NA,NA,NA,6,TE,NA,NA,NA,NA,NA,NA,NA,NA,NA,NA,NA,NA,NA,Career,NA,NA,Georgia Tech,NA,1,NA,NA,NA,NA,NA,NA,NA,NA,Career
1724,Hunter Henry,14,41,5.463414634,2013,NA,0,NA,0,0,0,0,NA,10,0,0,NA,0,NA,NA,0,NA,NA,NA,NA,NA,24,TE,0,NA,NA,NA,NA,NA,NA,NA,NA,NA,NA,0,NA,2013,0,0,Arkansas,0,4,NA,253,NA,NA,NA,0,NA,NA,NA
1726,Aaron Hernandez,23,38,9.684210526,Career,NA,NA,NA,NA,NA,NA,NA,NA,NA,NA,NA,NA,0,NA,NA,NA,NA,NA,NA,NA,NA,72,TE,NA,NA,NA,NA,NA,NA,NA,NA,NA,NA,NA,NA,NA,Career,NA,NA,Florida,NA,12,NA,NA,NA,NA,NA,NA,NA,NA,NA
1738,Jeff Heuerman,5,51,1.568627451,Career,NA,NA,NA,0,0,NA,NA,NA,NA,NA,NA,NA,0,NA,NA,NA,NA,NA,NA,NA,NA,42,TE,0,NA,NA,NA,NA,NA,NA,NA,NA,NA,NA,NA,NA,Career,NA,NA,Ohio State,NA,7,NA,255,NA,NA,NA,NA,NA,NA,NA
1748,Tyler Higbee,13,63,3.301587302,Career,NA,1,NA,0,0,0,0,NA,NA,0,0,NA,0,NA,NA,0,NA,NA,NA,NA,NA,84,TE,0,NA,NA,NA,NA,NA,NA,NA,NA,NA,NA,0,NA,Career,4,0,Western Kentucky,5,14,NA,250,NA,NA,NA,0,NA,NA,NA
1775,Troy Hill,11,57,3.087719298,Career,NA,0,NA,0,0,0,0,NA,NA,0,0,NA,0,NA,NA,0,NA,NA,NA,NA,NA,30,TE,0,NA,NA,NA,NA,NA,NA,NA,NA,NA,NA,0,NA,Career,3,0,Ohio,3,5,NA,245,NA,NA,NA,0,NA,NA,NA
1796,Jacob Hollister,4,34,1.882352941,Career,NA,NA,NA,0,0,NA,NA,NA,NA,NA,NA,NA,0,NA,NA,NA,NA,NA,NA,NA,NA,72,TE,0,NA,NA,NA,NA,NA,NA,NA,NA,NA,NA,NA,NA,Career,NA,NA,Wyoming,NA,12,NA,239,NA,NA,NA,NA,NA,NA,NA
1798,Jonathan Holland,1,17,0.941176471,Career,NA,2,NA,NA,NA,0,0,NA,NA,0,0,NA,NA,NA,NA,0,NA,NA,NA,NA,NA,NA,TE,NA,NA,NA,NA,NA,NA,NA,NA,NA,NA,NA,0,NA,Career,0,0,Penn State,2,NA,NA,240,NA,NA,NA,0,NA,NA,NA
1813,Michael Hoomanawanui,5,87,0.91954023,Career,NA,2,NA,NA,NA,NA,NA,NA,NA,0,0,NA,0,NA,NA,NA,NA,NA,NA,NA,NA,24,TE,NA,NA,NA,NA,NA,NA,NA,NA,NA,NA,NA,0,NA,Career,6,0,Illinois,8,4,NA,NA,NA,NA,NA,0,NA,NA,NA
1814,Austin Hooper,20,59,5.423728814,Career,NA,0,NA,0,0,0,0,NA,NA,0,0,NA,0,NA,NA,0,NA,NA,NA,NA,NA,48,TE,0,NA,NA,NA,NA,NA,NA,NA,NA,NA,NA,0,NA,Career,2,0,Stanford,2,8,NA,248,NA,NA,NA,0,NA,NA,NA
1826,Kevin Houser,8,159,0.805031447,NA,NA,NA,NA,NA,NA,NA,NA,NA,NA,NA,NA,NA,NA,NA,NA,NA,NA,NA,NA,NA,NA,12,TE,NA,NA,NA,NA,NA,NA,NA,NA,NA,NA,NA,NA,NA,Career,NA,NA,Ohio State,NA,2,NA,NA,NA,NA,NA,NA,NA,NA,Career
1828,Rob Housler,9,65,2.215384615,Career,NA,5,NA,NA,NA,NA,NA,NA,NA,0,0,NA,0,NA,NA,NA,NA,NA,NA,NA,NA,54,TE,NA,NA,NA,NA,NA,NA,NA,NA,NA,NA,NA,0,NA,Career,9,0,Florida Atlantic,14,9,NA,NA,NA,NA,NA,0,NA,NA,NA
1835,O.J. Howard,11,38,4.631578947,Career,NA,0,NA,0,0,0,0,NA,NA,0,0,NA,0,NA,NA,0,NA,NA,NA,NA,NA,42,TE,0,NA,NA,NA,NA,NA,NA,NA,NA,NA,NA,0,NA,Career,8,0,Alabama,8,7,NA,250,NA,NA,NA,0,NA,NA,NA
1875,Hayden Hurst,6,28,3.428571429,Career,7,2,2,0,0,1,0,NA,NA,0,0,0,0,NA,3,0,66.7,0,21,7,NA,26,TE,0,125.5,NA,NA,NA,NA,NA,NA,NA,NA,NA,0,NA,Career,5,0,South Carolina,7,4,1,250,NA,NA,NA,0,NA,NA,NA
1953,Jesse James,11,72,2.444444444,Career,NA,0,NA,0,0,0,0,NA,NA,0,0,NA,0,NA,NA,0,NA,NA,NA,NA,NA,66,TE,0,NA,NA,NA,NA,NA,NA,NA,NA,NA,NA,0,NA,Career,1,0,Penn State,1,11,NA,254,NA,NA,NA,0,NA,NA,NA
1970,Blake Jarwin,6,33,2.909090909,Career,NA,1,NA,0,0,0,0,NA,NA,0,0,NA,0,NA,NA,0,NA,NA,NA,NA,NA,30,TE,0,NA,NA,NA,NA,NA,NA,NA,NA,NA,NA,0,NA,Career,0,0,Oklahoma State,1,5,NA,248,NA,NA,NA,0,NA,NA,NA
1994,Brian Jennings,1,208,0.076923077,NA,NA,NA,NA,NA,NA,NA,NA,NA,NA,NA,NA,NA,NA,NA,NA,NA,NA,NA,NA,NA,NA,6,TE,NA,NA,NA,NA,NA,NA,NA,NA,NA,NA,NA,NA,NA,Career,NA,NA,Arizona State,NA,1,NA,NA,NA,NA,NA,NA,NA,NA,Career
2029,David Johnson,3,98,0.489795918,Career,NA,3,NA,NA,NA,NA,NA,NA,NA,0,0,NA,NA,NA,NA,NA,NA,NA,NA,NA,NA,54,TE,NA,NA,NA,NA,NA,NA,NA,NA,NA,NA,NA,0,NA,Career,3,0,Arkansas State,6,9,NA,170,NA,NA,NA,0,NA,NA,NA
2053,Malcolm Johnson,0,19,0,Career,NA,1,NA,0,0,0,0,NA,NA,0,0,NA,0,NA,NA,0,NA,NA,NA,NA,NA,60,TE,0,NA,NA,NA,NA,NA,NA,NA,NA,NA,NA,0,NA,Career,3,0,Mississippi State,4,10,NA,231,NA,NA,NA,0,NA,NA,NA
2095,Dominique Jones,1,22,0.727272727,2010,NA,NA,NA,NA,NA,NA,NA,NA,5,NA,NA,NA,NA,NA,NA,NA,NA,NA,NA,NA,NA,6,TE,NA,NA,NA,NA,NA,NA,NA,NA,NA,NA,NA,NA,NA,2010,NA,NA,Texas,NA,1,NA,NA,NA,NA,NA,NA,NA,NA,NA
2159,Mike Karney,2,101,0.316831683,NA,NA,NA,NA,NA,NA,NA,NA,NA,NA,NA,NA,NA,NA,NA,NA,NA,NA,NA,NA,NA,NA,6,TE,NA,NA,NA,NA,NA,NA,NA,NA,NA,NA,NA,NA,NA,Career,NA,NA,Arizona State,NA,1,NA,NA,NA,NA,NA,NA,NA,NA,Career
2160,Nick Kasa,0,16,0,Career,NA,10,NA,0,0,0,0,0,NA,0,0,NA,0,0,NA,0,NA,NA,NA,NA,NA,18,TE,0,NA,NA,NA,NA,NA,NA,NA,NA,NA,NA,1,0,Career,19,2,Colorado,29,3,0,NA,NA,NA,0,0,NA,NA,NA
2177,Travis Kelce,66,96,11,Career,59,1,1,NA,NA,NA,NA,NA,NA,0,0,0,0,NA,1,NA,100,1,39,39,NA,72,TE,NA,757.6,NA,NA,NA,NA,NA,NA,NA,NA,NA,0,NA,Career,1,0,Cincinnati,2,12,NA,NA,NA,NA,NA,0,NA,NA,NA
2181,Dustin Keller,24,72,5.333333333,Career,NA,0,NA,NA,NA,NA,NA,1,NA,0,0,NA,0,NA,NA,NA,NA,NA,NA,NA,NA,108,TE,NA,NA,NA,NA,NA,NA,NA,NA,NA,NA,NA,0,NA,Career,4,0,Purdue,4,18,NA,NA,NA,NA,0,0,NA,NA,NA
2183,Reggie Kelly,16,184,1.391304348,NA,NA,NA,NA,NA,NA,NA,NA,NA,NA,NA,NA,NA,NA,NA,NA,NA,NA,NA,NA,NA,NA,12,TE,NA,NA,NA,NA,NA,NA,NA,NA,NA,NA,NA,NA,NA,Career,NA,NA,Mississippi State,NA,2,NA,NA,NA,NA,NA,NA,NA,NA,Career
2192,Lance Kendricks,18,137,2.102189781,Career,NA,3,NA,NA,NA,NA,NA,NA,NA,0,0,NA,NA,NA,NA,NA,NA,NA,NA,NA,NA,48,TE,NA,NA,NA,NA,NA,NA,NA,NA,NA,NA,NA,0,NA,Career,3,0,Wisconsin,6,8,NA,NA,NA,NA,NA,0,NA,NA,NA
2227,George Kittle,25,45,8.888888889,Career,NA,1,NA,0,0,0,0,NA,NA,0,0,NA,0,NA,NA,0,NA,NA,NA,NA,NA,60,TE,0,NA,NA,NA,NA,NA,NA,NA,NA,NA,NA,0,NA,Career,0,0,Iowa,1,10,NA,247,NA,NA,NA,0,NA,NA,NA
2233,Joe Klopfenstein,3,49,0.979591837,NA,NA,0,NA,NA,NA,NA,NA,NA,NA,0,0,NA,NA,NA,NA,NA,NA,NA,NA,NA,NA,78,TE,NA,NA,NA,NA,NA,NA,NA,NA,NA,NA,NA,0,NA,Career,1,0,Colorado,1,13,NA,NA,NA,NA,NA,0,NA,NA,Career
2246,Ben Koyack,1,48,0.333333333,Career,NA,1,NA,0,0,0,0,NA,NA,0,0,NA,0,NA,NA,0,NA,NA,NA,NA,NA,30,TE,0,NA,NA,NA,NA,NA,NA,NA,NA,NA,NA,0,NA,Career,1,0,Notre Dame,2,5,NA,261,NA,NA,NA,0,NA,NA,NA
2251,Tyler Kroft,6,62,1.548387097,Career,NA,0,NA,0,0,0,0,NA,NA,0,0,NA,0,NA,NA,0,NA,NA,NA,NA,NA,30,TE,0,NA,NA,NA,NA,NA,NA,NA,NA,NA,NA,0,NA,Career,3,0,Rutgers,3,5,NA,240,NA,NA,NA,0,NA,NA,NA
2328,Donald Lee,19,133,2.285714286,NA,NA,NA,NA,NA,NA,NA,NA,NA,NA,NA,NA,NA,NA,NA,NA,NA,NA,NA,NA,NA,NA,18,TE,NA,NA,NA,NA,NA,NA,NA,NA,NA,NA,NA,NA,NA,Career,NA,NA,Mississippi State,NA,3,NA,NA,NA,NA,NA,NA,NA,NA,Career
2372,Marcedes Lewis,41,202,3.247524752,NA,NA,NA,NA,NA,NA,NA,NA,NA,NA,NA,NA,NA,0,NA,NA,NA,NA,NA,NA,NA,NA,126,TE,NA,NA,NA,NA,NA,NA,NA,NA,NA,NA,NA,NA,NA,Career,NA,NA,UCLA,NA,21,NA,NA,NA,NA,NA,NA,NA,NA,Career
2467,Steve Maneri,1,24,0.666666667,Career,NA,NA,NA,NA,NA,NA,NA,NA,NA,NA,NA,NA,NA,NA,NA,NA,NA,NA,NA,NA,NA,54,TE,NA,NA,NA,NA,NA,NA,NA,NA,NA,NA,NA,NA,NA,Career,NA,NA,Temple,NA,9,NA,NA,NA,NA,NA,NA,NA,NA,NA
2477,Brandon Manumaleuna,9,158,0.911392405,NA,NA,NA,NA,NA,NA,NA,NA,NA,NA,NA,NA,NA,NA,NA,NA,NA,NA,NA,NA,NA,NA,18,TE,NA,NA,NA,NA,NA,NA,NA,NA,NA,NA,NA,NA,NA,Career,NA,NA,Arizona,NA,3,NA,NA,NA,NA,NA,NA,NA,NA,Career
2523,Jeron Mastrud,1,52,0.307692308,Career,NA,0,NA,NA,NA,NA,NA,NA,NA,0,0,NA,0,NA,NA,NA,NA,NA,NA,NA,NA,18,TE,NA,NA,NA,NA,NA,NA,NA,NA,NA,NA,NA,0,NA,Career,1,0,Kansas State,1,3,NA,NA,NA,NA,NA,0,NA,NA,NA
2539,Michael Matthews,0,39,0,NA,NA,0,NA,NA,NA,NA,NA,NA,NA,0,0,NA,NA,NA,NA,NA,NA,NA,NA,NA,NA,NA,TE,NA,NA,NA,NA,NA,NA,NA,NA,NA,NA,NA,0,NA,Career,2,0,Georgia Tech,2,NA,NA,165,NA,NA,NA,0,NA,NA,Career
2591,Anthony McCoy,4,42,1.523809524,Career,NA,0,NA,NA,NA,NA,NA,NA,NA,0,0,NA,NA,NA,NA,NA,NA,NA,NA,NA,NA,18,TE,NA,NA,NA,NA,NA,NA,NA,NA,NA,NA,NA,0,NA,Career,1,0,USC,1,3,NA,NA,NA,NA,NA,0,NA,NA,NA
2623,Vance McDonald,15,87,2.75862069,Career,NA,0,NA,NA,NA,NA,NA,NA,NA,0,0,NA,NA,NA,NA,NA,NA,NA,NA,NA,NA,90,TE,NA,NA,NA,NA,NA,NA,NA,NA,NA,NA,NA,0,NA,Career,2,0,Rice,2,15,NA,NA,NA,NA,NA,0,NA,NA,NA
2667,Randy McMichael,39,164,3.804878049,NA,NA,NA,NA,NA,NA,NA,NA,NA,NA,NA,NA,NA,0,NA,NA,NA,NA,NA,NA,NA,NA,30,TE,NA,NA,NA,NA,NA,NA,NA,NA,NA,NA,NA,NA,NA,Career,NA,NA,Georgia,NA,5,NA,NA,NA,NA,NA,NA,NA,NA,Career
2673,Mike McNeill,0,32,0,Career,NA,2,NA,NA,NA,NA,NA,NA,NA,0,0,NA,0,NA,NA,NA,NA,NA,NA,NA,NA,66,TE,NA,NA,NA,NA,NA,NA,NA,NA,NA,NA,NA,0,NA,Career,0,0,Nebraska,2,11,NA,NA,NA,NA,NA,0,NA,NA,NA
2709,Anthony Miller,9,31,4.64516129,Career,NA,0,NA,NA,NA,0,0,NA,NA,0,0,NA,0,NA,NA,0,NA,NA,NA,NA,NA,30,TE,NA,NA,NA,NA,NA,NA,NA,NA,NA,NA,NA,0,NA,Career,2,0,California,2,5,NA,NA,NA,NA,NA,0,NA,NA,NA
2716,Garrett Mills,1,16,1,NA,NA,3,NA,NA,NA,NA,NA,NA,NA,0,0,NA,0,NA,NA,NA,NA,NA,NA,NA,NA,138,TE,NA,NA,NA,NA,NA,NA,NA,NA,NA,NA,NA,0,NA,Career,1,0,Tulsa,4,23,NA,NA,NA,NA,NA,0,NA,NA,Career
2717,Heath Miller,59,168,5.619047619,NA,40,NA,1,NA,NA,NA,NA,NA,NA,NA,NA,0,0,NA,1,NA,100,1,20,20,NA,120,TE,NA,598,NA,NA,NA,NA,NA,NA,NA,NA,NA,NA,NA,Career,NA,NA,Virginia,NA,20,NA,NA,NA,NA,NA,NA,NA,NA,Career
2746,Tony Moeaki,10,48,3.333333333,Career,NA,1,NA,NA,NA,NA,NA,NA,NA,0,0,NA,NA,NA,NA,NA,NA,NA,NA,NA,NA,66,TE,NA,NA,NA,NA,NA,NA,NA,NA,NA,NA,NA,0,NA,Career,4,0,Iowa,5,11,NA,NA,NA,NA,NA,0,NA,NA,NA
2749,Tony Moll,15,63,3.80952381,NA,NA,0,NA,0,0,0,0,0,NA,0,0,NA,0,0,NA,0,NA,NA,NA,NA,NA,24,TE,0,NA,NA,NA,NA,NA,NA,NA,NA,NA,NA,0,0,Career,1,0,Nevada,1,4,0,NA,NA,NA,0,0,NA,NA,Career
2757,Brandon Moore,60,144,6.666666667,Career,NA,1,NA,NA,NA,0,0,NA,NA,0,0,NA,NA,NA,NA,0,NA,NA,NA,NA,NA,NA,TE,NA,NA,NA,NA,NA,NA,NA,NA,NA,NA,NA,0,NA,Career,1,0,Michigan,2,NA,NA,172,NA,NA,NA,0,NA,NA,NA
2785,David Morgan,1,38,0.421052632,Career,NA,0,NA,0,0,0,0,NA,NA,0,0,NA,0,NA,NA,0,NA,NA,NA,NA,NA,36,TE,0,NA,NA,NA,NA,NA,NA,NA,NA,NA,NA,0,NA,Career,3,0,UTSA,3,6,NA,260,NA,NA,NA,0,NA,NA,NA
2793,Cameron Morrah,2,27,1.185185185,Career,NA,1,NA,NA,NA,NA,NA,NA,NA,0,0,NA,NA,NA,NA,NA,NA,NA,NA,NA,NA,60,TE,NA,NA,NA,NA,NA,NA,NA,NA,NA,NA,NA,0,NA,Career,1,0,California,2,10,NA,NA,NA,NA,NA,0,NA,NA,NA
2838,Brandon Myers,13,115,1.808695652,Career,NA,8,NA,0,0,0,0,0,NA,0,0,NA,0,0,NA,0,NA,NA,NA,NA,NA,54,TE,0,NA,NA,NA,NA,NA,NA,NA,NA,NA,NA,0,0,Career,9,0,Iowa,17,9,0,NA,NA,NA,0,0,NA,NA,NA
2839,Chris Myers,71,153,7.424836601,NA,NA,NA,NA,NA,NA,NA,NA,NA,NA,NA,NA,NA,NA,NA,NA,NA,NA,NA,NA,NA,NA,6,TE,NA,NA,NA,NA,NA,NA,NA,NA,NA,NA,NA,NA,NA,Career,NA,NA,Georgia Tech,NA,1,NA,NA,NA,NA,NA,NA,NA,NA,Career
2863,Kyle Nelson,6,103,0.932038835,Career,NA,4,NA,NA,NA,NA,NA,NA,NA,0,0,NA,NA,NA,NA,NA,NA,NA,NA,NA,NA,12,TE,NA,NA,NA,NA,NA,NA,NA,NA,NA,NA,NA,0,NA,Career,14,0,New Mexico State,18,2,NA,NA,NA,NA,NA,0,NA,NA,NA
2889,Troy Niklas,1,41,0.390243902,Career,NA,12,NA,0,0,0,1,NA,NA,0,0,NA,0,NA,NA,0,NA,NA,NA,NA,NA,36,TE,0,NA,NA,NA,NA,NA,NA,NA,NA,NA,NA,0,0,Career,9,0,Notre Dame,21,6,0,270,NA,NA,NA,0,NA,NA,NA
2892,David Njoku,7,36,3.111111111,Career,NA,1,NA,0,0,0,0,NA,NA,0,0,NA,0,NA,NA,0,NA,NA,NA,NA,NA,54,TE,0,NA,NA,NA,NA,NA,NA,NA,NA,NA,NA,0,NA,Career,1,0,Miami (FL),2,9,NA,245,NA,NA,NA,0,NA,NA,NA
2913,Jake O'Connell,0,35,0,Career,NA,2,NA,NA,NA,NA,NA,NA,NA,0,0,NA,NA,NA,NA,NA,NA,NA,NA,NA,NA,24,TE,NA,NA,NA,NA,NA,NA,NA,NA,NA,NA,NA,0,NA,Career,5,0,Miami (OH),7,4,NA,NA,NA,NA,NA,0,NA,NA,NA
2917,Nick O'Leary,6,59,1.627118644,Career,NA,0,NA,0,0,0,0,1,NA,0,0,NA,0,0,NA,0,NA,NA,NA,NA,NA,114,TE,0,NA,NA,NA,NA,NA,NA,NA,NA,NA,NA,0,NA,Career,3,0,Florida State,3,19,NA,247,NA,NA,NA,0,NA,NA,NA
2946,Jamize Olawale,5,109,0.733944954,Career,NA,0,NA,NA,NA,0,0,NA,NA,0,0,NA,NA,NA,NA,0,NA,NA,NA,NA,NA,NA,TE,NA,NA,NA,NA,NA,NA,NA,NA,NA,NA,NA,0,NA,Career,2,0,North Texas,2,NA,NA,NA,NA,NA,NA,0,NA,NA,NA
2951,Greg Olsen,74,188,6.29787234,NA,NA,2,NA,NA,NA,NA,NA,NA,NA,0,0,NA,NA,NA,NA,NA,NA,NA,NA,NA,NA,36,TE,0,NA,NA,NA,NA,NA,NA,NA,NA,NA,NA,0,NA,Career,2,0,Miami (FL),4,6,NA,NA,NA,NA,NA,0,NA,NA,Career
2969,John Owens,0,76,0,NA,NA,NA,NA,NA,NA,NA,NA,NA,NA,NA,NA,NA,NA,NA,NA,NA,NA,NA,NA,NA,NA,6,TE,NA,NA,NA,NA,NA,NA,NA,NA,NA,NA,NA,NA,NA,Career,NA,NA,Notre Dame,NA,1,NA,NA,NA,NA,NA,NA,NA,NA,Career
2983,Michael Palmer,1,74,0.216216216,Career,NA,1,NA,NA,NA,NA,NA,NA,NA,0,0,NA,0,NA,NA,NA,NA,NA,NA,NA,NA,48,TE,NA,NA,NA,NA,NA,NA,NA,NA,NA,NA,NA,0,NA,Career,1,0,Clemson,2,8,NA,NA,NA,NA,NA,0,NA,NA,NA
2998,Bear Pascoe,3,85,0.564705882,Career,NA,3,NA,NA,NA,NA,NA,NA,NA,0,0,NA,0,NA,NA,NA,NA,NA,NA,NA,NA,60,TE,NA,NA,NA,NA,NA,NA,NA,NA,NA,NA,NA,0,NA,Career,4,0,Fresno State,7,10,NA,NA,NA,NA,NA,0,NA,NA,NA
3003,Ben Patrick,4,42,1.523809524,NA,NA,0,NA,NA,NA,NA,NA,NA,NA,0,0,NA,NA,NA,NA,NA,NA,NA,NA,NA,NA,12,TE,NA,NA,NA,NA,NA,NA,NA,NA,NA,NA,NA,0,NA,Career,1,0,Duke,1,2,NA,NA,NA,NA,NA,0,NA,NA,Career
3012,David Paulson,1,32,0.5,Career,NA,2,NA,NA,NA,NA,NA,NA,NA,0,0,NA,NA,NA,NA,NA,NA,NA,NA,NA,NA,60,TE,NA,NA,NA,NA,NA,NA,NA,NA,NA,NA,NA,0,NA,Career,1,0,Oregon,3,10,NA,NA,NA,NA,NA,0,NA,NA,NA
3013,Logan Paulsen,8,120,1.066666667,Career,NA,0,NA,NA,NA,NA,NA,NA,NA,0,0,NA,0,NA,NA,NA,NA,NA,NA,NA,NA,6,TE,NA,NA,NA,NA,NA,NA,NA,NA,NA,NA,NA,0,NA,Career,1,0,UCLA,1,1,NA,NA,NA,NA,NA,0,NA,NA,NA
3029,Justin Peelle,9,151,0.953642384,NA,NA,NA,NA,NA,NA,NA,NA,NA,NA,NA,NA,NA,NA,NA,NA,NA,NA,NA,NA,NA,NA,84,TE,NA,NA,NA,NA,NA,NA,NA,NA,NA,NA,NA,NA,NA,Career,NA,NA,Oregon,NA,14,NA,NA,NA,NA,NA,NA,NA,NA,Career
3042,Joshua Perkins,2,22,1.454545455,Career,NA,0,NA,0,0,0,0,0,NA,0,0,NA,0,NA,NA,0,NA,NA,NA,NA,NA,54,TE,0,NA,NA,NA,NA,NA,NA,NA,NA,NA,NA,0,0,Career,4,0,Washington,4,9,0,226,NA,NA,0,0,NA,NA,NA
3064,Brandon Pettigrew,24,93,4.129032258,Career,NA,3,NA,NA,NA,NA,NA,NA,NA,0,0,NA,NA,NA,NA,NA,NA,NA,NA,NA,NA,54,TE,NA,NA,NA,NA,NA,NA,NA,NA,NA,NA,NA,0,NA,Career,7,0,Oklahoma State,10,9,NA,NA,NA,NA,NA,0,NA,NA,NA
3091,Dennis Pitta,17,66,4.121212121,Career,NA,1,NA,NA,NA,NA,NA,NA,NA,0,0,NA,0,NA,NA,NA,NA,NA,NA,NA,NA,126,TE,0,NA,NA,NA,NA,NA,NA,NA,NA,NA,NA,0,NA,Career,3,0,Brigham Young,4,21,NA,NA,NA,NA,NA,0,NA,NA,NA
3112,Leonard Pope,7,103,1.087378641,NA,NA,1,NA,NA,NA,NA,NA,NA,NA,0,0,NA,NA,NA,NA,NA,NA,NA,NA,NA,NA,60,TE,NA,NA,NA,NA,NA,NA,NA,NA,NA,NA,NA,0,NA,Career,1,0,Georgia,2,10,NA,NA,NA,NA,NA,0,NA,NA,Career
3154,Andrew Quarless,9,60,2.4,Career,NA,0,NA,NA,NA,NA,NA,NA,NA,0,0,NA,0,NA,NA,NA,NA,NA,NA,NA,NA,48,TE,NA,NA,NA,NA,NA,NA,NA,NA,NA,NA,NA,0,NA,Career,4,0,Penn State,4,8,NA,NA,NA,NA,NA,0,NA,NA,NA
3159,Richard Quinn,0,30,0,Career,NA,1,NA,0,0,0,0,0,NA,0,0,NA,0,0,NA,0,NA,NA,NA,NA,NA,12,TE,0,NA,NA,NA,NA,NA,NA,NA,NA,NA,NA,0,0,Career,1,0,North Carolina,2,2,0,NA,NA,NA,0,0,NA,NA,NA
3202,Jordan Reed,26,65,6.4,Career,5.7,0,26,NA,NA,NA,NA,NA,NA,0,0,1,0,NA,47,NA,55.3,3,252,5.4,NA,66,TE,NA,117.2,NA,NA,NA,NA,NA,NA,NA,NA,NA,0,NA,Career,2,0,Florida,2,11,NA,235,NA,NA,NA,0,NA,NA,NA
3212,Allen Reisner,0,17,0,Career,NA,2,NA,NA,NA,NA,NA,NA,NA,0,0,NA,NA,NA,NA,NA,NA,NA,NA,NA,NA,24,TE,NA,NA,NA,NA,NA,NA,NA,NA,NA,NA,NA,0,NA,Career,1,0,Iowa,3,4,NA,NA,NA,NA,NA,0,NA,NA,NA
3215,Konrad Reuland,1,30,0.533333333,Career,NA,NA,NA,NA,NA,NA,NA,NA,NA,NA,NA,NA,NA,NA,NA,NA,NA,NA,NA,NA,NA,6,TE,NA,NA,NA,NA,NA,NA,NA,NA,NA,NA,NA,NA,NA,Career,NA,NA,Stanford,NA,1,NA,NA,NA,NA,NA,NA,NA,NA,NA
3256,Mychal Rivera,10,61,2.62295082,Career,NA,NA,NA,NA,NA,NA,NA,NA,NA,NA,NA,NA,0,NA,NA,NA,NA,NA,NA,NA,NA,36,TE,NA,NA,NA,NA,NA,NA,NA,NA,NA,NA,NA,NA,NA,Career,NA,NA,Tennessee,NA,6,NA,NA,NA,NA,NA,NA,NA,NA,NA
3306,Evan Rodriguez,0,20,0,Career,NA,0,NA,NA,NA,0,0,NA,NA,0,0,NA,NA,NA,NA,0,NA,NA,NA,NA,NA,42,TE,NA,NA,NA,NA,NA,NA,NA,NA,NA,NA,NA,0,NA,Career,1,0,Temple,1,7,NA,NA,NA,NA,NA,0,NA,NA,NA
3323,Dante Rosario,10,122,1.31147541,NA,NA,8,NA,NA,NA,NA,NA,NA,NA,0,0,NA,0,NA,NA,NA,NA,NA,NA,NA,NA,78,TE,NA,NA,NA,NA,NA,NA,NA,NA,NA,NA,NA,0,NA,Career,9,0,Oregon,17,13,NA,NA,NA,NA,NA,0,NA,NA,Career
3339,Robert Royal,9,110,1.309090909,NA,NA,NA,NA,NA,NA,NA,NA,NA,NA,NA,NA,NA,0,NA,NA,NA,NA,NA,NA,NA,NA,42,TE,NA,NA,NA,NA,NA,NA,NA,NA,NA,NA,NA,NA,NA,Career,NA,NA,LSU,NA,7,NA,NA,NA,NA,NA,NA,NA,NA,Career
3344,Kyle Rudolph,38,128,4.75,Career,NA,0,NA,NA,NA,NA,NA,NA,NA,0,0,NA,NA,NA,NA,NA,NA,NA,NA,NA,NA,48,TE,NA,NA,NA,NA,NA,NA,NA,NA,NA,NA,NA,1,NA,Career,2,1,Notre Dame,2,8,NA,NA,NA,NA,NA,0,NA,NA,NA
3362,Sean Ryan,1,53,0.301886792,NA,NA,NA,NA,NA,NA,NA,NA,NA,NA,NA,NA,NA,0,NA,NA,NA,NA,NA,NA,NA,NA,72,TE,NA,NA,NA,NA,NA,NA,NA,NA,NA,NA,NA,NA,NA,Career,NA,NA,Boston College,NA,12,NA,NA,NA,NA,NA,NA,NA,NA,Career
3372,Jaylen Samuels,6,28,3.428571429,Career,34.7,4,2,0,0,1,1,NA,NA,0,0,0,0,NA,3,0,66.7,1,84,28,NA,282,TE,0,411.9,NA,NA,NA,NA,NA,NA,NA,NA,NA,0,NA,Career,4,0,North Carolina State,8,47,NA,228,NA,NA,NA,0,NA,NA,NA
3395,Weslye Saunders,0,34,0,Career,NA,1,NA,NA,NA,NA,NA,NA,NA,0,0,NA,NA,NA,NA,NA,NA,NA,NA,NA,NA,36,TE,NA,NA,NA,NA,NA,NA,NA,NA,NA,NA,NA,0,NA,Career,0,0,South Carolina,1,6,NA,NA,NA,NA,NA,0,NA,NA,NA
3397,Bo Scaife,22,90,3.911111111,NA,NA,NA,NA,NA,NA,NA,NA,NA,NA,NA,NA,NA,NA,NA,NA,NA,NA,NA,NA,NA,NA,42,TE,NA,NA,NA,NA,NA,NA,NA,NA,NA,NA,NA,NA,NA,Career,NA,NA,Texas,NA,7,NA,NA,NA,NA,NA,NA,NA,NA,Career
3398,Patrick Scales,3,55,0.872727273,Career,NA,1,NA,NA,NA,0,0,0,NA,NA,NA,NA,NA,NA,NA,0,NA,NA,NA,NA,NA,NA,TE,NA,NA,NA,NA,NA,NA,NA,NA,NA,NA,NA,0,NA,Career,4,0,Utah State,5,NA,NA,NA,NA,NA,0,NA,NA,NA,NA
3404,Tony Scheffler,28,107,4.186915888,NA,NA,1,NA,NA,NA,NA,NA,NA,NA,0,0,NA,0,NA,NA,NA,NA,NA,NA,NA,NA,78,TE,NA,NA,NA,NA,NA,NA,NA,NA,NA,NA,NA,0,NA,Career,0,0,Western Michigan,1,13,NA,NA,NA,NA,NA,0,NA,NA,Career
3411,Derek Schouman,2,25,1.28,NA,NA,0,NA,NA,NA,NA,NA,NA,NA,0,0,NA,NA,NA,NA,NA,NA,NA,NA,NA,NA,66,TE,NA,NA,NA,NA,NA,NA,NA,NA,NA,NA,NA,0,NA,Career,2,0,Boise State,2,11,NA,NA,NA,NA,NA,0,NA,NA,Career
3413,Matt Schobel,12,99,1.939393939,NA,6,NA,2,NA,NA,NA,NA,NA,NA,NA,NA,0,NA,NA,2,NA,100,0,12,6,NA,36,TE,NA,150.4,NA,NA,NA,NA,NA,NA,NA,NA,NA,NA,NA,Career,NA,NA,Texas Christian,NA,6,NA,NA,NA,NA,NA,NA,NA,NA,Career
3417,Dalton Schultz,1,27,0.592592593,Career,NA,NA,NA,0,0,NA,NA,NA,NA,NA,NA,NA,0,NA,NA,NA,NA,NA,NA,NA,NA,30,TE,0,NA,NA,NA,NA,NA,NA,NA,NA,NA,NA,NA,NA,Career,NA,NA,Stanford,NA,5,NA,242,NA,NA,NA,NA,NA,NA,NA
3442,Austin Seferian-Jenkins,10,43,3.720930233,Career,NA,0,NA,0,0,0,0,NA,NA,0,0,NA,0,NA,NA,0,NA,NA,NA,NA,NA,126,TE,0,NA,NA,NA,NA,NA,NA,NA,NA,NA,NA,0,NA,Career,2,0,Washington,2,21,NA,276,NA,NA,NA,0,NA,NA,NA
3493,Jeremy Shockey,59,136,6.941176471,NA,NA,NA,NA,NA,NA,NA,NA,NA,NA,NA,NA,NA,NA,NA,NA,NA,NA,NA,NA,NA,NA,60,TE,NA,NA,NA,NA,NA,NA,NA,NA,NA,NA,NA,NA,NA,Career,NA,NA,Miami (FL),NA,10,NA,NA,NA,NA,NA,NA,NA,NA,Career
3516,Dion Sims,7,78,1.435897436,Career,NA,1,NA,NA,NA,0,0,NA,NA,0,0,NA,0,NA,NA,0,NA,NA,NA,NA,NA,48,TE,NA,NA,NA,NA,NA,NA,NA,NA,NA,NA,NA,0,NA,Career,2,0,Michigan State,3,8,NA,NA,NA,NA,NA,0,NA,NA,NA
3563,Jonnu Smith,7,45,2.488888889,Career,NA,0,NA,0,0,0,0,NA,NA,0,0,NA,0,NA,NA,0,NA,NA,NA,NA,NA,108,TE,0,NA,NA,NA,NA,NA,NA,NA,NA,NA,NA,0,NA,Career,4,0,Florida International,4,18,NA,248,NA,NA,NA,0,NA,NA,NA
3569,Kolby Smith,4,27,2.37037037,Career,NA,NA,NA,NA,NA,NA,NA,NA,NA,NA,NA,NA,NA,NA,NA,NA,NA,NA,NA,NA,NA,6,TE,NA,NA,NA,NA,NA,NA,NA,NA,NA,NA,NA,NA,NA,Career,NA,NA,Oklahoma,NA,1,NA,NA,NA,NA,NA,NA,NA,NA,NA
3570,L.J. Smith,23,98,3.755102041,NA,NA,NA,NA,NA,NA,NA,NA,NA,NA,NA,NA,NA,NA,NA,NA,NA,NA,NA,NA,NA,NA,60,TE,NA,NA,NA,NA,NA,NA,NA,NA,NA,NA,NA,NA,NA,Career,NA,NA,Rutgers,NA,10,NA,NA,NA,NA,NA,NA,NA,NA,Career
3571,Lee Smith,4,123,0.520325203,Career,NA,2,NA,NA,NA,NA,NA,NA,NA,0,0,NA,0,NA,NA,NA,NA,NA,NA,NA,NA,18,TE,NA,NA,NA,NA,NA,NA,NA,NA,NA,NA,NA,0,NA,Career,2,0,Marshall,4,3,NA,NA,NA,NA,NA,0,NA,NA,NA
3601,Durham Smythe,0,31,0,Career,NA,0,NA,0,0,0,0,NA,NA,0,0,NA,0,NA,NA,0,NA,NA,NA,NA,NA,36,TE,0,NA,NA,NA,NA,NA,NA,NA,NA,NA,NA,0,NA,Career,4,0,Notre Dame,4,6,NA,257,NA,NA,NA,0,NA,NA,NA
3618,Matt Spaeth,2,123,0.260162602,NA,NA,0,NA,NA,NA,NA,NA,NA,NA,0,0,NA,0,NA,NA,NA,NA,NA,NA,NA,NA,72,TE,NA,NA,NA,NA,NA,NA,NA,NA,NA,NA,NA,0,NA,Career,1,0,Minnesota,1,12,NA,NA,NA,NA,NA,0,NA,NA,Career
3626,Chris Spencer,44,137,5.138686131,NA,NA,NA,NA,NA,NA,NA,NA,NA,NA,NA,NA,NA,0,NA,NA,NA,NA,NA,NA,NA,NA,36,TE,NA,NA,NA,NA,NA,NA,NA,NA,NA,NA,NA,NA,NA,Career,NA,NA,Louisiana-Monroe,NA,6,NA,NA,NA,NA,NA,NA,NA,NA,Career
3631,Kory Sperry,1,40,0.4,Career,0,0,0,NA,NA,NA,NA,NA,NA,0,0,0,NA,NA,1,NA,0,0,0,0,NA,126,TE,NA,0,NA,NA,NA,NA,NA,NA,NA,NA,NA,0,NA,Career,2,0,Colorado State,2,21,NA,NA,NA,NA,NA,0,NA,NA,NA
3641,Jeremy Sprinkle,2,43,0.744186047,Career,NA,5,NA,0,0,1,1,NA,NA,0,0,NA,0,NA,NA,0,NA,NA,NA,NA,NA,66,TE,0,NA,NA,NA,NA,NA,NA,NA,NA,NA,NA,0,NA,Career,11,0,Arkansas,16,11,NA,256,NA,NA,NA,0,NA,NA,NA
3675,Craig Stevens,5,109,0.733944954,Career,NA,0,NA,NA,NA,NA,NA,NA,NA,0,0,NA,NA,NA,NA,NA,NA,NA,NA,NA,NA,42,TE,NA,NA,NA,NA,NA,NA,NA,NA,NA,NA,NA,0,NA,Career,4,0,California,4,7,NA,NA,NA,NA,NA,0,NA,NA,NA
3676,Jerramy Stevens,20,121,2.644628099,NA,NA,NA,NA,NA,NA,NA,NA,NA,NA,NA,NA,NA,NA,NA,NA,NA,NA,NA,NA,NA,NA,48,TE,NA,NA,NA,NA,NA,NA,NA,NA,NA,NA,NA,NA,NA,Career,NA,NA,Washington,NA,8,NA,NA,NA,NA,NA,NA,NA,NA,Career
3683,Tony Stewart,4,115,0.556521739,NA,NA,NA,NA,NA,NA,NA,NA,NA,NA,NA,NA,NA,0,NA,NA,NA,NA,NA,NA,NA,NA,18,TE,NA,NA,NA,NA,NA,NA,NA,NA,NA,NA,NA,NA,NA,Career,NA,NA,Penn State,NA,3,NA,NA,NA,NA,NA,NA,NA,NA,Career
3690,Luke Stocker,4,114,0.561403509,Career,NA,5,NA,NA,NA,NA,NA,NA,NA,0,0,NA,0,NA,NA,NA,NA,NA,NA,NA,NA,48,TE,NA,NA,NA,NA,NA,NA,NA,NA,NA,NA,NA,0,NA,Career,2,0,Tennessee,7,8,NA,NA,NA,NA,NA,0,NA,NA,NA
3693,Jake Stoneburner,0,20,0,Career,NA,1,NA,NA,NA,NA,NA,NA,NA,0,0,NA,NA,NA,NA,NA,NA,NA,NA,NA,NA,78,TE,NA,NA,NA,NA,NA,NA,NA,NA,NA,NA,NA,0,NA,Career,0,0,Ohio State,1,13,NA,NA,NA,NA,NA,0,NA,NA,NA
3707,Jonathan Stupar,1,30,0.533333333,Career,NA,3,NA,NA,NA,NA,NA,NA,NA,0,0,NA,NA,NA,NA,NA,NA,NA,NA,NA,NA,18,TE,NA,NA,NA,NA,NA,NA,NA,NA,NA,NA,NA,0,NA,Career,6,0,Virginia,9,3,NA,NA,NA,NA,NA,0,NA,NA,NA
3712,Zach Sudfeld,1,30,0.533333333,Career,NA,1,NA,NA,NA,0,0,1,NA,0,0,NA,0,NA,NA,0,NA,NA,NA,NA,NA,60,TE,NA,NA,NA,NA,NA,NA,NA,NA,NA,NA,NA,0,NA,Career,0,0,Nevada,1,10,NA,NA,NA,NA,0,0,NA,NA,NA
3726,Geoff Swaim,3,43,1.11627907,Career,NA,0,NA,0,0,0,0,NA,NA,0,0,NA,0,NA,NA,0,NA,NA,NA,NA,NA,6,TE,0,NA,NA,NA,NA,NA,NA,NA,NA,NA,NA,0,NA,Career,2,0,Texas,2,1,NA,250,NA,NA,NA,0,NA,NA,NA
3741,Jacob Tamme,22,130,2.707692308,Career,-45,0,0,NA,NA,NA,NA,NA,NA,0,0,1,NA,NA,1,NA,0,0,0,0,NA,66,TE,0,-200,NA,NA,NA,NA,NA,NA,NA,NA,NA,0,NA,Career,1,0,Kentucky,1,11,NA,NA,NA,NA,NA,0,NA,NA,NA
3770,Ryan Taylor,0,59,0,Career,NA,12,NA,0,0,0,0,0,NA,0,0,NA,0,0,NA,0,NA,NA,NA,NA,NA,12,TE,0,NA,NA,NA,NA,NA,NA,NA,NA,NA,NA,0,0,Career,25,0,North Carolina,37,2,0,NA,NA,NA,0,0,NA,NA,NA
3778,Randall Telfer,0,30,0,Career,NA,0,NA,0,0,0,0,NA,NA,0,0,NA,0,NA,NA,0,NA,NA,NA,NA,NA,72,TE,0,NA,NA,NA,NA,NA,NA,NA,NA,NA,NA,0,NA,Career,3,0,USC,3,12,NA,260,NA,NA,NA,0,NA,NA,NA
3798,David Thomas,10,80,2,NA,NA,2,NA,NA,NA,NA,NA,NA,NA,0,0,NA,0,NA,NA,NA,NA,NA,NA,NA,NA,90,TE,NA,NA,NA,NA,NA,NA,NA,NA,NA,NA,NA,0,NA,Career,0,0,Texas,2,15,NA,NA,NA,NA,NA,0,NA,NA,Career
3814,Joey Thomas,3,31,1.548387097,Career,NA,1,NA,NA,NA,NA,NA,NA,NA,0,0,NA,0,NA,NA,NA,NA,NA,NA,NA,NA,24,TE,NA,NA,NA,NA,NA,NA,NA,NA,NA,NA,NA,0,NA,Career,0,0,Texas A&M,1,4,NA,NA,NA,NA,NA,0,NA,NA,NA
3854,Levine Toilolo,8,108,1.185185185,Career,NA,0,NA,NA,NA,0,0,NA,NA,0,0,NA,NA,NA,NA,0,NA,NA,NA,NA,NA,60,TE,NA,NA,NA,NA,NA,NA,NA,NA,NA,NA,NA,0,NA,Career,2,0,Stanford,2,10,NA,NA,NA,NA,NA,0,NA,NA,NA
3860,Eric Tomlinson,2,44,0.727272727,Career,NA,0,NA,0,0,0,0,NA,NA,0,0,NA,0,NA,NA,0,NA,NA,NA,NA,NA,24,TE,0,NA,NA,NA,NA,NA,NA,NA,NA,NA,NA,0,NA,Career,6,0,UTEP,6,4,NA,265,NA,NA,NA,0,NA,NA,NA
3885,Ben Troupe,8,57,2.245614035,NA,NA,NA,NA,NA,NA,NA,NA,NA,NA,NA,NA,NA,NA,NA,NA,NA,NA,NA,NA,NA,NA,42,TE,NA,NA,NA,NA,NA,NA,NA,NA,NA,NA,NA,NA,NA,Career,NA,NA,Florida,NA,7,NA,NA,NA,NA,NA,NA,NA,NA,Career
3902,Jerame Tuman,6,123,0.780487805,NA,NA,NA,NA,NA,NA,NA,NA,NA,NA,NA,NA,NA,NA,NA,NA,NA,NA,NA,NA,NA,NA,72,TE,NA,NA,NA,NA,NA,NA,NA,NA,NA,NA,NA,NA,NA,Career,NA,NA,Michigan,NA,12,NA,NA,NA,NA,NA,NA,NA,NA,Career
3929,Ben Utecht,11,51,3.450980392,NA,NA,NA,NA,NA,NA,NA,NA,NA,NA,NA,NA,NA,NA,NA,NA,NA,NA,NA,NA,NA,NA,90,TE,NA,NA,NA,NA,NA,NA,NA,NA,NA,NA,NA,NA,NA,Career,NA,NA,Minnesota,NA,15,NA,NA,NA,NA,NA,NA,NA,NA,Career
3930,C.J. Uzomah,9,61,2.360655738,Career,-5.5,NA,2,0,0,NA,NA,NA,NA,NA,NA,1,0,NA,4,NA,50,1,3,0.8,NA,42,TE,0,88.8,NA,NA,NA,NA,NA,NA,NA,NA,NA,NA,NA,Career,NA,NA,Auburn,NA,7,NA,264,NA,NA,NA,NA,NA,NA,NA
3944,Nick Vannett,5,55,1.454545455,Career,NA,0,NA,0,0,0,0,NA,NA,0,0,NA,0,NA,NA,0,NA,NA,NA,NA,NA,36,TE,0,NA,NA,NA,NA,NA,NA,NA,NA,NA,NA,0,NA,Career,1,0,Ohio State,1,6,NA,260,NA,NA,NA,0,NA,NA,NA
3988,Clive Walford,7,52,2.153846154,Career,NA,0,NA,0,0,0,0,NA,NA,0,0,NA,0,NA,NA,0,NA,NA,NA,NA,NA,84,TE,0,NA,NA,NA,NA,NA,NA,NA,NA,NA,NA,0,NA,Career,3,0,Miami (FL),3,14,NA,263,NA,NA,NA,0,NA,NA,NA
4049,Brian Waters,106,186,9.11827957,NA,NA,NA,NA,NA,NA,NA,NA,NA,NA,NA,NA,NA,0,NA,NA,NA,NA,NA,NA,NA,NA,60,TE,NA,NA,NA,NA,NA,NA,NA,NA,NA,NA,NA,NA,NA,Career,NA,NA,North Texas,NA,10,NA,NA,NA,NA,NA,NA,NA,NA,Career
4166,D.J. Williams,1,35,0.457142857,Career,NA,0,NA,NA,NA,NA,NA,NA,NA,0,0,NA,NA,NA,NA,NA,NA,NA,NA,NA,NA,60,TE,NA,NA,NA,NA,NA,NA,NA,NA,NA,NA,NA,0,NA,Career,3,0,Arkansas,3,10,NA,NA,NA,NA,NA,0,NA,NA,NA
4196,Luke Willson,13,94,2.212765957,Career,NA,2,NA,NA,NA,NA,NA,NA,NA,0,0,NA,NA,NA,NA,NA,NA,NA,NA,NA,NA,54,TE,NA,NA,NA,NA,NA,NA,NA,NA,NA,NA,NA,0,NA,Career,7,0,Rice,9,9,NA,NA,NA,NA,NA,0,NA,NA,NA
4199,Maxx Williams,6,58,1.655172414,Career,NA,2,NA,0,0,0,0,NA,NA,0,0,NA,0,NA,NA,0,NA,NA,NA,NA,NA,78,TE,0,NA,NA,NA,NA,NA,NA,NA,NA,NA,NA,0,NA,Career,1,0,Minnesota,3,13,NA,250,NA,NA,NA,0,NA,NA,NA
4243,Kris Wilson,3,97,0.494845361,NA,NA,NA,NA,NA,NA,NA,NA,NA,NA,NA,NA,NA,0,NA,NA,NA,NA,NA,NA,NA,NA,90,TE,NA,NA,NA,NA,NA,NA,NA,NA,NA,NA,NA,NA,NA,Career,NA,NA,Pitt,NA,15,NA,NA,NA,NA,NA,NA,NA,NA,Career
4255,Mike Windt,10,132,1.212121212,Career,NA,1,NA,NA,NA,0,0,0,NA,NA,NA,NA,NA,NA,NA,0,NA,NA,NA,NA,NA,NA,TE,NA,NA,NA,NA,NA,NA,NA,NA,NA,NA,NA,0,NA,Career,1,0,Cincinnati,2,NA,NA,NA,NA,NA,0,NA,NA,NA,NA
4262,Kellen Winslow,43,105,6.552380952,NA,NA,NA,NA,NA,NA,NA,NA,NA,NA,NA,NA,NA,NA,NA,NA,NA,NA,NA,NA,NA,NA,54,TE,0,NA,NA,NA,NA,NA,NA,NA,NA,NA,NA,NA,NA,Career,NA,NA,Miami (FL),NA,9,NA,NA,NA,NA,NA,NA,NA,NA,Career
4270,Jason Witten,118,255,7.403921569,NA,NA,NA,NA,NA,NA,NA,NA,NA,NA,NA,NA,NA,0,NA,NA,NA,NA,NA,NA,NA,NA,42,TE,NA,NA,NA,NA,NA,NA,NA,NA,NA,NA,NA,NA,NA,Career,NA,NA,Tennessee,NA,7,NA,NA,NA,NA,NA,NA,NA,NA,Career
4298,George Wrighster,9,67,2.149253731,NA,NA,NA,NA,NA,NA,NA,NA,NA,NA,NA,NA,NA,NA,NA,NA,NA,NA,NA,NA,NA,NA,48,TE,NA,NA,NA,NA,NA,NA,NA,NA,NA,NA,NA,NA,NA,Career,NA,NA,Oregon,NA,8,NA,NA,NA,NA,NA,NA,NA,NA,Career