1,Jared Abbrederis,1,21,0.761904762,Career,27,1,1,0,0,0,0,NA,NA,0,0,0,0,NA,1,0,100,0,27,27,NA,156,WR,1,326.8,NA,NA,NA,NA,NA,NA,NA,NA,NA,0,NA,Career,1,0,Wisconsin,2,26,NA,190,NA,NA,NA,0,NA,NA,NA
14,Davante Adams,46,86,8.558139535,Career,NA,0,NA,0,0,0,1,NA,NA,0,0,NA,0,NA,NA,0,NA,NA,NA,NA,NA,228,WR,0,NA,NA,NA,NA,NA,NA,NA,NA,NA,NA,0,NA,Career,1,0,Fresno State,1,38,NA,212,NA,NA,NA,0,NA,NA,NA
36,Nelson Agholor,22,71,4.957746479,Career,NA,2,NA,0,0,0,0,NA,NA,0,0,NA,0,NA,NA,1,NA,NA,NA,NA,NA,144,WR,4,NA,NA,NA,NA,NA,NA,NA,NA,NA,NA,0,NA,Career,4,0,USC,6,24,NA,190,NA,NA,NA,0,NA,NA,NA
41,Kamar Aiken,12,71,2.704225352,Career,NA,0,NA,NA,NA,NA,NA,NA,NA,0,0,NA,NA,NA,NA,NA,NA,NA,NA,NA,NA,102,WR,NA,NA,NA,NA,NA,NA,NA,NA,NA,NA,NA,0,NA,Career,8,0,UCF,8,17,NA,NA,NA,NA,NA,0,NA,NA,NA
42,Sam Aiken,7,95,1.178947368,NA,NA,NA,NA,NA,NA,NA,NA,NA,NA,NA,NA,NA,0,NA,NA,NA,NA,NA,NA,NA,NA,90,WR,0,NA,NA,NA,NA,NA,NA,NA,NA,NA,NA,NA,NA,Career,NA,NA,North Carolina,NA,15,NA,NA,NA,NA,NA,NA,NA,NA,Career
45,Seyi Ajirotutu,4,70,0.914285714,Career,NA,1,NA,NA,NA,NA,NA,1,NA,0,0,NA,NA,NA,NA,NA,NA,NA,NA,NA,NA,84,WR,NA,NA,NA,NA,NA,NA,NA,NA,NA,NA,NA,0,NA,Career,7,0,Fresno State,8,14,NA,NA,NA,NA,0,0,NA,NA,NA
52,Danario Alexander,9,28,5.142857143,Career,20,0,1,NA,NA,NA,NA,NA,NA,0,0,0,NA,NA,3,NA,33.3,1,40,13.3,NA,132,WR,NA,255.3,NA,NA,NA,NA,NA,NA,NA,NA,NA,0,NA,Career,2,0,Missouri,2,22,NA,NA,NA,NA,NA,0,NA,NA,NA
81,Keenan Allen,56,86,10.41860465,Career,24,0,3,NA,NA,0,0,NA,NA,0,0,0,0,NA,3,0,100,1,52,17.3,NA,120,WR,1,355.6,NA,NA,NA,NA,NA,NA,NA,NA,NA,0,NA,Career,7,0,California,7,20,NA,NA,NA,NA,NA,0,NA,NA,NA
87,Aundrae Allison,3,26,1.846153846,NA,23.8,0,2,NA,NA,NA,NA,NA,NA,0,0,0,NA,NA,4,NA,50,1,75,18.8,NA,66,WR,0,290,NA,NA,NA,NA,NA,NA,NA,NA,NA,0,NA,Career,2,0,East Carolina,2,11,NA,NA,NA,NA,NA,0,NA,NA,Career
88,Geronimo Allison,9,46,3.130434783,Career,-45,NA,0,0,0,NA,NA,NA,NA,NA,NA,1,0,NA,1,NA,0,0,0,0,NA,48,WR,0,-200,NA,NA,NA,NA,NA,NA,NA,NA,NA,NA,NA,Career,NA,NA,Illinois,NA,8,NA,200,NA,NA,NA,NA,NA,NA,NA
97,Danny Amendola,47,141,5.333333333,Career,NA,0,NA,NA,NA,NA,NA,NA,NA,0,0,NA,0,NA,NA,NA,NA,NA,NA,NA,NA,96,WR,1,NA,NA,NA,NA,NA,NA,NA,NA,NA,NA,0,NA,Career,2,0,Texas Tech,2,16,NA,NA,NA,NA,NA,0,NA,NA,NA
104,David Anderson,8,67,1.910447761,NA,27,1,1,NA,NA,NA,NA,NA,NA,0,0,0,0,NA,2,NA,50,1,34,17,NA,120,WR,0,357.8,NA,NA,NA,NA,NA,NA,NA,NA,NA,0,NA,Career,0,0,Colorado State,1,20,NA,NA,NA,NA,NA,0,NA,NA,Career
112,Robby Anderson,22,62,5.677419355,Career,NA,1,NA,0,0,0,0,NA,NA,0,0,NA,0,NA,NA,0,NA,NA,NA,NA,NA,96,WR,0,NA,NA,NA,NA,NA,NA,NA,NA,NA,NA,0,NA,Career,2,0,Temple,3,16,NA,190,NA,NA,NA,0,NA,NA,NA
142,Devin Aromashodu,11,61,2.885245902,NA,NA,1,NA,NA,NA,NA,NA,NA,NA,0,0,NA,0,NA,NA,NA,NA,NA,NA,NA,NA,54,WR,NA,NA,NA,NA,NA,NA,NA,NA,NA,NA,NA,0,NA,Career,0,0,Auburn,1,9,NA,NA,NA,NA,NA,0,NA,NA,Career
151,Marcell Ateman,2,18,1.777777778,Career,NA,NA,NA,0,0,NA,NA,NA,NA,NA,NA,NA,0,NA,NA,NA,NA,NA,NA,NA,NA,78,WR,0,NA,NA,NA,NA,NA,NA,NA,NA,NA,NA,NA,NA,Career,NA,NA,Oklahoma State,NA,13,NA,220,NA,NA,NA,NA,NA,NA,NA
158,David Ausberry,1,34,0.470588235,Career,NA,0,NA,NA,NA,NA,NA,NA,NA,0,0,NA,NA,NA,NA,NA,NA,NA,NA,NA,NA,42,WR,NA,NA,NA,NA,NA,NA,NA,NA,NA,NA,NA,0,NA,Career,3,0,USC,3,7,NA,NA,NA,NA,NA,0,NA,NA,NA
161,Tavon Austin,28,96,4.666666667,Career,NA,1,NA,NA,NA,0,0,NA,NA,0,0,NA,4,NA,NA,0,NA,NA,NA,NA,NA,240,WR,1,NA,NA,NA,NA,NA,NA,NA,NA,NA,NA,0,NA,Career,4,0,West Virginia,5,40,NA,NA,NA,NA,NA,0,NA,NA,NA
162,Terrence Austin,1,18,0.888888889,Career,NA,0,NA,NA,NA,NA,NA,NA,NA,0,0,NA,0,NA,NA,NA,NA,NA,NA,NA,NA,30,WR,0,NA,NA,NA,NA,NA,NA,NA,NA,NA,NA,0,NA,Career,2,0,UCLA,2,5,NA,NA,NA,NA,NA,0,NA,NA,NA
164,Jason Avant,36,148,3.891891892,NA,NA,0,NA,NA,NA,NA,NA,NA,NA,0,0,NA,NA,NA,NA,NA,NA,NA,NA,NA,NA,78,WR,NA,NA,NA,NA,NA,NA,NA,NA,NA,NA,NA,0,NA,Career,1,0,Michigan,1,13,NA,NA,NA,NA,NA,0,NA,NA,Career
166,Donnie Avery,23,77,4.779220779,Career,NA,0,NA,NA,NA,NA,NA,NA,NA,0,0,NA,1,NA,NA,NA,NA,NA,NA,NA,NA,120,WR,0,NA,NA,NA,NA,NA,NA,NA,NA,NA,NA,0,NA,Career,7,0,Houston,7,20,NA,NA,NA,NA,NA,0,NA,NA,NA
186,Champ Bailey,150,215,11.1627907,NA,-45,NA,0,NA,NA,NA,NA,NA,NA,8,1,1,0,NA,1,NA,0,0,0,0,NA,36,WR,0,-200,NA,NA,NA,NA,NA,NA,NA,NA,NA,NA,NA,Career,NA,NA,Georgia,NA,6,NA,NA,NA,NA,NA,67,8.4,NA,Career
189,Stedman Bailey,7,38,2.947368421,Career,NA,4,NA,NA,NA,1,0,NA,NA,0,0,NA,0,NA,NA,0,NA,NA,NA,NA,NA,246,WR,NA,NA,NA,NA,NA,NA,NA,NA,NA,NA,NA,0,NA,Career,15,0,West Virginia,19,41,NA,NA,NA,NA,NA,0,NA,NA,NA
193,Chris Baker,15,131,1.832061069,Career,NA,NA,NA,NA,NA,NA,NA,NA,NA,NA,NA,NA,NA,NA,NA,NA,NA,NA,NA,NA,NA,24,WR,NA,NA,NA,NA,NA,NA,NA,NA,NA,NA,NA,NA,NA,Career,NA,NA,Arkansas,NA,4,NA,NA,NA,NA,NA,NA,NA,NA,NA
200,Doug Baldwin,62,123,8.06504065,Career,NA,0,NA,NA,NA,NA,NA,NA,NA,0,0,NA,0,NA,NA,NA,NA,NA,NA,NA,NA,84,WR,0,NA,NA,NA,NA,NA,NA,NA,NA,NA,NA,0,NA,Career,1,0,Stanford,1,14,NA,NA,NA,NA,NA,0,NA,NA,NA
201,Jonathan Baldwin,4,33,1.939393939,Career,NA,NA,NA,0,0,NA,NA,NA,NA,NA,NA,NA,0,NA,NA,NA,NA,NA,NA,NA,NA,96,WR,0,NA,NA,NA,NA,NA,NA,NA,NA,NA,NA,NA,0,Career,NA,NA,Pitt,NA,16,0,NA,NA,NA,NA,NA,NA,NA,NA
213,Brandon Banks,1,41,0.390243902,Career,NA,0,NA,NA,NA,NA,NA,NA,NA,0,0,NA,5,NA,NA,NA,NA,NA,NA,NA,NA,96,WR,0,NA,NA,NA,NA,NA,NA,NA,NA,NA,NA,0,NA,Career,4,0,Kansas State,4,16,NA,280,NA,NA,NA,0,NA,NA,NA
249,Hank Baskett,9,67,2.149253731,NA,0.3,NA,1,NA,NA,NA,NA,NA,NA,NA,NA,1,0,NA,4,NA,25,0,46,11.5,NA,102,WR,0,71.6,NA,NA,NA,NA,NA,NA,NA,NA,NA,NA,NA,Career,NA,NA,New Mexico,NA,17,NA,NA,NA,NA,NA,NA,NA,NA,Career
257,Arnaz Battle,19,113,2.690265487,NA,3.7,NA,30,NA,NA,NA,NA,NA,NA,NA,NA,5,0,NA,69,NA,43.5,2,438,6.3,127,36,WR,0,91.9,5,826,13.1,63,64,1,320,5,6,NA,NA,Career,NA,NA,Notre Dame,NA,6,NA,NA,1146,9,NA,NA,NA,NA,Career
261,Cole Beasley,36,118,4.881355932,Career,NA,0,NA,NA,NA,0,0,NA,NA,0,0,NA,0,NA,NA,0,NA,NA,NA,NA,NA,90,WR,0,NA,NA,NA,NA,NA,NA,NA,NA,NA,NA,0,NA,Career,2,0,SMU,2,15,NA,NA,NA,NA,NA,0,NA,NA,NA
267,Odell Beckham Jr.,54,75,11.52,2013,0,0,0,0,0,0,0,NA,13,0,0,0,0,NA,1,0,0,0,0,0,NA,48,WR,0,0,NA,NA,NA,NA,NA,NA,NA,NA,NA,0,NA,2013,0,0,LSU,0,8,NA,193,NA,NA,NA,0,NA,NA,NA
276,Josh Bellamy,8,82,1.56097561,Career,NA,3,NA,NA,NA,0,0,NA,NA,0,0,NA,0,NA,NA,0,NA,NA,NA,NA,NA,42,WR,0,NA,NA,NA,NA,NA,NA,NA,NA,NA,NA,0,NA,Career,11,0,Louisville,14,7,NA,NA,NA,NA,NA,0,NA,NA,NA
286,Kelvin Benjamin,23,61,6.032786885,Career,NA,1,NA,0,0,0,0,NA,NA,0,0,NA,0,NA,NA,0,NA,NA,NA,NA,NA,114,WR,0,NA,NA,NA,NA,NA,NA,NA,NA,NA,NA,0,NA,Career,0,0,Florida State,1,19,NA,238,NA,NA,NA,0,NA,NA,NA
287,Travis Benjamin,28,101,4.435643564,Career,17,0,1,NA,NA,0,0,NA,NA,0,0,0,0,NA,1,0,100,0,17,17,NA,90,WR,1,242.8,NA,NA,NA,NA,NA,NA,NA,NA,NA,0,NA,Career,3,0,Miami (FL),3,15,NA,NA,NA,NA,NA,0,NA,NA,NA
288,Arrelious Benn,8,61,2.098360656,Career,NA,0,NA,NA,NA,NA,NA,NA,NA,0,0,NA,1,NA,NA,NA,NA,NA,NA,NA,NA,66,WR,0,NA,NA,NA,NA,NA,NA,NA,NA,NA,NA,0,NA,Career,8,0,Illinois,8,11,NA,NA,NA,NA,NA,0,NA,NA,NA
289,Drew Bennett,41,102,6.431372549,NA,7.2,NA,57,NA,NA,NA,NA,NA,NA,NA,NA,4,NA,NA,104,NA,54.8,7,788,7.6,47,6,WR,NA,133,0,167,20.9,8,39,1,62,1.6,1,NA,NA,Career,NA,NA,UCLA,NA,1,NA,NA,229,4.9,NA,NA,NA,NA,Career
290,Earl Bennett,20,78,4.102564103,Career,16.3,2,2,NA,NA,NA,NA,NA,NA,0,0,0,0,NA,4,NA,50,1,45,11.3,NA,120,WR,0,227,NA,NA,NA,NA,NA,NA,NA,NA,NA,0,NA,Career,4,0,Vanderbilt,6,20,NA,NA,NA,NA,NA,0,NA,NA,NA
306,Bernard Berrian,36,109,5.28440367,NA,NA,NA,NA,NA,NA,NA,NA,NA,NA,NA,NA,NA,1,NA,NA,NA,NA,NA,NA,NA,NA,174,WR,3,NA,NA,NA,NA,NA,NA,NA,NA,NA,NA,NA,NA,Career,NA,NA,Fresno State,NA,29,NA,NA,NA,NA,NA,NA,NA,NA,Career
311,Davone Bess,30,91,5.274725275,Career,NA,0,NA,NA,NA,NA,NA,NA,NA,0,0,NA,NA,NA,NA,NA,NA,NA,NA,NA,NA,246,WR,0,NA,NA,NA,NA,NA,NA,NA,NA,NA,NA,0,NA,Career,2,0,Hawaii,2,41,NA,NA,NA,NA,NA,0,NA,NA,NA
336,Justin Blackmon,9,20,7.2,Career,NA,1,NA,NA,NA,NA,NA,NA,NA,0,0,NA,NA,NA,NA,NA,NA,NA,NA,NA,NA,252,WR,1,NA,NA,NA,NA,NA,NA,NA,NA,NA,NA,0,NA,Career,4,0,Oklahoma State,5,42,NA,NA,NA,NA,NA,0,NA,NA,NA
338,Will Blackmon,20,96,3.333333333,NA,NA,0,NA,NA,NA,NA,NA,NA,NA,8,0,NA,1,NA,NA,NA,NA,NA,NA,NA,NA,36,WR,1,NA,NA,NA,NA,NA,NA,NA,NA,NA,NA,0,NA,Career,2,0,Boston College,2,6,NA,NA,NA,NA,NA,59,7.4,NA,Career
356,Anquan Boldin,118,202,9.346534653,NA,8.2,NA,7,NA,NA,NA,NA,NA,NA,NA,NA,0,0,NA,16,NA,43.8,1,111,6.9,NA,132,WR,0,122.7,NA,NA,NA,NA,NA,NA,NA,NA,NA,NA,NA,Career,NA,NA,Florida State,NA,22,NA,NA,NA,NA,NA,NA,NA,NA,Career
367,Marty Booker,57,157,5.808917197,NA,10.7,NA,1,NA,NA,NA,NA,NA,NA,NA,NA,1,NA,NA,3,NA,33.3,1,57,19,NA,138,WR,0,236.3,NA,NA,NA,NA,NA,NA,NA,NA,NA,NA,NA,Career,NA,NA,Louisiana-Monroe,NA,23,NA,NA,NA,NA,NA,NA,NA,NA,Career
388,Dwayne Bowe,57,125,7.296,NA,NA,NA,NA,NA,NA,NA,NA,NA,NA,NA,NA,NA,NA,NA,NA,NA,NA,NA,NA,NA,NA,156,WR,NA,NA,NA,NA,NA,NA,NA,NA,NA,NA,NA,NA,NA,Career,NA,NA,LSU,NA,26,NA,NA,NA,NA,NA,NA,NA,NA,Career
394,Tyler Boyd,23,56,6.571428571,Career,24,0,3,0,0,0,0,NA,NA,0,0,0,0,NA,4,0,75,0,96,24,NA,138,WR,1,276.6,NA,NA,NA,NA,NA,NA,NA,NA,NA,0,NA,Career,4,0,Pitt,4,23,NA,200,NA,NA,NA,0,NA,NA,NA
396,Jarrett Boykin,6,39,2.461538462,Career,NA,0,NA,NA,NA,NA,NA,1,NA,0,0,NA,NA,NA,NA,NA,NA,NA,NA,NA,NA,120,WR,NA,NA,NA,NA,NA,NA,NA,NA,NA,NA,NA,0,NA,Career,2,0,Virginia Tech,2,20,NA,NA,NA,NA,0,0,NA,NA,NA
405,Mark Bradley,11,57,3.087719298,NA,33.5,NA,2,NA,NA,NA,NA,NA,NA,NA,NA,0,1,NA,2,NA,100,1,47,23.5,NA,66,WR,0,462.4,NA,NA,NA,NA,NA,NA,NA,NA,NA,NA,NA,Career,NA,NA,Oklahoma,NA,11,NA,NA,NA,NA,NA,NA,NA,NA,Career
414,Deion Branch,64,140,7.314285714,NA,0,NA,0,NA,NA,NA,NA,NA,NA,NA,NA,0,NA,NA,2,NA,0,0,0,0,NA,114,WR,1,0,NA,NA,NA,NA,NA,NA,NA,NA,NA,NA,NA,Career,NA,NA,Louisville,NA,19,NA,NA,NA,NA,NA,NA,NA,NA,Career
418,Quan Bray,0,24,0,Career,26.5,0,1,0,0,0,0,NA,NA,0,0,0,0,NA,2,0,50,1,33,16.5,NA,60,WR,2,353.6,NA,NA,NA,NA,NA,NA,NA,NA,NA,0,NA,Career,2,0,Auburn,2,10,NA,195,NA,NA,NA,0,NA,NA,NA
422,Steve Breaston,28,86,5.209302326,NA,28,0,1,NA,NA,NA,NA,NA,NA,0,0,0,1,NA,2,NA,50,1,36,18,NA,102,WR,4,366.2,NA,NA,NA,NA,NA,NA,NA,NA,NA,0,NA,Career,1,0,Michigan,1,17,NA,NA,NA,NA,NA,0,NA,NA,Career
435,Dezmon Briscoe,4,25,2.56,Career,NA,0,NA,NA,NA,NA,NA,NA,NA,0,0,NA,1,NA,NA,NA,NA,NA,NA,NA,NA,198,WR,NA,NA,NA,NA,NA,NA,NA,NA,NA,NA,NA,0,NA,Career,3,0,Kansas,3,33,NA,NA,NA,NA,NA,0,NA,NA,NA
440,Kenny Britt,40,116,5.517241379,Career,28,0,1,NA,NA,NA,NA,NA,NA,0,0,0,NA,NA,1,NA,100,0,28,28,NA,108,WR,NA,335.2,NA,NA,NA,NA,NA,NA,NA,NA,NA,0,NA,Career,2,0,Rutgers,2,18,NA,NA,NA,NA,NA,0,NA,NA,NA
458,Antonio Brown,102,131,12.45801527,Career,9.2,NA,2,NA,NA,NA,NA,NA,NA,NA,NA,0,2,NA,5,NA,40,1,26,5.2,NA,186,WR,3,149.7,NA,NA,NA,NA,NA,NA,NA,NA,NA,NA,NA,Career,NA,NA,Central Michigan,NA,31,NA,NA,NA,NA,NA,NA,NA,NA,NA
467,Curtis Brown,2,34,0.941176471,Career,NA,1,NA,NA,NA,0,0,0,NA,0,0,NA,NA,NA,NA,0,NA,NA,NA,NA,NA,NA,WR,NA,NA,NA,NA,NA,NA,NA,NA,NA,NA,NA,0,NA,Career,1,0,Akron,2,NA,NA,NA,NA,NA,0,0,NA,NA,NA
476,Jaron Brown,13,101,2.059405941,Career,NA,5,NA,NA,NA,0,0,NA,NA,0,0,NA,0,NA,NA,0,NA,NA,NA,NA,NA,48,WR,0,NA,NA,NA,NA,NA,NA,NA,NA,NA,NA,0,NA,Career,11,0,Clemson,16,8,NA,NA,NA,NA,NA,0,NA,NA,NA
483,Marlon Brown,7,38,2.947368421,Career,NA,0,NA,NA,NA,NA,NA,NA,NA,0,0,NA,0,NA,NA,NA,NA,NA,NA,NA,NA,48,WR,NA,NA,NA,NA,NA,NA,NA,NA,NA,NA,NA,0,NA,Career,1,0,Georgia,1,8,NA,NA,NA,NA,NA,0,NA,NA,NA
488,Noah Brown,0,21,0,Career,NA,1,NA,0,0,0,0,NA,NA,0,0,NA,0,NA,NA,0,NA,NA,NA,NA,NA,42,WR,0,NA,NA,NA,NA,NA,NA,NA,NA,NA,NA,0,NA,Career,0,0,Ohio State,1,7,NA,222,NA,NA,NA,0,NA,NA,NA
492,Reggie Brown,21,72,4.666666667,Career,NA,0,NA,NA,NA,0,0,0,NA,NA,NA,NA,NA,NA,NA,0,NA,NA,NA,NA,NA,NA,WR,NA,NA,NA,NA,NA,NA,NA,NA,NA,NA,NA,0,NA,Career,1,0,Central Michigan,1,NA,NA,NA,NA,NA,0,NA,NA,NA,NA
504,Ryan Broyles,3,21,2.285714286,Career,-45,0,0,NA,NA,NA,NA,NA,NA,0,0,1,0,NA,1,NA,0,0,0,0,NA,288,WR,2,-200,NA,NA,NA,NA,NA,NA,NA,NA,NA,0,NA,Career,5,0,Oklahoma,5,48,NA,NA,NA,NA,NA,0,NA,NA,NA
510,Antonio Bryant,42,106,6.339622642,NA,NA,NA,NA,NA,NA,NA,NA,NA,NA,NA,NA,NA,NA,NA,NA,NA,NA,NA,NA,NA,NA,156,WR,0,NA,NA,NA,NA,NA,NA,NA,NA,NA,NA,NA,NA,Career,NA,NA,Pitt,NA,26,NA,NA,NA,NA,NA,NA,NA,NA,Career
516,Dez Bryant,71,113,10.05309735,Career,NA,NA,NA,NA,NA,NA,NA,NA,NA,NA,NA,NA,0,NA,NA,NA,NA,NA,NA,NA,NA,192,WR,3,NA,NA,NA,NA,NA,NA,NA,NA,NA,NA,NA,NA,Career,NA,NA,Oklahoma State,NA,32,NA,NA,NA,NA,NA,NA,NA,NA,NA
518,Martavis Bryant,20,44,7.272727273,Career,NA,NA,NA,0,0,NA,NA,NA,NA,NA,NA,NA,0,NA,NA,NA,NA,NA,NA,NA,NA,78,WR,0,NA,NA,NA,NA,NA,NA,NA,NA,NA,NA,NA,NA,Career,NA,NA,Clemson,NA,13,NA,211,NA,NA,NA,NA,NA,NA,NA
540,Aaron Burbridge,1,16,1,Career,NA,0,NA,0,0,0,1,NA,NA,0,0,NA,0,NA,NA,0,NA,NA,NA,NA,NA,60,WR,0,NA,NA,NA,NA,NA,NA,NA,NA,NA,NA,0,NA,Career,1,0,Michigan State,1,10,NA,208,NA,NA,NA,0,NA,NA,NA
548,Nate Burleson,55,135,6.518518519,NA,NA,NA,NA,NA,NA,NA,NA,NA,NA,1,0,NA,0,NA,NA,NA,NA,NA,NA,NA,NA,138,WR,0,NA,NA,NA,NA,NA,NA,NA,NA,NA,NA,NA,NA,Career,NA,NA,Nevada,NA,23,NA,NA,NA,NA,NA,0,0,NA,Career
555,Plaxico Burress,83,148,8.972972973,NA,7,NA,1,NA,NA,NA,NA,NA,NA,NA,NA,0,0,NA,1,NA,100,0,7,7,NA,120,WR,NA,158.8,NA,NA,NA,NA,NA,NA,NA,NA,NA,NA,NA,Career,NA,NA,Michigan State,NA,20,NA,NA,NA,NA,NA,NA,NA,NA,Career
556,Isaiah Burse,0,21,0,Career,4.5,0,1,0,0,0,0,NA,NA,0,0,1,0,NA,4,0,25,1,43,10.8,NA,126,WR,2,147.8,NA,NA,NA,NA,NA,NA,NA,NA,NA,0,NA,Career,3,0,Fresno State,3,21,NA,187,NA,NA,NA,0,NA,NA,NA
558,Keenan Burton,3,22,2.181818182,Career,NA,0,NA,NA,NA,NA,NA,NA,NA,0,0,NA,1,NA,NA,NA,NA,NA,NA,NA,NA,156,WR,0,NA,NA,NA,NA,NA,NA,NA,NA,NA,NA,0,NA,Career,1,0,Kentucky,1,26,NA,NA,NA,NA,NA,0,NA,NA,NA
561,Trey Burton,11,85,2.070588235,Career,3.4,4,11,0,0,0,0,NA,NA,0,0,1,0,NA,17,0,64.7,0,103,6.1,260,120,WR,0,103.8,4,976,9.1,107,153,16,720,4.7,20,0,NA,Career,4,0,Florida,8,20,NA,225,1696,6.5,NA,0,NA,NA,NA
572,Brice Butler,10,69,2.31884058,Career,NA,0,NA,NA,NA,NA,NA,NA,NA,0,0,NA,NA,NA,NA,NA,NA,NA,NA,NA,NA,42,WR,NA,NA,NA,NA,NA,NA,NA,NA,NA,NA,NA,0,NA,Career,1,0,Overall,1,7,NA,NA,NA,NA,NA,0,NA,NA,NA
575,Deon Butler,4,35,1.828571429,Career,NA,1,NA,NA,NA,NA,NA,NA,NA,0,0,NA,NA,NA,NA,NA,NA,NA,NA,NA,NA,132,WR,NA,NA,NA,NA,NA,NA,NA,NA,NA,NA,NA,0,NA,Career,2,0,Penn State,3,22,NA,NA,NA,NA,NA,0,NA,NA,NA
578,James Butler,24,101,3.801980198,Career,NA,0,NA,0,0,0,0,NA,NA,0,0,NA,0,NA,NA,0,NA,NA,NA,NA,NA,24,WR,0,NA,NA,NA,NA,NA,NA,NA,NA,NA,NA,0,NA,Career,4,0,Louisiana,4,4,NA,217,NA,NA,NA,0,NA,NA,NA
588,Damiere Byrd,5,28,2.857142857,Career,NA,1,NA,0,0,0,1,NA,NA,0,0,NA,0,NA,NA,0,NA,NA,NA,NA,NA,60,WR,0,NA,NA,NA,NA,NA,NA,NA,NA,NA,NA,0,NA,Career,10,0,South Carolina,11,10,NA,170,NA,NA,NA,0,NA,NA,NA
593,Andre Caldwell,13,105,1.980952381,Career,18.3,0,2,NA,NA,NA,NA,NA,NA,0,0,0,0,NA,3,NA,66.7,1,35,11.7,NA,120,WR,NA,274.7,NA,NA,NA,NA,NA,NA,NA,NA,NA,0,NA,Career,1,0,Florida,1,20,NA,NA,NA,NA,NA,0,NA,NA,NA
597,Antonio Callaway,5,20,4,Career,22,0,1,0,0,0,0,NA,NA,0,0,0,1,NA,1,0,100,1,2,2,NA,66,WR,2,446.8,NA,NA,NA,NA,NA,NA,NA,NA,NA,0,NA,Career,1,0,Florida,1,11,NA,197,NA,NA,NA,0,NA,NA,NA
608,Michael Campanaro,4,24,2.666666667,Career,29.9,0,6,0,0,0,0,NA,NA,0,0,1,0,NA,7,0,85.7,4,174,24.9,NA,102,WR,1,454.5,NA,NA,NA,NA,NA,NA,NA,NA,NA,0,NA,Career,1,0,Wake Forest,1,17,NA,190,NA,NA,NA,0,NA,NA,NA
614,Chris Canty,58,148,6.27027027,NA,NA,NA,NA,NA,NA,NA,NA,NA,NA,14,2,NA,0,NA,NA,NA,NA,NA,NA,NA,NA,18,WR,1,NA,NA,NA,NA,NA,NA,NA,NA,NA,NA,NA,NA,Career,NA,NA,Kansas State,NA,3,NA,NA,NA,NA,NA,164,11.7,NA,Career
632,Austin Carr,1,21,0.761904762,Career,NA,2,NA,0,0,0,0,NA,NA,0,0,NA,0,NA,NA,0,NA,NA,NA,NA,NA,84,WR,0,NA,NA,NA,NA,NA,NA,NA,NA,NA,NA,0,NA,Career,2,0.5,Northwestern,4,14,NA,200,NA,NA,NA,0,NA,NA,NA
639,Leonte Carroo,2,37,0.864864865,Career,NA,0,NA,0,0,0,0,0,NA,0,0,NA,0,NA,NA,1,NA,NA,NA,NA,NA,174,WR,0,NA,NA,NA,NA,NA,NA,NA,NA,NA,NA,0,0,Career,3,0,Rutgers,3,29,0,205,NA,NA,0,0,NA,NA,NA
644,Andre Carter,76,184,6.608695652,NA,NA,NA,NA,NA,NA,NA,NA,NA,NA,NA,NA,NA,NA,NA,NA,NA,NA,NA,NA,NA,NA,6,WR,NA,NA,NA,NA,NA,NA,NA,NA,NA,NA,NA,NA,NA,Career,NA,NA,Kansas,NA,1,NA,NA,NA,NA,NA,NA,NA,NA,Career
657,Tim Carter,10,71,2.253521127,NA,39,NA,1,NA,NA,NA,NA,NA,NA,NA,NA,0,1,NA,1,NA,100,0,39,39,NA,30,WR,0,427.6,NA,NA,NA,NA,NA,NA,NA,NA,NA,NA,NA,Career,NA,NA,Auburn,NA,5,NA,NA,NA,NA,NA,NA,NA,NA,Career
659,Tyrone Carter,31,158,3.139240506,Career,NA,2,NA,NA,NA,0,0,NA,NA,0,0,NA,NA,NA,NA,0,NA,NA,NA,NA,NA,NA,WR,NA,NA,NA,NA,NA,NA,NA,NA,NA,NA,NA,0,NA,Career,0,0,Louisiana-Monroe,2,NA,NA,188,NA,NA,NA,0,NA,NA,NA
675,Chris Chambers,70,153,7.320261438,NA,NA,NA,NA,NA,NA,NA,NA,NA,NA,NA,NA,NA,0,NA,NA,NA,NA,NA,NA,NA,NA,96,WR,0,NA,NA,NA,NA,NA,NA,NA,NA,NA,NA,NA,NA,Career,NA,NA,Wisconsin,NA,16,NA,NA,NA,NA,NA,NA,NA,NA,Career
690,Antonio Chatman,10,74,2.162162162,NA,NA,NA,NA,NA,NA,NA,NA,NA,NA,NA,NA,NA,0,NA,NA,NA,NA,NA,NA,NA,NA,18,WR,0,NA,NA,NA,NA,NA,NA,NA,NA,NA,NA,NA,NA,Career,NA,NA,Cincinnati,NA,3,NA,NA,NA,NA,NA,NA,NA,NA,Career
696,Jehu Chesson,0,24,0,Career,NA,7,NA,0,0,0,2,NA,NA,0,0,NA,1,NA,NA,0,NA,NA,NA,NA,NA,96,WR,0,NA,NA,NA,NA,NA,NA,NA,NA,NA,NA,0,NA,Career,10,0,Michigan,17,16,NA,204,NA,NA,NA,0,NA,NA,NA
711,Brian Clark,0,38,0,NA,NA,NA,NA,NA,NA,NA,NA,NA,NA,NA,NA,NA,NA,NA,NA,NA,NA,NA,NA,NA,NA,66,WR,NA,NA,NA,NA,NA,NA,NA,NA,NA,NA,NA,NA,NA,Career,NA,NA,North Carolina State,NA,11,NA,NA,NA,NA,NA,NA,NA,NA,Career
716,Desmond Clark,31,162,3.061728395,NA,0,NA,0,NA,NA,NA,NA,NA,NA,NA,NA,0,NA,NA,3,NA,0,0,0,0,NA,120,WR,NA,0,NA,NA,NA,NA,NA,NA,NA,NA,NA,NA,NA,Career,NA,NA,Wake Forest,NA,20,NA,NA,NA,NA,NA,NA,NA,NA,Career
719,Kenny Clark,30,60,8,NA,NA,NA,NA,NA,NA,NA,NA,NA,NA,NA,NA,NA,0,NA,NA,NA,NA,NA,NA,NA,NA,102,WR,NA,NA,NA,NA,NA,NA,NA,NA,NA,NA,NA,NA,NA,Career,NA,NA,UCF,NA,17,NA,NA,NA,NA,NA,NA,NA,NA,Career
720,Ryan Clark,74,177,6.689265537,Career,NA,6,NA,NA,NA,0,0,NA,NA,0,0,NA,0,NA,NA,2,NA,NA,NA,NA,NA,6,WR,0,NA,NA,NA,NA,NA,NA,NA,NA,NA,NA,0,NA,Career,5,0,Ohio,11,1,NA,NA,NA,NA,NA,0,NA,NA,NA
725,Kaelin Clay,3,22,2.181818182,Career,NA,NA,NA,0,0,NA,NA,NA,NA,NA,NA,NA,1,NA,NA,NA,NA,NA,NA,NA,NA,48,WR,3,NA,NA,NA,NA,NA,NA,NA,NA,NA,NA,NA,NA,Career,NA,NA,Utah,NA,8,NA,188,NA,NA,NA,NA,NA,NA,NA
727,Mark Clayton,30,83,5.78313253,NA,0,NA,0,NA,NA,NA,NA,NA,NA,NA,NA,0,0,NA,1,NA,0,0,0,0,NA,192,WR,1,0,NA,NA,NA,NA,NA,NA,NA,NA,NA,NA,NA,Career,NA,NA,Oklahoma,NA,32,NA,NA,NA,NA,NA,NA,NA,NA,Career
728,Michael Clayton,24,95,4.042105263,NA,0,NA,0,NA,NA,NA,NA,NA,NA,NA,NA,0,NA,NA,2,NA,0,0,0,0,NA,132,WR,NA,0,NA,NA,NA,NA,NA,NA,NA,NA,NA,NA,NA,Career,NA,NA,LSU,NA,22,NA,NA,NA,NA,NA,NA,NA,NA,Career
737,David Clowney,3,28,1.714285714,NA,NA,1,NA,NA,NA,NA,NA,NA,NA,0,0,NA,0,NA,NA,NA,NA,NA,NA,NA,NA,36,WR,NA,NA,NA,NA,NA,NA,NA,NA,NA,NA,NA,0,NA,Career,2,0,Virginia Tech,3,6,NA,NA,NA,NA,NA,0,NA,NA,Career
741,Sammie Coates,4,45,1.422222222,Career,NA,0,NA,0,0,0,0,NA,NA,0,0,NA,0,NA,NA,0,NA,NA,NA,NA,NA,78,WR,0,NA,NA,NA,NA,NA,NA,NA,NA,NA,NA,0,NA,Career,3,0,Auburn,3,13,NA,201,NA,NA,NA,0,NA,NA,NA
743,Randall Cobb,68,120,9.066666667,Career,4.6,0,62,NA,NA,NA,NA,NA,NA,0,0,5,0,NA,122,NA,50.8,5,689,5.6,372,222,WR,2,103.6,13,1661,11.5,144,228,22,1313,5.8,35,0,NA,Career,2,0,Kentucky,2,37,NA,NA,2974,8,NA,0,NA,NA,NA
754,Keary Colbert,15,75,3.2,NA,0,NA,0,NA,NA,NA,NA,NA,NA,NA,NA,0,0,NA,1,NA,0,0,0,0,NA,120,WR,NA,0,NA,NA,NA,NA,NA,NA,NA,NA,NA,NA,NA,Career,NA,NA,USC,NA,20,NA,NA,NA,NA,NA,NA,NA,NA,Career
757,Brandon Coleman,10,48,3.333333333,Career,NA,1,NA,0,0,0,0,NA,NA,0,0,NA,0,NA,NA,1,NA,NA,NA,NA,NA,120,WR,0,NA,NA,NA,NA,NA,NA,NA,NA,NA,NA,0,NA,Career,1,0,Rutgers,2,20,NA,220,NA,NA,NA,0,NA,NA,NA
758,Corey Coleman,6,27,3.555555556,Career,NA,0,NA,0,0,0,0,NA,NA,0,0,NA,1,NA,NA,0,NA,NA,NA,NA,NA,210,WR,0,NA,NA,NA,NA,NA,NA,NA,NA,NA,NA,0,NA,Career,1,0,Baylor,1,35,NA,190,NA,NA,NA,0,NA,NA,NA
762,Drew Coleman,10,83,1.927710843,Career,NA,0,NA,NA,NA,0,0,NA,NA,0,0,NA,0,NA,NA,0,NA,NA,NA,NA,NA,30,WR,NA,NA,NA,NA,NA,NA,NA,NA,NA,NA,NA,0,NA,Career,1,0,Air Force,1,5,NA,NA,NA,NA,NA,0,NA,NA,NA
770,Laveranues Coles,80,153,8.366013072,NA,NA,NA,NA,NA,NA,NA,NA,NA,NA,NA,NA,NA,1,NA,NA,NA,NA,NA,NA,NA,NA,54,WR,NA,NA,NA,NA,NA,NA,NA,NA,NA,NA,NA,NA,NA,Career,NA,NA,Florida State,NA,9,NA,NA,NA,NA,NA,NA,NA,NA,Career
778,Austin Collie,19,49,6.204081633,Career,-15,0,0,NA,NA,NA,NA,NA,NA,0,0,1,0,NA,3,NA,0,0,0,0,NA,180,WR,0,-66.7,NA,NA,NA,NA,NA,NA,NA,NA,NA,0,NA,Career,2,0,Brigham Young,2,30,NA,NA,NA,NA,NA,0,NA,NA,NA
800,Kevin Cone,0,29,0,Career,NA,2,NA,0,0,0,0,0,NA,0,0,NA,0,0,NA,0,NA,NA,NA,NA,NA,6,WR,0,NA,NA,NA,NA,NA,NA,NA,NA,NA,NA,0,0,Career,2,0,Georgia Tech,4,1,0,NA,NA,NA,0,0,NA,NA,NA
803,Chris Conley,19,69,4.405797101,Career,NA,0,NA,0,0,0,0,NA,NA,0,0,NA,0,NA,NA,0,NA,NA,NA,NA,NA,120,WR,0,NA,NA,NA,NA,NA,NA,NA,NA,NA,NA,0,NA,Career,3,0,Georgia,3,20,NA,205,NA,NA,NA,0,NA,NA,NA
813,Brandin Cooks,56,88,10.18181818,Career,0,2,0,0,0,0,0,NA,NA,0,0,0,0,NA,1,0,0,0,0,0,NA,156,WR,0,0,NA,NA,NA,NA,NA,NA,NA,NA,NA,0,NA,Career,3,0,Oregon State,5,26,NA,186,NA,NA,NA,0,NA,NA,NA
823,Amari Cooper,43,77,8.935064935,2013,NA,0,NA,0,0,0,0,NA,11,0,0,NA,0,NA,NA,0,NA,NA,NA,NA,NA,24,WR,0,NA,NA,NA,NA,NA,NA,NA,NA,NA,NA,0,NA,2013,1,0,Alabama,1,4,NA,210,NA,NA,NA,0,NA,NA,NA
827,Pharoh Cooper,5,46,1.739130435,Career,12.4,0,9,0,0,0,0,NA,NA,0,0,0,0,NA,16,0,56.3,4,118,7.4,NA,132,WR,0,200.7,NA,NA,NA,NA,NA,NA,NA,NA,NA,0,NA,Career,1,0,South Carolina,1,22,NA,207,NA,NA,NA,0,NA,NA,NA
828,Riley Cooper,19,88,3.454545455,Career,0,1,0,NA,NA,NA,NA,NA,NA,0,0,0,NA,NA,1,NA,0,0,0,0,NA,108,WR,NA,0,NA,NA,NA,NA,NA,NA,NA,NA,NA,0,NA,Career,4,0,Florida,5,18,NA,NA,NA,NA,NA,0,NA,NA,NA
833,Terrance Copper,10,125,1.28,NA,6,NA,1,NA,NA,NA,NA,NA,NA,NA,NA,0,0,NA,2,NA,50,0,12,6,NA,30,WR,1,100.4,NA,NA,NA,NA,NA,NA,NA,NA,NA,NA,NA,Career,NA,NA,East Carolina,NA,5,NA,NA,NA,NA,NA,NA,NA,NA,Career
835,Cody Core,3,51,0.941176471,Career,NA,7,NA,0,0,0,0,NA,NA,0,0,NA,0,NA,NA,0,NA,NA,NA,NA,NA,60,WR,0,NA,NA,NA,NA,NA,NA,NA,NA,NA,NA,0,NA,Career,14,0,Ole Miss,21,10,NA,205,NA,NA,NA,0,NA,NA,NA
839,Quan Cosby,0,44,0,Career,11.3,0,1,NA,NA,NA,NA,NA,NA,0,0,0,1,NA,3,NA,33.3,0,34,11.3,NA,126,WR,1,128.5,NA,NA,NA,NA,NA,NA,NA,NA,NA,0,NA,Career,2,0,Texas,2,21,NA,NA,NA,NA,NA,0,NA,NA,NA
841,Jerricho Cotchery,63,175,5.76,NA,NA,NA,NA,NA,NA,NA,NA,NA,NA,NA,NA,NA,1,NA,NA,NA,NA,NA,NA,NA,NA,138,WR,0,NA,NA,NA,NA,NA,NA,NA,NA,NA,NA,NA,NA,Career,NA,NA,North Carolina State,NA,23,NA,NA,NA,NA,NA,NA,NA,NA,Career
859,Michael Crabtree,65,143,7.272727273,Career,NA,0,NA,NA,NA,NA,NA,NA,NA,0,0,NA,0,NA,NA,NA,NA,NA,NA,NA,NA,246,WR,NA,NA,NA,NA,NA,NA,NA,NA,NA,NA,NA,0,NA,Career,2,0,Texas Tech,2,41,NA,NA,NA,NA,NA,0,NA,NA,NA
880,Jamison Crowder,27,72,6,Career,13.3,1,2,0,0,0,0,NA,NA,0,0,0,0,NA,4,0,50,1,33,8.3,NA,174,WR,5,201.8,NA,NA,NA,NA,NA,NA,NA,NA,NA,0,NA,Career,1,0,Duke,2,29,NA,175,NA,NA,NA,0,NA,NA,NA
892,Jeff Cumberland,8,72,1.777777778,Career,NA,2,NA,NA,NA,NA,NA,NA,NA,0,0,NA,NA,NA,NA,NA,NA,NA,NA,NA,NA,66,WR,NA,NA,NA,NA,NA,NA,NA,NA,NA,NA,NA,0,NA,Career,4,0,Illinois,6,11,NA,NA,NA,NA,NA,0,NA,NA,NA
915,Owen Daniels,49,131,5.984732824,NA,-13.5,0,2,NA,NA,NA,NA,NA,NA,0,0,2,0,NA,6,NA,33.3,0,9,1.5,NA,48,WR,NA,-20.7,NA,NA,NA,NA,NA,NA,NA,NA,NA,0,NA,Career,5,0,Wisconsin,5,8,NA,NA,NA,NA,NA,0,NA,NA,Career
921,Amara Darboh,1,16,1,Career,NA,0,NA,0,0,0,0,0,NA,0,0,NA,0,NA,NA,0,NA,NA,NA,NA,NA,86,WR,0,NA,NA,NA,NA,NA,NA,NA,NA,NA,NA,0,0,Career,8,0,Michigan,8,14,1,214,NA,NA,0,0,NA,NA,NA
928,Devard Darling,4,46,1.391304348,NA,NA,NA,NA,NA,NA,NA,NA,NA,NA,NA,NA,NA,0,NA,NA,NA,NA,NA,NA,NA,NA,120,WR,NA,NA,NA,NA,NA,NA,NA,NA,NA,NA,NA,NA,NA,Career,NA,NA,Overall,NA,20,NA,NA,NA,NA,NA,NA,NA,NA,Career
946,Craig Davis,7,25,4.48,NA,NA,NA,NA,NA,NA,NA,NA,NA,NA,NA,NA,NA,NA,NA,NA,NA,NA,NA,NA,NA,NA,48,WR,1,NA,NA,NA,NA,NA,NA,NA,NA,NA,NA,NA,NA,Career,NA,NA,LSU,NA,8,NA,NA,NA,NA,NA,NA,NA,NA,Career
949,Drew Davis,2,38,0.842105263,Career,NA,NA,NA,0,0,NA,NA,NA,NA,NA,NA,NA,0,0,NA,NA,NA,NA,NA,NA,NA,36,WR,0,NA,NA,NA,NA,NA,NA,NA,NA,NA,NA,NA,0,Career,NA,NA,Oregon,NA,6,0,NA,NA,NA,NA,NA,NA,NA,NA
951,Geremy Davis,0,36,0,Career,NA,1,NA,0,0,0,0,NA,NA,0,0,NA,0,NA,NA,0,NA,NA,NA,NA,NA,42,WR,0,NA,NA,NA,NA,NA,NA,NA,NA,NA,NA,0,NA,Career,1,0,Connecticut,2,7,NA,216,NA,NA,NA,0,NA,NA,NA
962,Rashied Davis,11,103,1.708737864,NA,NA,NA,NA,NA,NA,NA,NA,NA,NA,2,0,NA,0,NA,NA,NA,NA,NA,NA,NA,NA,42,WR,NA,NA,NA,NA,NA,NA,NA,NA,NA,NA,NA,NA,NA,Career,NA,NA,San Jose State,NA,7,NA,NA,NA,NA,NA,0,0,NA,Career
968,Trevor Davis,2,43,0.744186047,Career,NA,0,NA,0,0,0,0,NA,NA,0,0,NA,2,NA,NA,0,NA,NA,NA,NA,NA,84,WR,0,NA,NA,NA,NA,NA,NA,NA,NA,NA,NA,0,NA,Career,4,0,Overall,4,14,NA,185,NA,NA,NA,0,NA,NA,NA
989,Eric Decker,52,111,7.495495495,Career,22.3,0,3,NA,NA,NA,NA,NA,NA,0,0,0,NA,NA,4,NA,75,2,49,12.3,NA,150,WR,0,342.9,NA,NA,NA,NA,NA,NA,NA,NA,NA,0,NA,Career,10,0,Minnesota,10,25,NA,NA,NA,NA,NA,0,NA,NA,NA
1019,Stefon Diggs,44,70,10.05714286,Career,9.3,0,1,0,0,0,0,NA,NA,0,0,0,2,NA,3,0,33.3,1,8,2.7,NA,96,WR,0,165.7,NA,NA,NA,NA,NA,NA,NA,NA,NA,0,NA,Career,1,0,Maryland,1,16,NA,190,NA,NA,NA,0,NA,NA,NA
1021,Jarett Dillard,3,21,2.285714286,Career,16.5,0,1,NA,NA,NA,NA,NA,NA,0,0,0,0,NA,2,NA,50,1,13,6.5,NA,360,WR,NA,269.6,NA,NA,NA,NA,NA,NA,NA,NA,NA,0,NA,Career,5,0,Rice,5,60,NA,NA,NA,NA,NA,0,NA,NA,NA
1034,Aaron Dobson,6,24,4,Career,NA,3,NA,NA,NA,0,0,NA,NA,0,0,NA,NA,NA,NA,1,NA,NA,NA,NA,NA,144,WR,NA,NA,NA,NA,NA,NA,NA,NA,NA,NA,NA,0,NA,Career,3,0,Marshall,6,24,NA,NA,NA,NA,NA,0,NA,NA,NA
1039,Josh Doctson,9,34,4.235294118,Career,NA,0,NA,0,0,0,0,NA,NA,0,0,NA,0,NA,NA,0,NA,NA,NA,NA,NA,204,WR,0,NA,NA,NA,NA,NA,NA,NA,NA,NA,NA,0,NA,Career,2,0,Overall,2,34,NA,195,NA,NA,NA,0,NA,NA,NA
1049,Phillip Dorsett,15,71,3.38028169,Career,20.7,2,3,0,0,0,0,NA,NA,0,0,0,0,NA,3,0,100,1,42,14,NA,102,WR,0,327.6,NA,NA,NA,NA,NA,NA,NA,NA,NA,0,NA,Career,4,0,Miami (FL),6,17,NA,185,NA,NA,NA,0,NA,NA,NA
1052,Tandon Doss,4,35,1.828571429,Career,0,1,0,NA,NA,NA,NA,NA,NA,0,0,0,0,NA,1,NA,0,0,0,0,NA,90,WR,0,0,NA,NA,NA,NA,NA,NA,NA,NA,NA,0,NA,Career,4,0,Indiana,5,15,NA,NA,NA,NA,NA,0,NA,NA,NA
1054,Early Doucet,11,54,3.259259259,Career,35,1,1,NA,NA,NA,NA,NA,NA,0,0,0,0,NA,1,NA,100,0,35,35,NA,132,WR,0,394,NA,NA,NA,NA,NA,NA,NA,NA,NA,0,NA,Career,4,1,LSU,5,22,NA,NA,NA,NA,NA,0,NA,NA,NA
1055,Harry Douglas,36,118,4.881355932,Career,-45,2,0,NA,NA,NA,NA,NA,NA,0,0,1,0,NA,1,NA,0,0,0,0,NA,96,WR,0,-200,NA,NA,NA,NA,NA,NA,NA,NA,NA,0,NA,Career,6,0,Louisville,8,16,NA,NA,NA,NA,NA,0,NA,NA,NA
1079,Quinton Dunbar,12,58,3.310344828,Career,NA,1,NA,0,0,0,0,NA,NA,0,0,NA,0,NA,NA,0,NA,NA,NA,NA,NA,48,WR,0,NA,NA,NA,NA,NA,NA,NA,NA,NA,NA,0,NA,Career,3,0,Florida,4,8,NA,195,NA,NA,NA,0,NA,NA,NA
1086,Kris Durham,5,27,2.962962963,Career,NA,0,NA,NA,NA,NA,NA,NA,NA,0,0,NA,NA,NA,NA,NA,NA,NA,NA,NA,NA,24,WR,NA,NA,NA,NA,NA,NA,NA,NA,NA,NA,NA,0,NA,Career,1,0,Georgia,1,4,NA,NA,NA,NA,NA,0,NA,NA,NA
1092,Marcus Easley,1,42,0.380952381,Career,NA,1,NA,NA,NA,NA,NA,NA,NA,0,0,NA,NA,NA,NA,NA,NA,NA,NA,NA,NA,48,WR,NA,NA,NA,NA,NA,NA,NA,NA,NA,NA,NA,0,NA,Career,3,0,Connecticut,4,8,NA,NA,NA,NA,NA,0,NA,NA,NA
1107,Braylon Edwards,47,112,6.714285714,NA,NA,NA,NA,NA,NA,NA,NA,NA,NA,NA,NA,NA,NA,NA,NA,NA,NA,NA,NA,NA,NA,234,WR,NA,NA,NA,NA,NA,NA,NA,NA,NA,NA,NA,NA,NA,Career,NA,NA,Michigan,NA,39,NA,NA,NA,NA,NA,NA,NA,NA,Career
1130,Bruce Ellington,7,44,2.545454545,Career,11.2,2,4,0,0,0,0,NA,NA,0,0,0,0,NA,5,0,80,1,36,7.2,NA,102,WR,0,206.5,NA,NA,NA,NA,NA,NA,NA,NA,NA,0,NA,Career,4,0,South Carolina,6,17,NA,196,NA,NA,NA,0,NA,NA,NA
1146,Bobby Engram,67,176,6.090909091,NA,NA,NA,NA,NA,NA,NA,NA,NA,NA,NA,NA,NA,0,NA,NA,NA,NA,NA,NA,NA,NA,192,WR,0,NA,NA,NA,NA,NA,NA,NA,NA,NA,NA,NA,NA,Career,NA,NA,Penn State,NA,32,NA,NA,NA,NA,NA,NA,NA,NA,Career
1148,Quincy Enunwa,13,41,5.073170732,Career,NA,0,NA,0,0,1,0,NA,NA,0,0,NA,0,NA,NA,0,NA,NA,NA,NA,NA,90,WR,0,NA,NA,NA,NA,NA,NA,NA,NA,NA,NA,0,NA,Career,3,0,Nebraska,3,15,NA,225,NA,NA,NA,0,NA,NA,NA
1149,Alex Erickson,9,64,2.25,Career,NA,1,NA,0,0,0,0,NA,NA,0,0,NA,0,NA,NA,0,NA,NA,NA,NA,NA,36,WR,0,NA,NA,NA,NA,NA,NA,NA,NA,NA,NA,0,NA,Career,3,0,Wisconsin,4,6,NA,199,NA,NA,NA,0,NA,NA,NA
1165,Lee Evans,56,118,7.593220339,NA,4.2,NA,3,NA,NA,NA,NA,NA,NA,NA,NA,1,1,NA,5,NA,60,0,66,13.2,NA,168,WR,0,130.9,NA,NA,NA,NA,NA,NA,NA,NA,NA,NA,NA,Career,NA,NA,Wisconsin,NA,28,NA,NA,NA,NA,NA,NA,NA,NA,Career
1169,Troy Evans,9,119,1.210084034,2011,NA,0,NA,NA,NA,0,0,NA,11,0,0,NA,NA,NA,NA,0,NA,NA,NA,NA,NA,12,WR,NA,NA,NA,NA,NA,NA,NA,NA,NA,NA,NA,0,NA,2011,0,0,Marshall,0,2,NA,NA,NA,NA,NA,0,NA,NA,NA
1213,Yamon Figurs,2,34,0.941176471,NA,NA,1,NA,NA,NA,NA,NA,NA,NA,0,0,NA,1,NA,NA,NA,NA,NA,NA,NA,NA,66,WR,2,NA,NA,NA,NA,NA,NA,NA,NA,NA,NA,0,NA,Career,15,0,Kansas State,16,11,NA,NA,NA,NA,NA,0,NA,NA,Career
1226,Larry Fitzgerald,133,250,8.512,NA,NA,NA,NA,NA,NA,NA,NA,NA,NA,NA,NA,NA,NA,NA,NA,NA,NA,NA,NA,NA,NA,204,WR,NA,NA,NA,NA,NA,NA,NA,NA,NA,NA,NA,NA,NA,Career,NA,NA,Pitt,NA,34,NA,NA,NA,NA,NA,NA,NA,NA,Career
1243,Malcom Floyd,54,121,7.140495868,NA,NA,NA,NA,NA,NA,NA,NA,NA,NA,NA,NA,NA,NA,NA,NA,NA,NA,NA,NA,NA,NA,84,WR,NA,NA,NA,NA,NA,NA,NA,NA,NA,NA,NA,NA,NA,Career,NA,NA,Wyoming,NA,14,NA,NA,NA,NA,NA,NA,NA,NA,Career
1244,Michael Floyd,31,102,4.862745098,Career,NA,0,NA,NA,NA,0,0,NA,NA,0,0,NA,NA,NA,NA,0,NA,NA,NA,NA,NA,228,WR,0,NA,NA,NA,NA,NA,NA,NA,NA,NA,NA,0,NA,Career,2,0,Notre Dame,2,38,NA,NA,NA,NA,NA,0,NA,NA,NA
1259,Jacoby Ford,12,38,5.052631579,Career,37.5,3,2,NA,NA,NA,NA,NA,NA,0,0,0,1,NA,2,NA,100,1,55,27.5,NA,126,WR,2,496,NA,NA,NA,NA,NA,NA,NA,NA,NA,0,NA,Career,17,0,Clemson,20,21,NA,NA,NA,NA,NA,0,NA,NA,NA
1278,Robert Foster,5,26,3.076923077,Career,NA,1,NA,0,0,0,0,NA,NA,0,0,NA,0,NA,NA,0,NA,NA,NA,NA,NA,18,WR,0,NA,NA,NA,NA,NA,NA,NA,NA,NA,NA,0,NA,Career,3,0,Alabama,4,3,NA,194,NA,NA,NA,0,NA,NA,NA
1280,Bennie Fowler,8,63,2.031746032,Career,NA,2,NA,0,0,0,0,NA,NA,0,0,NA,0,NA,NA,0,NA,NA,NA,NA,NA,78,WR,1,NA,NA,NA,NA,NA,NA,NA,NA,NA,NA,0,NA,Career,2,0,Michigan State,4,13,NA,212,NA,NA,NA,0,NA,NA,NA
1328,Devin Funchess,21,62,5.419354839,Career,NA,0,NA,0,0,0,0,NA,NA,0,0,NA,0,NA,NA,0,NA,NA,NA,NA,NA,90,WR,0,NA,NA,NA,NA,NA,NA,NA,NA,NA,NA,0,NA,Career,2,0,Michigan,2,15,NA,230,NA,NA,NA,0,NA,NA,NA
1335,Jabar Gaffney,52,158,5.265822785,NA,16.3,NA,2,NA,NA,NA,NA,NA,NA,NA,NA,0,NA,NA,3,NA,66.7,0,49,16.3,NA,162,WR,NA,203.9,NA,NA,NA,NA,NA,NA,NA,NA,NA,NA,NA,Career,NA,NA,Florida,NA,27,NA,NA,NA,NA,NA,NA,NA,NA,Career
1337,Justin Gage,28,100,4.48,NA,4.1,NA,18,NA,NA,NA,NA,NA,NA,NA,NA,3,0,NA,49,NA,36.7,4,258,5.3,NA,114,WR,1,95.7,NA,NA,NA,NA,NA,NA,NA,NA,NA,NA,NA,Career,NA,NA,Missouri,NA,19,NA,NA,NA,NA,NA,NA,NA,NA,Career
1338,Russell Gage,5,31,2.580645161,Career,0,10,0,0,0,0,1,NA,NA,0,0,0,0,NA,1,0,0,0,0,0,54,30,WR,0,0,4,347,13.3,26,28,1,232,8.3,5,0,NA,Career,9,0,LSU,19,5,NA,184,579,10.7,NA,0,NA,NA,NA
1346,Michael Gallup,13,30,6.933333333,Career,NA,0,NA,0,0,0,0,NA,NA,0,0,NA,0,NA,NA,0,NA,NA,NA,NA,NA,128,WR,0,NA,NA,NA,NA,NA,NA,NA,NA,NA,NA,0,NA,Career,3,0,Colorado State,3,21,1,200,NA,NA,NA,0,NA,NA,NA
1349,Chris Gamble,55,123,7.154471545,NA,NA,NA,NA,NA,NA,NA,NA,NA,NA,7,1,NA,0,NA,NA,NA,NA,NA,NA,NA,NA,12,WR,0,NA,NA,NA,NA,NA,NA,NA,NA,NA,NA,NA,NA,Career,NA,NA,Ohio State,NA,2,NA,NA,NA,NA,NA,40,5.7,NA,Career
1386,David Gettis,3,17,2.823529412,Career,NA,0,NA,NA,NA,NA,NA,NA,NA,0,0,NA,1,NA,NA,NA,NA,NA,NA,NA,NA,30,WR,NA,NA,NA,NA,NA,NA,NA,NA,NA,NA,NA,0,NA,Career,7,0,Baylor,7,5,NA,NA,NA,NA,NA,0,NA,NA,NA
1392,Brandon Gibson,19,76,4,Career,0,1,0,NA,NA,NA,NA,NA,NA,0,0,0,0,NA,1,NA,0,0,0,0,NA,102,WR,NA,0,NA,NA,NA,NA,NA,NA,NA,NA,NA,0,NA,Career,6,0.5,Washington State,7,17,NA,NA,NA,NA,NA,0,NA,NA,NA
1395,Shelton Gibson,0,20,0,Career,NA,3,NA,0,0,1,0,NA,NA,0,0,NA,1,NA,NA,0,NA,NA,NA,NA,NA,108,WR,0,NA,NA,NA,NA,NA,NA,NA,NA,NA,NA,0,NA,Career,11,0,West Virginia,14,18,NA,198,NA,NA,NA,0,NA,NA,NA
1407,Ted Ginn Jr.,65,187,5.561497326,NA,29,0,1,NA,NA,NA,NA,NA,NA,0,0,0,2,NA,2,NA,50,1,38,19,NA,156,WR,6,374.6,NA,NA,NA,NA,NA,NA,NA,NA,NA,0,NA,Career,1,0,Ohio State,1,26,NA,NA,NA,NA,NA,0,NA,NA,Career
1410,Chris Givens,13,60,3.466666667,Career,NA,3,NA,NA,NA,0,0,NA,NA,0,0,NA,0,NA,NA,0,NA,NA,NA,NA,NA,96,WR,1,NA,NA,NA,NA,NA,NA,NA,NA,NA,NA,0,NA,Career,3,0,Miami (OH),6,16,NA,NA,NA,NA,NA,0,NA,NA,NA
1423,Chris Godwin,20,46,6.956521739,Career,NA,3,NA,0,0,0,1,NA,NA,0,0,NA,0,NA,NA,0,NA,NA,NA,NA,NA,108,WR,0,NA,NA,NA,NA,NA,NA,NA,NA,NA,NA,0,NA,Career,3,0,Penn State,6,18,NA,205,NA,NA,NA,0,NA,NA,NA
1436,Kenny Golladay,21,42,8,Career,NA,2,NA,0,0,0,0,NA,NA,0,0,NA,0,NA,NA,0,NA,NA,NA,NA,NA,126,WR,0,NA,NA,NA,NA,NA,NA,NA,NA,NA,NA,0,NA,Career,6,0.5,Northern Illinois,8,21,NA,218,NA,NA,NA,0,NA,NA,NA
1440,Tony Gonzalez,149,270,8.82962963,NA,NA,NA,NA,NA,NA,NA,NA,NA,NA,NA,NA,NA,NA,NA,NA,NA,NA,NA,NA,NA,NA,72,WR,NA,NA,NA,NA,NA,NA,NA,NA,NA,NA,NA,NA,NA,Career,NA,NA,Boston College,NA,12,NA,NA,NA,NA,NA,NA,NA,NA,Career
1448,Marquise Goodwin,19,75,4.053333333,Career,NA,0,NA,NA,NA,NA,NA,NA,NA,0,0,NA,1,NA,NA,NA,NA,NA,NA,NA,NA,66,WR,0,NA,NA,NA,NA,NA,NA,NA,NA,NA,NA,0,NA,Career,4,0,Texas,4,11,NA,NA,NA,NA,NA,0,NA,NA,NA
1452,Richard Goodman,1,26,0.615384615,2005,NA,NA,NA,NA,NA,NA,NA,NA,8,0,0,NA,NA,NA,NA,NA,NA,NA,NA,NA,NA,0,WR,NA,NA,NA,NA,NA,NA,NA,NA,NA,NA,NA,NA,NA,2005,NA,NA,Florida State,NA,0,NA,NA,NA,NA,NA,0,NA,NA,NA
1456,Charles Gordon,4,33,1.939393939,NA,5,13,2,NA,NA,NA,NA,NA,NA,9,0,1,0,NA,5,NA,40,1,50,10,NA,54,WR,0,150,NA,NA,NA,NA,NA,NA,NA,NA,NA,1,NA,Career,15,1.5,Kansas,28,9,NA,NA,NA,NA,NA,52,5.8,NA,Career
1459,Josh Gordon,31,63,7.873015873,Career,NA,0,NA,NA,NA,NA,NA,NA,NA,0,0,NA,0,NA,NA,NA,NA,NA,NA,NA,NA,42,WR,NA,NA,NA,NA,NA,NA,NA,NA,NA,NA,NA,0,NA,Career,3,0,Baylor,3,7,NA,NA,NA,NA,NA,0,NA,NA,NA
1478,T.J. Graham,7,47,2.382978723,Career,NA,0,NA,NA,NA,NA,NA,NA,NA,0,0,NA,2,NA,NA,NA,NA,NA,NA,NA,NA,96,WR,2,NA,NA,NA,NA,NA,NA,NA,NA,NA,NA,0,NA,Career,1,0,North Carolina State,1,16,NA,NA,NA,NA,NA,0,NA,NA,NA
1482,Jakeem Grant,9,52,2.769230769,Career,92,1,1,0,0,0,0,NA,NA,0,0,0,4,NA,1,0,100,1,72,72,NA,198,WR,0,1034.8,NA,NA,NA,NA,NA,NA,NA,NA,NA,0,NA,Career,4,0,Texas Tech,5,33,NA,168,NA,NA,NA,0,NA,NA,NA
1484,Ryan Grant,38,68,8.941176471,Career,-22.5,0,0,0,0,0,0,NA,NA,0,0,1,0,NA,2,0,0,0,0,0,NA,126,WR,0,-100,NA,NA,NA,NA,NA,NA,NA,NA,NA,0,NA,Career,4,0,Tulane,4,21,NA,191,NA,NA,NA,0,NA,NA,NA
1491,A.J. Green,80,111,11.53153153,Career,NA,0,NA,NA,NA,NA,NA,NA,NA,0,0,NA,NA,NA,NA,NA,NA,NA,NA,NA,NA,138,WR,0,NA,NA,NA,NA,NA,NA,NA,NA,NA,NA,0,NA,Career,1,0,Georgia,1,23,NA,160,NA,NA,NA,0,NA,NA,NA
1499,Dorial Green-Beckham,7,31,3.612903226,Career,NA,0,NA,0,0,0,0,NA,NA,0,0,NA,0,NA,NA,0,NA,NA,NA,NA,NA,102,WR,0,NA,NA,NA,NA,NA,NA,NA,NA,NA,NA,0,NA,Career,1,0,Missouri,1,17,NA,225,NA,NA,NA,0,NA,NA,NA
1510,Rashad Greene,2,25,1.28,Career,NA,0,NA,0,0,0,0,NA,NA,0,0,NA,0,NA,NA,0,NA,NA,NA,NA,NA,192,WR,2,NA,NA,NA,NA,NA,NA,NA,NA,NA,NA,0,NA,Career,1,0,Florida State,1,32,NA,180,NA,NA,NA,0,NA,NA,NA
1561,D.J. Hackett,15,42,5.714285714,NA,NA,NA,NA,NA,NA,NA,NA,NA,NA,NA,NA,NA,NA,NA,NA,NA,NA,NA,NA,NA,NA,66,WR,0,NA,NA,NA,NA,NA,NA,NA,NA,NA,NA,NA,NA,Career,NA,NA,Colorado,NA,11,NA,NA,NA,NA,NA,NA,NA,NA,Career
1564,Derek Hagan,14,100,2.24,NA,NA,0,NA,NA,NA,NA,NA,NA,NA,0,0,NA,NA,NA,NA,NA,NA,NA,NA,NA,NA,162,WR,NA,NA,NA,NA,NA,NA,NA,NA,NA,NA,NA,0,NA,Career,1,0,Arizona State,1,27,NA,NA,NA,NA,NA,0,NA,NA,Career
1587,Marvin Hall,4,33,1.939393939,Career,43.7,1,3,0,0,0,0,NA,NA,0,0,0,0,NA,3,0,100,2,91,30.3,NA,6,WR,0,574.8,NA,NA,NA,NA,NA,NA,NA,NA,NA,0,NA,Career,0,0,Washington,1,1,NA,190,NA,NA,NA,0,NA,NA,NA
1592,DaeSean Hamilton,4,30,2.133333333,Career,NA,0,NA,0,0,0,0,NA,NA,0,0,NA,0,NA,NA,0,NA,NA,NA,NA,NA,110,WR,0,NA,NA,NA,NA,NA,NA,NA,NA,NA,NA,0,NA,Career,3,0,Penn State,3,18,1,204,NA,NA,NA,0,NA,NA,NA
1600,Leonard Hankerson,12,41,4.682926829,Career,NA,0,NA,NA,NA,NA,NA,NA,NA,0,0,NA,NA,NA,NA,NA,NA,NA,NA,NA,NA,132,WR,NA,NA,NA,NA,NA,NA,NA,NA,NA,NA,NA,0,NA,Career,5,0,Miami (FL),5,22,NA,NA,NA,NA,NA,0,NA,NA,NA
1607,James Hardy,1,16,1,Career,NA,0,NA,NA,NA,NA,NA,NA,NA,0,0,NA,NA,NA,NA,NA,NA,NA,NA,NA,NA,216,WR,NA,NA,NA,NA,NA,NA,NA,NA,NA,NA,NA,0,NA,Career,1,0,Indiana,1,36,NA,NA,NA,NA,NA,0,NA,NA,NA
1608,Justin Hardy,9,73,1.97260274,Career,18.7,3,4,0,0,0,0,NA,NA,0,0,0,0,NA,10,0,40,2,147,14.7,NA,216,WR,0,229.5,NA,NA,NA,NA,NA,NA,NA,NA,NA,0,NA,Career,4,0,East Carolina,7,36,NA,188,NA,NA,NA,0,NA,NA,NA
1609,Justin Hardee,3,46,1.043478261,Career,NA,9,NA,0,0,0,0,NA,NA,0,0,NA,0,NA,NA,0,NA,NA,NA,NA,NA,6,WR,0,NA,NA,NA,NA,NA,NA,NA,NA,NA,NA,0,NA,Career,9,0,Illinois,18,1,NA,200,NA,NA,NA,0,NA,NA,NA
1636,Dwayne Harris,13,106,1.962264151,Career,21.4,1,4,NA,NA,NA,NA,NA,NA,0,0,0,3,NA,9,NA,44.4,2,153,17,NA,174,WR,0,260.6,NA,NA,NA,NA,NA,NA,NA,NA,NA,0,NA,Career,3,0,East Carolina,4,29,NA,NA,NA,NA,NA,0,NA,NA,NA
1642,Marvin Harrison,161,190,13.55789474,NA,NA,NA,NA,NA,NA,NA,NA,NA,NA,1,0,NA,0,NA,NA,NA,NA,NA,NA,NA,NA,138,WR,2,NA,NA,NA,NA,NA,NA,NA,NA,NA,NA,NA,NA,Career,NA,NA,Syracuse,NA,23,NA,NA,NA,NA,NA,0,0,NA,Career
1660,Brian Hartline,36,104,5.538461538,Career,NA,5,NA,NA,NA,NA,NA,NA,NA,0,0,NA,NA,NA,NA,NA,NA,NA,NA,NA,NA,78,WR,1,NA,NA,NA,NA,NA,NA,NA,NA,NA,NA,0,NA,Career,9,0,Ohio State,14,13,NA,NA,NA,NA,NA,0,NA,NA,NA
1677,Andrew Hawkins,19,74,4.108108108,Career,NA,4,NA,NA,NA,NA,NA,NA,NA,0,0,NA,0,NA,NA,NA,NA,NA,NA,NA,NA,30,WR,NA,NA,NA,NA,NA,NA,NA,NA,NA,NA,NA,0,NA,Career,13,0,Toledo,17,5,NA,NA,NA,NA,NA,0,NA,NA,NA
1679,Lavelle Hawkins,7,56,2,Career,NA,0,NA,NA,NA,NA,NA,NA,NA,0,0,NA,1,NA,NA,NA,NA,NA,NA,NA,NA,78,WR,NA,NA,NA,NA,NA,NA,NA,NA,NA,NA,NA,0,NA,Career,2,0,California,2,13,NA,NA,NA,NA,NA,0,NA,NA,NA
1683,Kelvin Hayden,27,101,4.277227723,NA,NA,NA,NA,NA,NA,NA,NA,NA,NA,4,1,NA,0,NA,NA,NA,NA,NA,NA,NA,NA,24,WR,0,NA,NA,NA,NA,NA,NA,NA,NA,NA,NA,NA,NA,Career,NA,NA,Illinois,NA,4,NA,NA,NA,NA,NA,84,21,NA,Career
1709,Junior Hemingway,2,31,1.032258065,Career,NA,1,NA,NA,NA,0,0,NA,NA,0,0,NA,0,NA,NA,0,NA,NA,NA,NA,NA,66,WR,0,NA,NA,NA,NA,NA,NA,NA,NA,NA,NA,0,NA,Career,3,0,Michigan,4,11,NA,NA,NA,NA,NA,0,NA,NA,NA
1710,Devery Henderson,41,124,5.290322581,NA,NA,NA,NA,NA,NA,NA,NA,NA,NA,NA,NA,NA,0,NA,NA,NA,NA,NA,NA,NA,164,132,WR,NA,NA,19,1335,16.5,81,83,3,433,5.2,22,NA,NA,Career,NA,NA,LSU,NA,22,NA,NA,1768,10.8,NA,NA,NA,NA,Career
1735,Devin Hester,57,156,5.846153846,NA,NA,0,NA,NA,NA,NA,NA,1,NA,5,0,NA,2,0,NA,NA,NA,NA,NA,NA,34,48,WR,4,NA,0,196,19.6,10,24,1,160,6.7,1,1,NA,Career,11,1,Miami (FL),11,8,NA,NA,356,10.5,0,57,11.4,NA,Career
1743,Darrius Heyward-Bey,25,144,2.777777778,Career,NA,0,NA,NA,NA,NA,NA,NA,NA,0,0,NA,NA,NA,NA,NA,NA,NA,NA,NA,NA,90,WR,NA,NA,NA,NA,NA,NA,NA,NA,NA,NA,NA,0,NA,Career,3,0,Maryland,3,15,NA,NA,NA,NA,NA,0,NA,NA,NA
1750,Rashard Higgins,6,54,1.777777778,Career,NA,0,NA,0,0,0,0,NA,NA,0,0,NA,0,NA,NA,0,NA,NA,NA,NA,NA,186,WR,0,NA,NA,NA,NA,NA,NA,NA,NA,NA,NA,0,NA,Career,3,0,Colorado State,3,31,NA,190,NA,NA,NA,0,NA,NA,NA
1760,Ike Hilliard,53,161,5.267080745,NA,NA,NA,NA,NA,NA,NA,NA,NA,NA,NA,NA,NA,0,NA,NA,NA,NA,NA,NA,NA,NA,174,WR,0,NA,NA,NA,NA,NA,NA,NA,NA,NA,NA,NA,NA,Career,NA,NA,Florida,NA,29,NA,NA,NA,NA,NA,NA,NA,NA,Career
1762,Jeremy Hill,22,55,6.4,2008,NA,NA,NA,NA,NA,NA,NA,NA,6,0,0,NA,NA,NA,NA,NA,NA,NA,NA,NA,NA,0,WR,0,NA,NA,NA,NA,NA,NA,NA,NA,NA,NA,NA,NA,2008,NA,NA,Ball State,NA,0,NA,NA,NA,NA,NA,0,NA,NA,NA
1773,Stephen Hill,4,23,2.782608696,Career,NA,0,NA,NA,NA,NA,NA,NA,NA,0,0,NA,0,NA,NA,NA,NA,NA,NA,NA,NA,60,WR,NA,NA,NA,NA,NA,NA,NA,NA,NA,NA,NA,0,NA,Career,1,0,Georgia Tech,1,10,NA,NA,NA,NA,NA,0,NA,NA,NA
1780,T.Y. Hilton,77,118,10.44067797,Career,29,0,2,NA,NA,1,1,NA,NA,0,0,0,4,NA,2,0,100,1,38,19,NA,222,WR,2,424.6,NA,NA,NA,NA,NA,NA,NA,NA,NA,0,NA,Career,4,0,Florida International,4,37,NA,NA,NA,NA,NA,0,NA,NA,NA
1783,Domenik Hixon,18,76,3.789473684,NA,NA,0,NA,NA,NA,NA,NA,NA,NA,1,0,NA,1,NA,NA,NA,NA,NA,NA,NA,NA,96,WR,1,NA,NA,NA,NA,NA,NA,NA,NA,NA,NA,0,NA,Career,1,0,Akron,1,16,NA,NA,NA,NA,NA,25,25,NA,Career
1797,Jesse Holley,1,28,0.571428571,NA,NA,0,NA,NA,NA,NA,NA,NA,NA,0,0,NA,NA,NA,NA,NA,NA,NA,NA,NA,NA,42,WR,NA,NA,NA,NA,NA,NA,NA,NA,NA,NA,NA,0,NA,Career,6,0,North Carolina,6,7,NA,NA,NA,NA,NA,0,NA,NA,Career
1799,Mack Hollins,3,32,1.5,Career,NA,6,NA,0,0,0,1,NA,NA,0,0,NA,0,NA,NA,0,NA,NA,NA,NA,NA,120,WR,0,NA,NA,NA,NA,NA,NA,NA,NA,NA,NA,0,NA,Career,18,0,North Carolina,24,20,NA,221,NA,NA,NA,0,NA,NA,NA
1805,Santonio Holmes,54,112,7.714285714,NA,NA,NA,NA,NA,NA,NA,NA,NA,NA,NA,NA,NA,0,NA,NA,NA,NA,NA,NA,NA,NA,156,WR,1,NA,NA,NA,NA,NA,NA,NA,NA,NA,NA,NA,NA,Career,NA,NA,Ohio State,NA,26,NA,NA,NA,NA,NA,NA,NA,NA,Career
1806,Glenn Holt,2,42,0.761904762,NA,NA,NA,NA,NA,NA,NA,NA,NA,NA,NA,NA,NA,0,NA,NA,NA,NA,NA,NA,NA,NA,48,WR,NA,NA,NA,NA,NA,NA,NA,NA,NA,NA,NA,NA,NA,Career,NA,NA,Kentucky,NA,8,NA,NA,NA,NA,NA,NA,NA,NA,Career
1807,Johnny Holton,4,48,1.333333333,Career,NA,0,NA,0,0,0,0,NA,NA,0,0,NA,0,NA,NA,0,NA,NA,NA,NA,NA,60,WR,0,NA,NA,NA,NA,NA,NA,NA,NA,NA,NA,0,NA,Career,2,0,Cincinnati,2,10,NA,190,NA,NA,NA,0,NA,NA,NA
1809,Torry Holt,123,173,11.37572254,NA,65,NA,1,NA,NA,NA,NA,NA,NA,NA,NA,0,0,NA,1,NA,100,1,45,45,NA,198,WR,2,808,NA,NA,NA,NA,NA,NA,NA,NA,NA,NA,NA,Career,NA,NA,North Carolina State,NA,33,NA,NA,NA,NA,NA,NA,NA,NA,Career
1829,T.J. Houshmandzadeh,66,146,7.232876712,NA,NA,NA,NA,NA,NA,NA,NA,NA,NA,NA,NA,NA,0,NA,NA,NA,NA,NA,NA,NA,NA,54,WR,0,NA,NA,NA,NA,NA,NA,NA,NA,NA,NA,NA,NA,Career,NA,NA,Oregon State,NA,9,NA,NA,NA,NA,NA,NA,NA,NA,Career
1845,Josh Huff,6,37,2.594594595,Career,NA,0,NA,0,0,0,0,NA,NA,0,0,NA,0,NA,NA,0,NA,NA,NA,NA,NA,156,WR,0,NA,NA,NA,NA,NA,NA,NA,NA,NA,NA,0,NA,Career,2,0,Oregon,2,26,NA,205,NA,NA,NA,0,NA,NA,NA
1859,Adam Humphries,21,72,4.666666667,Career,NA,2,NA,0,0,0,0,NA,NA,0,0,NA,0,NA,NA,0,NA,NA,NA,NA,NA,30,WR,1,NA,NA,NA,NA,NA,NA,NA,NA,NA,NA,0,NA,Career,7,0,Clemson,9,5,NA,190,NA,NA,NA,0,NA,NA,NA
1861,Tory Humphrey,1,31,0.516129032,NA,NA,NA,NA,NA,NA,NA,NA,NA,NA,NA,NA,NA,0,NA,NA,NA,NA,NA,NA,NA,NA,42,WR,NA,NA,NA,NA,NA,NA,NA,NA,NA,NA,NA,NA,NA,Career,NA,NA,Central Michigan,NA,7,NA,NA,NA,NA,NA,NA,NA,NA,Career
1867,Justin Hunter,10,60,2.666666667,Career,NA,0,NA,NA,NA,NA,NA,NA,NA,0,0,NA,NA,NA,NA,NA,NA,NA,NA,NA,NA,108,WR,0,NA,NA,NA,NA,NA,NA,NA,NA,NA,NA,0,NA,Career,1,0,Tennessee,1,18,NA,235,NA,NA,NA,0,NA,NA,NA
1872,Sam Hurd,7,77,1.454545455,NA,NA,2,NA,NA,NA,NA,NA,NA,NA,0,0,NA,NA,NA,NA,NA,NA,NA,NA,NA,NA,126,WR,NA,NA,NA,NA,NA,NA,NA,NA,NA,NA,NA,0,NA,Career,0,0,Northern Illinois,2,21,NA,NA,NA,NA,NA,0,NA,NA,Career
1873,Allen Hurns,25,82,4.87804878,Career,NA,1,NA,0,0,0,0,NA,NA,0,0,NA,0,NA,NA,0,NA,NA,NA,NA,NA,84,WR,0,NA,NA,NA,NA,NA,NA,NA,NA,NA,NA,0,0,Career,5,0,Miami (FL),6,14,0,195,NA,NA,NA,0,NA,NA,NA
1892,Dontrelle Inman,18,65,4.430769231,Career,NA,NA,NA,NA,NA,NA,NA,NA,NA,NA,NA,NA,NA,NA,NA,NA,NA,NA,NA,NA,NA,18,WR,NA,NA,NA,NA,NA,NA,NA,NA,NA,NA,NA,NA,NA,Career,NA,NA,Virginia,NA,3,NA,NA,NA,NA,NA,NA,NA,NA,NA
1912,Chad Jackson,2,18,1.777777778,NA,NA,NA,NA,NA,NA,NA,NA,NA,NA,NA,NA,NA,0,NA,NA,NA,NA,NA,NA,NA,NA,108,WR,0,NA,NA,NA,NA,NA,NA,NA,NA,NA,NA,NA,NA,Career,NA,NA,Florida,NA,18,NA,NA,NA,NA,NA,NA,NA,NA,Career
1924,Jamaal Jackson,37,88,6.727272727,Career,NA,NA,NA,NA,NA,NA,NA,NA,NA,NA,NA,NA,0,NA,NA,NA,NA,NA,NA,NA,NA,60,WR,0,NA,NA,NA,NA,NA,NA,NA,NA,NA,NA,NA,NA,Career,NA,NA,North Texas,NA,10,NA,NA,NA,NA,NA,NA,NA,NA,NA
1946,Charles James,3,34,1.411764706,NA,NA,NA,NA,NA,NA,NA,NA,NA,NA,NA,NA,NA,NA,NA,NA,NA,NA,NA,NA,NA,NA,6,WR,NA,NA,NA,NA,NA,NA,NA,NA,NA,NA,NA,NA,NA,Career,NA,NA,UNLV,NA,1,NA,NA,NA,NA,NA,NA,NA,NA,Career
1957,Richie James,4,29,2.206896552,Career,10,0,6,0,0,0,0,NA,NA,0,0,0,0,NA,8,0,75,0,80,10,NA,168,WR,0,159,NA,NA,NA,NA,NA,NA,NA,NA,NA,0,NA,Career,2,0,Middle Tennessee State,2,28,NA,176,NA,NA,NA,0,NA,NA,NA
1966,Dwayne Jarrett,4,32,2,NA,-8.5,0,1,NA,NA,NA,NA,NA,NA,0,0,1,NA,NA,4,NA,25,0,11,2.8,NA,246,WR,NA,-1.9,NA,NA,NA,NA,NA,NA,NA,NA,NA,0,NA,Career,1,0,USC,1,41,NA,NA,NA,NA,NA,0,NA,NA,Career
1975,Alshon Jeffery,56,102,8.784313725,Career,NA,0,NA,NA,NA,NA,NA,NA,NA,0,0,NA,0,NA,NA,NA,NA,NA,NA,NA,NA,138,WR,NA,NA,NA,NA,NA,NA,NA,NA,NA,NA,NA,0,NA,Career,1,0,South Carolina,1,23,NA,NA,NA,NA,NA,0,NA,NA,NA
1980,A.J. Jenkins,2,28,1.142857143,Career,NA,0,NA,NA,NA,NA,NA,NA,NA,0,0,NA,1,NA,NA,NA,NA,NA,NA,NA,NA,120,WR,NA,NA,NA,NA,NA,NA,NA,NA,NA,NA,NA,0,NA,Career,3,0,Illinois,3,20,NA,NA,NA,NA,NA,0,NA,NA,NA
1987,Justin Jenkins,0,36,0,NA,NA,NA,NA,NA,NA,NA,NA,NA,NA,NA,NA,NA,0,NA,NA,NA,NA,NA,NA,NA,NA,102,WR,NA,NA,NA,NA,NA,NA,NA,NA,NA,NA,NA,NA,NA,Career,NA,NA,Mississippi State,NA,17,NA,NA,NA,NA,NA,NA,NA,NA,Career
1990,Michael Jenkins,46,130,5.661538462,NA,NA,NA,NA,NA,NA,NA,NA,NA,NA,NA,NA,NA,0,NA,NA,NA,NA,NA,NA,NA,NA,102,WR,1,NA,NA,NA,NA,NA,NA,NA,NA,NA,NA,NA,NA,Career,NA,NA,Ohio State,NA,17,NA,NA,NA,NA,NA,NA,NA,NA,Career
1993,Adam Jennings,0,46,0,NA,NA,0,NA,NA,NA,NA,NA,NA,NA,0,0,NA,0,NA,NA,NA,NA,NA,NA,NA,NA,84,WR,2,NA,NA,NA,NA,NA,NA,NA,NA,NA,NA,0,NA,Career,2,0,Fresno State,2,14,NA,NA,NA,NA,NA,0,NA,NA,Career
1995,Darius Jennings,3,28,1.714285714,Career,0,1,0,0,0,0,0,NA,NA,0,0,0,0,NA,1,0,0,0,0,0,NA,72,WR,0,0,NA,NA,NA,NA,NA,NA,NA,NA,NA,0,NA,Career,3,0,Virginia,4,12,NA,175,NA,NA,NA,0,NA,NA,NA
1996,Greg Jennings,77,143,8.615384615,NA,-1,0,1,NA,NA,NA,NA,NA,NA,0,0,1,0,NA,3,NA,33.3,1,22,7.3,NA,246,WR,2,138.3,NA,NA,NA,NA,NA,NA,NA,NA,NA,0,NA,Career,2,0,Western Michigan,2,41,NA,NA,NA,NA,NA,0,NA,NA,Career
2003,Jerrel Jernigan,2,34,0.941176471,Career,8.3,0,7,NA,NA,NA,NA,NA,NA,0,0,0,1,NA,10,NA,70,2,43,4.3,NA,150,WR,1,172.1,NA,NA,NA,NA,NA,NA,NA,NA,NA,0,NA,Career,3,0,Troy,3,25,NA,NA,NA,NA,NA,0,NA,NA,NA
2012,Andre Johnson,125,193,10.3626943,NA,NA,NA,NA,NA,NA,NA,NA,NA,NA,NA,NA,NA,0,NA,NA,NA,NA,NA,NA,NA,NA,120,WR,NA,NA,NA,NA,NA,NA,NA,NA,NA,NA,NA,NA,NA,Career,NA,NA,Miami (FL),NA,20,NA,NA,NA,NA,NA,NA,NA,NA,Career
2014,Anthony Johnson,2,22,1.454545455,Career,17,0,1,NA,NA,NA,NA,NA,NA,0,0,0,NA,NA,2,NA,50,0,34,17,NA,42,WR,NA,192.8,NA,NA,NA,NA,NA,NA,NA,NA,NA,0,NA,Career,4,0,Arizona,4,7,NA,205,NA,NA,NA,0,NA,NA,NA
2017,Bryant Johnson,30,139,3.45323741,NA,NA,NA,NA,NA,NA,NA,NA,NA,NA,NA,NA,NA,NA,NA,NA,NA,NA,NA,NA,NA,NA,66,WR,1,NA,NA,NA,NA,NA,NA,NA,NA,NA,NA,NA,NA,Career,NA,NA,Penn State,NA,11,NA,NA,NA,NA,NA,NA,NA,NA,Career
2020,Calvin Johnson,93,135,11.02222222,NA,7,0,1,NA,NA,NA,NA,NA,NA,0,0,0,NA,NA,1,NA,100,0,7,7,NA,174,WR,NA,158.8,NA,NA,NA,NA,NA,NA,NA,NA,NA,0,NA,Career,2,0,Georgia Tech,2,29,NA,NA,NA,NA,NA,0,NA,NA,Career
2023,Chad Johnson,104,166,10.02409639,NA,NA,NA,NA,NA,NA,NA,NA,NA,NA,NA,NA,NA,NA,NA,NA,NA,NA,NA,NA,NA,NA,48,WR,NA,NA,NA,NA,NA,NA,NA,NA,NA,NA,NA,NA,NA,Career,NA,NA,Oregon State,NA,8,NA,NA,NA,NA,NA,NA,NA,NA,Career
2027,Darcy Johnson,1,34,0.470588235,NA,NA,0,NA,NA,NA,NA,NA,NA,NA,0,0,NA,0,NA,NA,NA,NA,NA,NA,NA,NA,36,WR,NA,NA,NA,NA,NA,NA,NA,NA,NA,NA,NA,0,NA,Career,1,0,UCF,1,6,NA,NA,NA,NA,NA,0,NA,NA,Career
2028,Damaris Johnson,6,44,2.181818182,Career,NA,0,NA,NA,NA,0,0,NA,NA,0,0,NA,2,NA,NA,0,NA,NA,NA,NA,NA,174,WR,2,NA,NA,NA,NA,NA,NA,NA,NA,NA,NA,0,NA,Career,3,0,Tulsa,3,29,NA,NA,NA,NA,NA,0,NA,NA,NA
2046,John Johnson,13,38,5.473684211,Career,32,2,4,0,0,0,0,NA,NA,0,0,0,0,NA,4,0,100,2,88,22,NA,26,WR,0,449.8,NA,NA,NA,NA,NA,NA,NA,NA,NA,0,NA,Career,7,0,Troy,9,4,1,193,NA,NA,NA,0,NA,NA,NA
2054,Marcus Johnson,4,23,2.782608696,Career,NA,1,NA,0,0,0,0,NA,NA,0,0,NA,0,NA,NA,0,NA,NA,NA,NA,NA,24,WR,0,NA,NA,NA,NA,NA,NA,NA,NA,NA,NA,0,NA,Career,1,0,Texas,2,4,NA,194,NA,NA,NA,0,NA,NA,NA
2067,Thomas Johnson,7,26,4.307692308,Career,NA,NA,NA,NA,NA,NA,NA,NA,NA,NA,NA,NA,NA,NA,NA,NA,NA,NA,NA,NA,NA,6,WR,NA,NA,NA,NA,NA,NA,NA,NA,NA,NA,NA,NA,NA,Career,NA,NA,Texas A&M,NA,1,NA,NA,NA,NA,NA,NA,NA,NA,NA
2084,Chandler Jones,77,119,10.35294118,Career,NA,6,NA,0,0,0,1,1,NA,0,0,NA,0,NA,NA,0,NA,NA,NA,NA,NA,186,WR,0,NA,NA,NA,NA,NA,NA,NA,NA,NA,NA,0,NA,Career,17,0,San Jose State,23,31,NA,174,NA,NA,23,0,NA,NA,NA
2108,Jonathan Jones,11,63,2.793650794,Career,NA,NA,NA,0,0,NA,NA,NA,NA,NA,NA,NA,0,0,NA,NA,NA,NA,NA,NA,NA,6,WR,0,NA,NA,NA,NA,NA,NA,NA,NA,NA,NA,NA,0,Career,NA,NA,Texas Christian,NA,1,0,NA,NA,NA,NA,NA,NA,NA,NA
2112,Julio Jones,113,126,14.34920635,Career,NA,0,NA,NA,NA,NA,NA,NA,NA,0,0,NA,0,NA,NA,NA,NA,NA,NA,NA,NA,102,WR,0,NA,NA,NA,NA,NA,NA,NA,NA,NA,NA,0,NA,Career,3,0,Alabama,3,17,NA,NA,NA,NA,NA,0,NA,NA,NA
2118,Mark Jones,0,62,0,NA,NA,NA,NA,NA,NA,NA,NA,NA,NA,4,0,NA,1,NA,NA,NA,NA,NA,NA,NA,NA,42,WR,1,NA,NA,NA,NA,NA,NA,NA,NA,NA,NA,NA,NA,Career,NA,NA,Tennessee,NA,7,NA,NA,NA,NA,NA,78,19.5,NA,Career
2119,Marvin Jones,45,96,7.5,Career,NA,1,NA,NA,NA,0,0,NA,NA,0,0,NA,NA,NA,NA,0,NA,NA,NA,NA,NA,84,WR,0,NA,NA,NA,NA,NA,NA,NA,NA,NA,NA,0,NA,Career,3,0,California,4,14,NA,NA,NA,NA,NA,0,NA,NA,NA
2121,Nate Jones,10,106,1.509433962,Career,NA,1,NA,NA,NA,NA,NA,NA,NA,0,0,NA,NA,NA,NA,NA,NA,NA,NA,NA,NA,54,WR,NA,NA,NA,NA,NA,NA,NA,NA,NA,NA,NA,0,NA,Career,2,0,Texas,3,9,NA,NA,NA,NA,NA,0,NA,NA,NA
2127,T.J. Jones,6,45,2.133333333,Career,NA,1,NA,0,0,0,0,0,NA,0,0,NA,0,0,NA,0,NA,NA,NA,NA,NA,126,WR,0,NA,NA,NA,NA,NA,NA,NA,NA,NA,NA,0,0,Career,1,0,Overall,2,21,0,196,NA,NA,0,0,NA,NA,NA
2131,Zay Jones,10,46,3.47826087,Career,14,1,3,0,0,0,0,NA,NA,0,0,0,0,NA,4,0,75,1,36,9,NA,140,WR,0,233.1,NA,NA,NA,NA,NA,NA,NA,NA,NA,0,NA,Career,2,0,East Carolina,3,23,1,201,NA,NA,NA,0,NA,NA,NA
2167,Jermaine Kearse,30,99,4.848484848,Career,NA,0,NA,NA,NA,NA,NA,NA,NA,0,0,NA,NA,NA,NA,NA,NA,NA,NA,NA,NA,180,WR,NA,NA,NA,NA,NA,NA,NA,NA,NA,NA,NA,0,NA,Career,3,0,Washington,3,30,NA,NA,NA,NA,NA,0,NA,NA,NA
2182,Malcolm Kelly,3,21,2.285714286,Career,NA,0,NA,NA,NA,NA,NA,NA,NA,0,0,NA,NA,NA,NA,NA,NA,NA,NA,NA,NA,126,WR,NA,NA,NA,NA,NA,NA,NA,NA,NA,NA,NA,0,NA,Career,2,0,Oklahoma,2,21,NA,NA,NA,NA,NA,0,NA,NA,NA
2190,Marcus Kemp,0,17,0,Career,0,0,0,0,0,0,0,NA,NA,0,0,0,0,NA,1,0,0,0,0,0,NA,78,WR,0,0,NA,NA,NA,NA,NA,NA,NA,NA,NA,0,NA,Career,5,0,Hawaii,5,13,NA,200,NA,NA,NA,0,NA,NA,NA
2196,Eddie Kennison,86,179,7.687150838,NA,NA,NA,NA,NA,NA,NA,NA,NA,NA,NA,NA,NA,0,NA,NA,NA,NA,NA,NA,NA,NA,66,WR,1,NA,NA,NA,NA,NA,NA,NA,NA,NA,NA,NA,NA,Career,NA,NA,LSU,NA,11,NA,NA,NA,NA,NA,NA,NA,NA,Career
2199,Jeremy Kerley,26,99,4.202020202,Career,15.7,1,5,NA,NA,NA,NA,NA,NA,0,0,1,0,NA,7,NA,71.4,1,135,19.3,NA,132,WR,2,252,NA,NA,NA,NA,NA,NA,NA,NA,NA,0,NA,Career,0,0,Texas Christian,1,22,NA,NA,NA,NA,NA,0,NA,NA,NA
2219,Tavarres King,2,17,1.882352941,Career,NA,1,NA,NA,NA,NA,NA,NA,NA,0,0,NA,NA,NA,NA,NA,NA,NA,NA,NA,NA,126,WR,NA,NA,NA,NA,NA,NA,NA,NA,NA,NA,NA,0,NA,Career,2,0,Georgia,3,21,NA,NA,NA,NA,NA,0,NA,NA,NA
2221,Christian Kirk,11,25,7.04,Career,0,0,0,0,0,0,0,NA,NA,0,0,0,1,NA,2,0,0,0,0,0,NA,198,WR,6,0,NA,NA,NA,NA,NA,NA,NA,NA,NA,0,NA,Career,3,0,Texas A&M,3,33,NA,200,NA,NA,NA,0,NA,NA,NA
2278,Jarvis Landry,50,96,8.333333333,Career,NA,11,NA,0,0,0,0,NA,NA,0,0,NA,0,NA,NA,0,NA,NA,NA,NA,NA,90,WR,0,NA,NA,NA,NA,NA,NA,NA,NA,NA,NA,0,NA,Career,10,0,LSU,21,15,NA,195,NA,NA,NA,0,NA,NA,NA
2283,Brendan Langley,1,16,1,Career,NA,5,NA,NA,NA,0,0,NA,NA,0,0,NA,NA,NA,NA,3,NA,NA,NA,NA,NA,NA,WR,NA,NA,NA,NA,NA,NA,NA,NA,NA,NA,NA,0,NA,Career,11,1,Georgia,16,NA,NA,188,NA,NA,NA,0,NA,NA,NA
2296,Cody Latimer,6,66,1.454545455,2011,NA,0,NA,NA,NA,0,0,NA,8,0,0,NA,NA,NA,NA,0,NA,NA,NA,NA,NA,12,WR,NA,NA,NA,NA,NA,NA,NA,NA,NA,NA,NA,0,NA,2011,1,0,Indiana,1,2,NA,215,NA,NA,NA,0,NA,NA,NA
2314,Allen Lazard,4,17,3.764705882,Career,NA,1,NA,0,0,0,0,NA,NA,0,0,NA,0,NA,NA,0,NA,NA,NA,NA,NA,156,WR,0,NA,NA,NA,NA,NA,NA,NA,NA,NA,NA,0,NA,Career,6,0,Iowa State,7,26,NA,222,NA,NA,NA,0,NA,NA,NA
2331,Marqise Lee,18,59,4.881355932,Career,NA,0,NA,0,0,0,0,NA,NA,0,0,NA,2,NA,NA,0,NA,NA,NA,NA,NA,186,WR,0,NA,NA,NA,NA,NA,NA,NA,NA,NA,NA,0,NA,Career,3,0,USC,3,31,NA,195,NA,NA,NA,0,NA,NA,NA
2344,Ashley Lelie,39,107,5.831775701,NA,NA,NA,NA,NA,NA,NA,NA,NA,NA,NA,NA,NA,NA,NA,NA,NA,NA,NA,NA,NA,NA,192,WR,NA,NA,NA,NA,NA,NA,NA,NA,NA,NA,NA,NA,NA,Career,NA,NA,Hawaii,NA,32,NA,NA,NA,NA,NA,NA,NA,NA,Career
2366,Greg Lewis,17,116,2.344827586,NA,NA,NA,NA,NA,NA,NA,NA,NA,NA,NA,NA,NA,0,NA,NA,NA,NA,NA,NA,NA,NA,72,WR,NA,NA,NA,NA,NA,NA,NA,NA,NA,NA,NA,NA,NA,Career,NA,NA,Illinois,NA,12,NA,NA,NA,NA,NA,NA,NA,NA,Career
2376,Roger Lewis,4,28,2.285714286,Career,NA,1,NA,0,0,0,0,NA,NA,0,0,NA,0,NA,NA,0,NA,NA,NA,NA,NA,138,WR,0,NA,NA,NA,NA,NA,NA,NA,NA,NA,NA,0,NA,Career,7,0,Bowling Green State,8,23,NA,196,NA,NA,NA,0,NA,NA,NA
2379,Tommylee Lewis,3,34,1.411764706,Career,37,NA,1,0,0,NA,NA,NA,NA,NA,NA,0,4,NA,1,NA,100,1,17,17,NA,108,WR,0,572.8,NA,NA,NA,NA,NA,NA,NA,NA,NA,NA,NA,Career,NA,NA,Northern Illinois,NA,18,NA,168,NA,NA,NA,NA,NA,NA,NA
2380,Travis Lewis,4,42,1.523809524,Career,NA,2,NA,NA,NA,NA,NA,NA,NA,0,0,NA,NA,NA,NA,NA,NA,NA,NA,NA,NA,30,WR,1,NA,NA,NA,NA,NA,NA,NA,NA,NA,NA,0,NA,Career,6,0,Eastern Michigan,8,5,NA,NA,NA,NA,NA,0,NA,NA,NA
2391,Tony Lippett,6,28,3.428571429,Career,12.5,9,1,0,0,0,1,NA,NA,0,0,0,0,NA,2,9,50,1,5,2.5,NA,96,WR,0,236,NA,NA,NA,NA,NA,NA,NA,NA,NA,0,NA,Career,14,0.5,Michigan State,23,16,NA,185,NA,NA,NA,0,NA,NA,NA
2394,Greg Little,14,54,4.148148148,Career,NA,0,NA,NA,NA,NA,NA,NA,NA,0,0,NA,0,NA,NA,NA,NA,NA,NA,NA,252,72,WR,NA,NA,6,969,11.3,86,166,6,805,4.8,12,0,NA,Career,3,0,North Carolina,3,12,NA,NA,1774,7,NA,0,NA,NA,NA
2397,Brandon Lloyd,48,142,5.408450704,NA,50,NA,1,NA,NA,NA,NA,NA,NA,NA,NA,0,0,NA,1,NA,100,1,30,30,NA,114,WR,0,682,NA,NA,NA,NA,NA,NA,NA,NA,NA,NA,NA,Career,NA,NA,Illinois,NA,19,NA,NA,NA,NA,NA,NA,NA,NA,Career
2404,Tyler Lockett,40,79,8.101265823,Career,0,0,0,0,0,0,0,NA,NA,0,0,0,4,NA,1,0,0,0,0,0,NA,210,WR,2,0,NA,NA,NA,NA,NA,NA,NA,NA,NA,0,NA,Career,7,0,Kansas State,7,35,NA,175,NA,NA,NA,0,NA,NA,NA
2416,Dane Looker,10,91,1.758241758,NA,37.5,NA,1,NA,NA,NA,NA,NA,NA,NA,NA,0,NA,NA,2,NA,50,1,55,27.5,NA,30,WR,NA,446,NA,NA,NA,NA,NA,NA,NA,NA,NA,NA,NA,Career,NA,NA,Washington,NA,5,NA,NA,NA,NA,NA,NA,NA,NA,Career
2424,Ricardo Louis,3,32,1.5,Career,NA,0,NA,0,0,0,0,NA,NA,0,0,NA,0,NA,NA,0,NA,NA,NA,NA,NA,60,WR,0,NA,NA,NA,NA,NA,NA,NA,NA,NA,NA,0,NA,Career,8,0,Auburn,8,10,NA,215,NA,NA,NA,0,NA,NA,NA
2449,Jeremy Maclin,59,114,8.280701754,Career,-22.5,1,1,NA,NA,NA,NA,NA,NA,0,0,1,2,NA,2,NA,50,0,0,0,NA,198,WR,3,-50,NA,NA,NA,NA,NA,NA,NA,NA,NA,0,NA,Career,2,0,Missouri,3,33,NA,NA,NA,NA,NA,0,NA,NA,NA
2454,John Madsen,2,35,0.914285714,NA,NA,NA,NA,NA,NA,NA,NA,NA,NA,NA,NA,NA,0,NA,NA,NA,NA,NA,NA,NA,NA,72,WR,NA,NA,NA,NA,NA,NA,NA,NA,NA,NA,NA,NA,NA,Career,NA,NA,Utah,NA,12,NA,NA,NA,NA,NA,NA,NA,NA,Career
2465,Josh Malone,1,22,0.727272727,Career,NA,NA,NA,0,0,NA,NA,NA,NA,NA,NA,NA,0,NA,NA,NA,NA,NA,NA,NA,NA,84,WR,0,NA,NA,NA,NA,NA,NA,NA,NA,NA,NA,NA,NA,Career,NA,NA,Tennessee,NA,14,NA,200,NA,NA,NA,NA,NA,NA,NA
2473,Mario Manningham,25,67,5.970149254,Career,NA,NA,NA,NA,NA,NA,NA,NA,NA,NA,NA,NA,NA,NA,NA,NA,NA,NA,NA,NA,NA,162,WR,0,NA,NA,NA,NA,NA,NA,NA,NA,NA,NA,NA,NA,Career,NA,NA,Michigan,NA,27,NA,NA,NA,NA,NA,NA,NA,NA,NA
2490,Bradley Marquez,1,32,0.5,Career,1,1,1,0,0,0,0,NA,NA,0,0,0,0,NA,1,0,100,0,1,1,NA,108,WR,0,108.4,NA,NA,NA,NA,NA,NA,NA,NA,NA,0,NA,Career,6,0,Texas Tech,7,18,NA,203,NA,NA,NA,0,NA,NA,NA
2508,Keshawn Martin,7,58,1.931034483,Career,22,0,8,NA,NA,0,0,NA,NA,0,0,0,1,NA,9,0,88.9,2,158,17.6,NA,96,WR,2,309.7,NA,NA,NA,NA,NA,NA,NA,NA,NA,0,NA,Career,1,0,Michigan State,1,16,NA,NA,NA,NA,NA,0,NA,NA,NA
2512,Sam Martin,17,106,2.566037736,Career,NA,NA,NA,0,0,NA,NA,NA,NA,NA,NA,NA,0,NA,NA,NA,NA,NA,NA,NA,NA,66,WR,0,NA,NA,NA,NA,NA,NA,NA,NA,NA,NA,NA,NA,Career,NA,NA,Miami (OH),NA,11,NA,201,NA,NA,NA,NA,NA,NA,NA
2516,Derrick Mason,114,230,7.930434783,NA,NA,NA,NA,NA,NA,NA,NA,NA,NA,NA,NA,NA,3,NA,NA,NA,NA,NA,NA,NA,NA,78,WR,2,NA,NA,NA,NA,NA,NA,NA,NA,NA,NA,NA,NA,Career,NA,NA,Michigan State,NA,13,NA,NA,NA,NA,NA,NA,NA,NA,Career
2522,Mohamed Massaquoi,13,54,3.851851852,Career,0,0,0,NA,NA,NA,NA,NA,NA,0,0,0,NA,NA,2,NA,0,0,0,0,NA,96,WR,NA,0,NA,NA,NA,NA,NA,NA,NA,NA,NA,0,NA,Career,6,1,Georgia,6,16,NA,NA,NA,NA,NA,0,NA,NA,NA
2534,Chris Matthews,2,22,1.454545455,Career,NA,0,NA,NA,NA,NA,NA,NA,NA,0,0,NA,NA,NA,NA,NA,NA,NA,NA,NA,NA,72,WR,NA,NA,NA,NA,NA,NA,NA,NA,NA,NA,NA,0,NA,Career,2,0,Kentucky,2,12,NA,NA,NA,NA,NA,0,NA,NA,NA
2538,Jordan Matthews,25,73,5.479452055,Career,NA,2,NA,0,0,0,0,NA,NA,0,0,NA,0,NA,NA,0,NA,NA,NA,NA,NA,150,WR,0,NA,NA,NA,NA,NA,NA,NA,NA,NA,NA,0,NA,Career,8,0,Vanderbilt,10,25,NA,206,NA,NA,NA,0,NA,NA,NA
2540,Rishard Matthews,26,87,4.781609195,Career,NA,1,NA,NA,NA,1,0,1,NA,0,0,NA,0,0,NA,0,NA,NA,NA,NA,NA,108,WR,2,NA,NA,NA,NA,NA,NA,NA,NA,NA,NA,0,NA,Career,4,0,Nevada,5,18,NA,NA,NA,NA,0,0,NA,NA,NA
2554,Vince Mayle,0,23,0,Career,NA,1,NA,0,0,0,0,NA,NA,0,0,NA,0,NA,NA,0,NA,NA,NA,NA,NA,96,WR,0,NA,NA,NA,NA,NA,NA,NA,NA,NA,NA,0,NA,Career,3,0,Washington State,4,16,NA,219,NA,NA,NA,0,NA,NA,NA
2578,Justin McCareins,37,114,5.192982456,NA,NA,NA,NA,NA,NA,NA,NA,NA,NA,NA,NA,NA,0,NA,NA,NA,NA,NA,NA,NA,NA,180,WR,1,NA,NA,NA,NA,NA,NA,NA,NA,NA,NA,NA,NA,Career,NA,NA,Northern Illinois,NA,30,NA,NA,NA,NA,NA,NA,NA,NA,Career
2585,Ray-Ray McCloud,0,16,0,Career,NA,3,NA,0,0,0,0,NA,NA,0,0,NA,0,NA,NA,0,NA,NA,NA,NA,NA,30,WR,1,NA,NA,NA,NA,NA,NA,NA,NA,NA,NA,0,NA,Career,6,0,Clemson,9,5,NA,180,NA,NA,NA,0,NA,NA,NA
2621,Shaun McDonald,20,88,3.636363636,NA,NA,NA,NA,NA,NA,NA,NA,NA,NA,NA,NA,NA,0,NA,NA,NA,NA,NA,NA,NA,NA,156,WR,1,NA,NA,NA,NA,NA,NA,NA,NA,NA,NA,NA,NA,Career,NA,NA,Arizona State,NA,26,NA,NA,NA,NA,NA,NA,NA,NA,Career
2647,Isaiah McKenzie,4,34,1.882352941,Career,NA,0,NA,0,0,0,0,NA,NA,0,0,NA,1,NA,NA,0,NA,NA,NA,NA,NA,102,WR,5,NA,NA,NA,NA,NA,NA,NA,NA,NA,NA,0,NA,Career,1,0,Georgia,1,17,NA,173,NA,NA,NA,0,NA,NA,NA
2655,J.D. McKissic,6,35,2.742857143,Career,11.7,2,2,0,0,0,0,NA,NA,0,0,0,2,NA,3,0,66.7,1,15,5,NA,90,WR,0,218.7,NA,NA,NA,NA,NA,NA,NA,NA,NA,0,0,Career,1,0,Arkansas State,3,15,0,193,NA,NA,NA,0,NA,NA,NA
2669,Billy McMullen,5,49,1.632653061,NA,16.7,NA,2,NA,NA,NA,NA,NA,NA,NA,NA,0,NA,NA,3,NA,66.7,1,30,10,NA,150,WR,NA,260.7,NA,NA,NA,NA,NA,NA,NA,NA,NA,NA,NA,Career,NA,NA,Virginia,NA,25,NA,NA,NA,NA,NA,NA,NA,NA,Career
2678,R.W. McQuarters,44,157,4.484076433,NA,NA,NA,NA,NA,NA,NA,NA,NA,NA,6,0,NA,0,NA,NA,NA,NA,NA,NA,NA,NA,30,WR,1,NA,NA,NA,NA,NA,NA,NA,NA,NA,NA,NA,NA,Career,NA,NA,Oklahoma State,NA,5,NA,NA,NA,NA,NA,21,3.5,NA,Career
2682,Robert Meachem,29,103,4.504854369,NA,NA,0,NA,NA,NA,NA,NA,NA,NA,0,0,NA,0,NA,NA,NA,NA,NA,NA,NA,NA,102,WR,0,NA,NA,NA,NA,NA,NA,NA,NA,NA,NA,0,NA,Career,2,0,Tennessee,2,17,NA,NA,NA,NA,NA,0,NA,NA,Career
2701,Jaydon Mickens,2,17,1.882352941,Career,0,0,0,0,0,0,0,NA,NA,0,0,0,0,NA,2,0,0,0,0,0,NA,90,WR,0,0,NA,NA,NA,NA,NA,NA,NA,NA,NA,0,NA,Career,3,0,Washington,3,15,NA,170,NA,NA,NA,0,NA,NA,NA
2710,Billy Miller,19,114,2.666666667,NA,NA,NA,NA,NA,NA,NA,NA,NA,NA,NA,NA,NA,NA,NA,NA,NA,NA,NA,NA,NA,NA,42,WR,NA,NA,NA,NA,NA,NA,NA,NA,NA,NA,NA,NA,NA,Career,NA,NA,USC,NA,7,NA,NA,NA,NA,NA,NA,NA,NA,Career
2713,Braxton Miller,2,21,1.523809524,Career,8.4,0,396,0,0,0,0,NA,NA,0,0,17,0,NA,667,0,59.4,52,5295,7.9,625,216,WR,0,146.7,3,340,13.6,25,600,33,3315,5.5,36,0,NA,Career,5,2,Ohio State,5,36,NA,215,3655,5.8,NA,0,NA,NA,NA
2735,Carlton Mitchell,0,16,0,Career,NA,0,NA,NA,NA,NA,NA,NA,NA,0,0,NA,NA,NA,NA,NA,NA,NA,NA,NA,NA,54,WR,NA,NA,NA,NA,NA,NA,NA,NA,NA,NA,NA,0,NA,Career,5,0,South Florida,5,9,NA,NA,NA,NA,NA,0,NA,NA,NA
2750,Donte Moncrief,20,77,4.155844156,Career,NA,1,NA,0,0,0,0,NA,NA,0,0,NA,0,NA,NA,0,NA,NA,NA,NA,NA,120,WR,0,NA,NA,NA,NA,NA,NA,NA,NA,NA,NA,0,NA,Career,3,0,Ole Miss,4,20,NA,226,NA,NA,NA,0,NA,NA,NA
2754,Ty Montgomery,16,58,4.413793103,Career,NA,1,NA,0,0,1,1,NA,NA,0,0,NA,3,NA,NA,0,NA,NA,NA,NA,NA,144,WR,2,NA,NA,NA,NA,NA,NA,NA,NA,NA,NA,0,NA,Career,6,0,Stanford,7,24,NA,220,NA,NA,NA,0,NA,NA,NA
2764,Denarius Moore,16,56,4.571428571,Career,NA,2,NA,NA,NA,NA,NA,NA,NA,0,0,NA,0,NA,NA,NA,NA,NA,NA,NA,NA,114,WR,NA,NA,NA,NA,NA,NA,NA,NA,NA,NA,NA,0,NA,Career,11,0,Tennessee,13,19,NA,NA,NA,NA,NA,0,NA,NA,NA
2766,Evan Moore,5,48,1.666666667,Career,NA,0,NA,NA,NA,NA,NA,NA,NA,0,0,NA,NA,NA,NA,NA,NA,NA,NA,NA,NA,72,WR,NA,NA,NA,NA,NA,NA,NA,NA,NA,NA,NA,0,NA,Career,1,0,Stanford,1,12,NA,187,NA,NA,NA,0,NA,NA,NA
2770,Lance Moore,45,129,5.581395349,NA,0,NA,0,NA,NA,NA,NA,NA,NA,NA,NA,0,0,NA,1,NA,0,0,0,0,NA,168,WR,2,0,NA,NA,NA,NA,NA,NA,NA,NA,NA,NA,NA,Career,NA,NA,Toledo,NA,28,NA,NA,NA,NA,NA,NA,NA,NA,Career
2773,Marlon Moore,3,70,0.685714286,Career,NA,0,NA,NA,NA,NA,NA,NA,NA,0,0,NA,0,NA,NA,NA,NA,NA,NA,NA,NA,72,WR,1,NA,NA,NA,NA,NA,NA,NA,NA,NA,NA,0,NA,Career,6,0,Fresno State,6,12,NA,NA,NA,NA,NA,0,NA,NA,NA
2788,Josh Morgan,23,93,3.956989247,Career,NA,0,NA,NA,NA,NA,NA,NA,NA,0,0,NA,0,NA,NA,NA,NA,NA,NA,NA,NA,96,WR,0,NA,NA,NA,NA,NA,NA,NA,NA,NA,NA,0,NA,Career,3,0,Virginia Tech,3,16,NA,NA,NA,NA,NA,0,NA,NA,NA
2789,Joe Morgan,4,21,3.047619048,Career,NA,5,NA,NA,NA,NA,NA,NA,NA,0,0,NA,NA,NA,NA,NA,NA,NA,NA,NA,NA,NA,WR,NA,NA,NA,NA,NA,NA,NA,NA,NA,NA,NA,0,NA,Career,12,0,Illinois,17,NA,NA,NA,NA,NA,NA,0,NA,NA,NA
2809,Randy Moss,161,218,11.81651376,NA,0,NA,0,NA,NA,NA,NA,NA,NA,NA,NA,0,0,NA,1,NA,0,0,0,0,NA,156,WR,0,0,NA,NA,NA,NA,NA,NA,NA,NA,NA,NA,NA,Career,NA,NA,Marshall,NA,26,NA,NA,NA,NA,NA,NA,NA,NA,Career
2810,Santana Moss,93,197,7.553299492,NA,NA,NA,NA,NA,NA,NA,NA,NA,NA,NA,NA,NA,0,NA,NA,NA,NA,NA,NA,NA,NA,168,WR,6,NA,NA,NA,NA,NA,NA,NA,NA,NA,NA,NA,NA,Career,NA,NA,Miami (FL),NA,28,NA,NA,NA,NA,NA,NA,NA,NA,Career
2811,Sinorice Moss,4,37,1.72972973,NA,NA,0,NA,NA,NA,NA,NA,NA,NA,0,0,NA,0,NA,NA,NA,NA,NA,NA,NA,NA,54,WR,0,NA,NA,NA,NA,NA,NA,NA,NA,NA,NA,0,NA,Career,2,0,Miami (FL),2,9,NA,NA,NA,NA,NA,0,NA,NA,Career
2813,Ryan Mouton,3,36,1.333333333,Career,NA,19,NA,NA,NA,NA,NA,NA,NA,3,1,NA,2,NA,NA,NA,NA,NA,NA,NA,NA,18,WR,NA,NA,NA,NA,NA,NA,NA,NA,NA,NA,NA,2,NA,Career,50,9,Hawaii,69,3,NA,NA,NA,NA,NA,150,50,NA,NA
2817,Muhsin Muhammad,106,202,8.396039604,NA,NA,NA,NA,NA,NA,NA,NA,NA,NA,NA,NA,NA,NA,NA,NA,NA,NA,NA,NA,NA,NA,30,WR,NA,NA,NA,NA,NA,NA,NA,NA,NA,NA,NA,NA,NA,Career,NA,NA,Michigan State,NA,5,NA,NA,NA,NA,NA,NA,NA,NA,Career
2823,Keith Mumphery,2,27,1.185185185,Career,NA,1,NA,0,0,0,0,NA,NA,0,0,NA,0,NA,NA,0,NA,NA,NA,NA,NA,48,WR,0,NA,NA,NA,NA,NA,NA,NA,NA,NA,NA,0,NA,Career,2,0,Michigan State,3,8,NA,211,NA,NA,NA,0,NA,NA,NA
2829,Louis Murphy,20,95,3.368421053,Career,0,0,0,0,0,0,0,0,NA,0,0,0,0,0,1,0,0,0,0,0,NA,78,WR,0,0,NA,NA,NA,NA,NA,NA,NA,NA,NA,0,0,Career,5,0,Florida,5,13,0,NA,NA,NA,0,0,NA,NA,NA
2841,Legedu Naanee,14,73,3.068493151,NA,-3,0,1,NA,NA,NA,NA,NA,NA,0,0,1,NA,NA,6,NA,16.7,0,27,4.5,NA,72,WR,NA,21.1,NA,NA,NA,NA,NA,NA,NA,NA,NA,0,NA,Career,1,0,Boise State,1,12,NA,NA,NA,NA,NA,0,NA,NA,Career
2853,Steve Neal,50,86,9.302325581,NA,NA,NA,NA,NA,NA,NA,NA,NA,NA,NA,NA,NA,0,NA,NA,NA,NA,NA,NA,NA,NA,168,WR,1,NA,NA,NA,NA,NA,NA,NA,NA,NA,NA,NA,NA,Career,NA,NA,Western Michigan,NA,28,NA,NA,NA,NA,NA,NA,NA,NA,Career
2860,David Nelson,11,50,3.52,Career,NA,NA,NA,NA,NA,NA,NA,NA,NA,NA,NA,NA,NA,NA,NA,NA,NA,NA,NA,NA,NA,42,WR,0,NA,NA,NA,NA,NA,NA,NA,NA,NA,NA,NA,NA,Career,NA,NA,Florida,NA,7,NA,NA,NA,NA,NA,NA,NA,NA,NA
2862,Jordy Nelson,85,151,9.006622517,Career,18.8,1,3,NA,NA,NA,NA,NA,NA,0,0,0,NA,NA,6,NA,50,2,73,12.2,NA,138,WR,3,262.2,NA,NA,NA,NA,NA,NA,NA,NA,NA,0,NA,Career,6,0,Kansas State,7,23,NA,NA,NA,NA,NA,0,NA,NA,NA
2867,Shawn Nelson,1,17,0.941176471,2005,NA,NA,NA,NA,NA,NA,NA,NA,11,0,0,NA,NA,NA,NA,NA,NA,NA,NA,NA,NA,30,WR,NA,NA,NA,NA,NA,NA,NA,NA,NA,NA,NA,NA,NA,2005,NA,NA,Southern Mississippi,NA,5,NA,NA,NA,NA,NA,0,NA,NA,NA
2885,Hakeem Nicks,44,92,7.652173913,Career,NA,0,NA,NA,NA,NA,NA,NA,NA,0,0,NA,0,NA,NA,NA,NA,NA,NA,NA,NA,132,WR,NA,NA,NA,NA,NA,NA,NA,NA,NA,NA,NA,0,NA,Career,4,0,North Carolina,4,22,NA,NA,NA,NA,NA,0,NA,NA,NA
2898,Josh Norman,44,111,6.342342342,NA,NA,NA,NA,NA,NA,NA,NA,NA,NA,NA,NA,NA,NA,NA,NA,NA,NA,NA,NA,NA,NA,54,WR,0,NA,NA,NA,NA,NA,NA,NA,NA,NA,NA,NA,NA,Career,NA,NA,Oklahoma,NA,9,NA,NA,NA,NA,NA,NA,NA,NA,Career
2902,Dennis Northcutt,49,144,5.444444444,NA,NA,NA,NA,NA,NA,NA,NA,NA,NA,2,1,NA,0,NA,NA,NA,NA,NA,NA,NA,NA,174,WR,2,NA,NA,NA,NA,NA,NA,NA,NA,NA,NA,NA,NA,Career,NA,NA,Arizona,NA,29,NA,NA,NA,NA,NA,63,31.5,NA,Career
2905,Jordan Norwood,6,42,2.285714286,2005,NA,NA,NA,NA,NA,NA,NA,NA,10,0,0,NA,NA,NA,NA,NA,NA,NA,NA,NA,NA,0,WR,NA,NA,NA,NA,NA,NA,NA,NA,NA,NA,NA,NA,NA,2005,NA,NA,Penn State,NA,0,NA,NA,NA,NA,NA,0,NA,NA,NA
2923,Ben Obomanu,10,69,2.31884058,NA,NA,0,NA,NA,NA,NA,NA,NA,NA,0,0,NA,NA,NA,NA,NA,NA,NA,NA,NA,NA,120,WR,NA,NA,NA,NA,NA,NA,NA,NA,NA,NA,NA,0,NA,Career,1,0,Auburn,1,20,NA,NA,NA,NA,NA,0,NA,NA,Career
2935,Kevin Ogletree,8,69,1.855072464,2005,NA,NA,NA,NA,NA,NA,NA,NA,7,NA,NA,NA,NA,NA,NA,NA,NA,NA,NA,NA,NA,0,WR,NA,NA,NA,NA,NA,NA,NA,NA,NA,NA,NA,NA,NA,2005,NA,NA,Virginia,NA,0,NA,NA,NA,NA,NA,NA,NA,NA,NA
2956,Patrick Onwuasor,21,57,5.894736842,Career,NA,11,NA,NA,NA,0,0,0,NA,NA,NA,NA,NA,NA,NA,1,NA,NA,NA,NA,NA,NA,WR,NA,NA,NA,NA,NA,NA,NA,NA,NA,NA,NA,0,NA,Career,25,0.5,Arizona,36,NA,NA,NA,NA,NA,0,NA,NA,NA,NA
2964,Kassim Osgood,8,179,0.715083799,NA,NA,NA,NA,NA,NA,NA,NA,NA,NA,NA,NA,NA,NA,NA,NA,NA,NA,NA,NA,NA,NA,48,WR,NA,NA,NA,NA,NA,NA,NA,NA,NA,NA,NA,NA,NA,Career,NA,NA,San Diego State,NA,8,NA,NA,NA,NA,NA,NA,NA,NA,Career
2972,Chris Owusu,3,25,1.92,Career,NA,1,NA,NA,NA,0,0,NA,NA,0,0,NA,3,NA,NA,0,NA,NA,NA,NA,NA,78,WR,NA,NA,NA,NA,NA,NA,NA,NA,NA,NA,NA,0,NA,Career,1,0,Stanford,2,13,NA,NA,NA,NA,NA,0,NA,NA,NA
2977,Eric Page,1,16,1,Career,17.4,0,5,NA,NA,0,0,NA,NA,0,0,1,4,NA,8,0,62.5,4,104,13,NA,186,WR,1,311.7,NA,NA,NA,NA,NA,NA,NA,NA,NA,0,NA,Career,1,0,Toledo,1,31,NA,NA,NA,NA,NA,0,NA,NA,NA
2990,Preston Parker,7,45,2.488888889,Career,16.5,0,2,NA,NA,NA,NA,NA,NA,0,0,0,0,NA,4,NA,50,1,46,11.5,NA,42,WR,0,229.1,NA,NA,NA,NA,NA,NA,NA,NA,NA,0,NA,Career,4,0,Florida State,4,7,NA,NA,NA,NA,NA,0,NA,NA,NA
2997,Roscoe Parrish,15,90,2.666666667,NA,0,NA,0,NA,NA,NA,NA,NA,NA,NA,NA,0,0,NA,1,NA,0,0,0,0,NA,96,WR,3,0,NA,NA,NA,NA,NA,NA,NA,NA,NA,NA,NA,Career,NA,NA,Miami (FL),NA,16,NA,NA,NA,NA,NA,NA,NA,NA,Career
2999,Zach Pascal,9,32,4.5,Career,47,3,1,0,0,1,0,NA,NA,0,0,0,0,NA,1,0,100,0,47,47,NA,150,WR,0,494.8,NA,NA,NA,NA,NA,NA,NA,NA,NA,0,NA,Career,4,0,Old Dominion,7,25,NA,219,NA,NA,NA,0,NA,NA,NA
3006,Tim Patrick,4,24,2.666666667,Career,NA,0,NA,0,0,0,0,NA,NA,0,0,NA,0,NA,NA,0,NA,NA,NA,NA,NA,30,WR,0,NA,NA,NA,NA,NA,NA,NA,NA,NA,NA,0,NA,Career,2,0,Utah,2,5,NA,210,NA,NA,NA,0,NA,NA,NA
3007,Cordarrelle Patterson,29,111,4.18018018,Career,28,0,1,NA,NA,NA,NA,NA,NA,NA,NA,0,1,NA,1,NA,100,0,28,28,NA,60,WR,1,335.2,NA,NA,NA,NA,NA,NA,NA,NA,NA,0,NA,Career,2,0,Tennessee,2,10,NA,NA,NA,NA,NA,NA,NA,NA,NA
3011,Quinton Patton,7,40,2.8,Career,NA,0,NA,NA,NA,NA,NA,NA,NA,0,0,NA,0,NA,NA,NA,NA,NA,NA,NA,NA,144,WR,0,NA,NA,NA,NA,NA,NA,NA,NA,NA,NA,0,NA,Career,2,0,Louisiana Tech,2,24,NA,NA,NA,NA,NA,0,NA,NA,NA
3014,Niles Paul,7,88,1.272727273,Career,NA,6,NA,NA,NA,NA,NA,NA,NA,0,0,NA,2,NA,NA,NA,NA,NA,NA,NA,NA,54,WR,1,NA,NA,NA,NA,NA,NA,NA,NA,NA,NA,0,NA,Career,10,0,Nebraska,16,9,NA,NA,NA,NA,NA,0,NA,NA,NA
3024,Charone Peake,1,31,0.516129032,Career,NA,NA,NA,0,0,NA,NA,NA,NA,NA,NA,NA,0,NA,NA,NA,NA,NA,NA,NA,NA,60,WR,0,NA,NA,NA,NA,NA,NA,NA,NA,NA,NA,NA,NA,Career,NA,NA,Clemson,NA,10,NA,215,NA,NA,NA,NA,NA,NA,NA
3044,Breshad Perriman,11,51,3.450980392,Career,NA,0,NA,0,0,0,0,NA,NA,0,0,NA,0,NA,NA,0,NA,NA,NA,NA,NA,96,WR,0,NA,NA,NA,NA,NA,NA,NA,NA,NA,NA,0,NA,Career,1,0,UCF,1,16,NA,214,NA,NA,NA,0,NA,NA,NA
3063,Austin Pettis,8,51,2.509803922,Career,22.2,0,5,NA,NA,NA,NA,NA,NA,0,0,0,0,NA,6,NA,83.3,2,93,15.5,NA,234,WR,0,323.5,NA,NA,NA,NA,NA,NA,NA,NA,NA,0,NA,Career,1,0,Boise State,1,39,NA,NA,NA,NA,NA,0,NA,NA,NA
3065,Dante Pettis,4,23,2.782608696,Career,29,2,3,0,0,0,0,NA,NA,0,0,0,0,NA,5,0,60,1,125,25,NA,198,WR,9,336,NA,NA,NA,NA,NA,NA,NA,NA,NA,0,NA,Career,1,0,Washington,3,33,NA,195,NA,NA,NA,0,NA,NA,NA
3084,Kealoha Pilares,1,20,0.8,Career,NA,0,NA,NA,NA,NA,NA,NA,NA,0,0,NA,0,NA,NA,NA,NA,NA,NA,NA,NA,180,WR,0,NA,NA,NA,NA,NA,NA,NA,NA,NA,NA,0,NA,Career,3,0,Hawaii,3,30,NA,NA,NA,NA,NA,0,NA,NA,NA
3116,Jerry Porter,38,115,5.286956522,NA,3.3,NA,3,NA,NA,NA,NA,NA,NA,6,1,0,0,NA,6,NA,50,0,20,3.3,NA,48,WR,0,78,NA,NA,NA,NA,NA,NA,NA,NA,NA,NA,NA,Career,NA,NA,West Virginia,NA,8,NA,NA,NA,NA,NA,125,20.8,NA,Career
3153,Jeb Putzier,12,69,2.782608696,NA,NA,NA,NA,NA,NA,NA,NA,NA,NA,NA,NA,NA,0,NA,NA,NA,NA,NA,NA,NA,NA,114,WR,NA,NA,NA,NA,NA,NA,NA,NA,NA,NA,NA,NA,NA,Career,NA,NA,Boise State,NA,19,NA,NA,NA,NA,NA,NA,NA,NA,Career
3177,Rueben Randle,22,64,5.5,Career,NA,0,NA,NA,NA,0,0,NA,NA,0,0,NA,NA,NA,NA,0,NA,NA,NA,NA,NA,78,WR,0,NA,NA,NA,NA,NA,NA,NA,NA,NA,NA,0,NA,Career,2,0,LSU,2,13,NA,NA,NA,NA,NA,0,NA,NA,NA
3179,Damion Ratley,3,26,1.846153846,Career,NA,2,NA,0,0,0,0,NA,NA,0,0,NA,0,NA,NA,0,NA,NA,NA,NA,NA,48,WR,0,NA,NA,NA,NA,NA,NA,NA,NA,NA,NA,0,NA,Career,2,0,Texas A&M,4,8,NA,190,NA,NA,NA,0,NA,NA,NA
3194,Marcel Reece,22,96,3.666666667,Career,NA,0,NA,NA,NA,NA,NA,NA,NA,0,0,NA,NA,NA,NA,NA,NA,NA,NA,NA,NA,54,WR,NA,NA,NA,NA,NA,NA,NA,NA,NA,NA,NA,0,NA,Career,1,0,Washington,1,9,NA,NA,NA,NA,NA,0,NA,NA,NA
3197,David Reed,2,36,0.888888889,Career,NA,1,NA,NA,NA,NA,NA,NA,NA,0,0,NA,0,NA,NA,NA,NA,NA,NA,NA,NA,72,WR,0,NA,NA,NA,NA,NA,NA,NA,NA,NA,NA,0,NA,Career,0,0,Utah,1,12,NA,NA,NA,NA,NA,0,NA,NA,NA
3201,Josh Reed,33,115,4.591304348,NA,NA,NA,NA,NA,NA,NA,NA,NA,NA,NA,NA,NA,0,NA,NA,NA,NA,NA,NA,NA,NA,108,WR,0,NA,NA,NA,NA,NA,NA,NA,NA,NA,NA,NA,NA,Career,NA,NA,LSU,NA,18,NA,NA,NA,NA,NA,NA,NA,NA,Career
3220,Darius Reynaud,3,48,1,Career,NA,0,NA,NA,NA,NA,NA,NA,NA,0,0,NA,1,NA,NA,NA,NA,NA,NA,NA,NA,132,WR,NA,NA,NA,NA,NA,NA,NA,NA,NA,NA,NA,0,NA,Career,2,0,West Virginia,2,22,NA,NA,NA,NA,NA,0,NA,NA,NA
3222,Josh Reynolds,8,48,2.666666667,Career,NA,0,NA,0,0,0,0,NA,NA,0,0,NA,0,NA,NA,0,NA,NA,NA,NA,NA,180,WR,0,NA,NA,NA,NA,NA,NA,NA,NA,NA,NA,0,NA,Career,2,0,Texas A&M,2,30,NA,194,NA,NA,NA,0,NA,NA,NA
3232,Sidney Rice,36,81,7.111111111,NA,0,0,0,NA,NA,NA,NA,NA,NA,0,0,0,NA,NA,1,NA,0,0,0,0,NA,138,WR,NA,0,NA,NA,NA,NA,NA,NA,NA,NA,NA,0,NA,Career,4,0,South Carolina,4,23,NA,NA,NA,NA,NA,0,NA,NA,Career
3239,Paul Richardson,15,64,3.75,Career,47.5,0,1,0,0,0,0,NA,NA,0,0,0,0,NA,2,0,50,1,75,37.5,NA,126,WR,0,530,NA,NA,NA,NA,NA,NA,NA,NA,NA,0,NA,Career,1,0,Colorado,1,21,NA,170,NA,NA,NA,0,NA,NA,NA
3246,Calvin Ridley,14,29,7.724137931,Career,NA,0,NA,0,0,0,0,NA,NA,0,0,NA,0,NA,NA,0,NA,NA,NA,NA,NA,120,WR,0,NA,NA,NA,NA,NA,NA,NA,NA,NA,NA,0,NA,Career,2,0,Alabama,2,20,NA,190,NA,NA,NA,0,NA,NA,NA
3271,Adrien Robinson,0,19,0,Career,NA,NA,NA,NA,NA,NA,NA,NA,NA,NA,NA,NA,NA,NA,NA,NA,NA,NA,NA,NA,NA,30,WR,NA,NA,NA,NA,NA,NA,NA,NA,NA,NA,NA,NA,NA,Career,NA,NA,Cincinnati,NA,5,NA,NA,NA,NA,NA,NA,NA,NA,NA
3273,Aldrick Robinson,13,84,2.476190476,Career,NA,0,NA,NA,NA,NA,NA,NA,NA,0,0,NA,0,NA,NA,NA,NA,NA,NA,NA,NA,180,WR,NA,NA,NA,NA,NA,NA,NA,NA,NA,NA,NA,0,NA,Career,4,0,SMU,4,30,NA,NA,NA,NA,NA,0,NA,NA,NA
3274,Allen Robinson,36,72,8,Career,NA,0,NA,0,0,0,0,NA,NA,0,0,NA,0,NA,NA,0,NA,NA,NA,NA,NA,102,WR,0,NA,NA,NA,NA,NA,NA,NA,NA,NA,NA,0,NA,Career,1,0,Penn State,1,17,NA,210,NA,NA,NA,0,NA,NA,NA
3275,Brian Robiskie,3,38,1.263157895,Career,NA,NA,NA,NA,NA,NA,NA,NA,NA,NA,NA,NA,0,NA,NA,NA,NA,NA,NA,NA,NA,144,WR,0,NA,NA,NA,NA,NA,NA,NA,NA,NA,NA,NA,NA,Career,NA,NA,Ohio State,NA,24,NA,NA,NA,NA,NA,NA,NA,NA,NA
3291,Koren Robinson,39,96,6.5,NA,NA,NA,NA,NA,NA,NA,NA,NA,NA,NA,NA,NA,0,NA,NA,NA,NA,NA,NA,NA,NA,102,WR,2,NA,NA,NA,NA,NA,NA,NA,NA,NA,NA,NA,NA,Career,NA,NA,North Carolina State,NA,17,NA,NA,NA,NA,NA,NA,NA,NA,Career
3299,Courtney Roby,3,92,0.52173913,NA,NA,NA,NA,NA,NA,NA,NA,NA,NA,NA,NA,NA,0,NA,NA,NA,NA,NA,NA,NA,NA,84,WR,0,NA,NA,NA,NA,NA,NA,NA,NA,NA,NA,NA,NA,Career,NA,NA,Indiana,NA,14,NA,NA,NA,NA,NA,NA,NA,NA,Career
3305,Richard Rodgers,13,71,2.929577465,Career,NA,0,NA,0,0,0,0,NA,NA,0,0,NA,0,NA,NA,0,NA,NA,NA,NA,NA,12,WR,0,NA,NA,NA,NA,NA,NA,NA,NA,NA,NA,0,NA,Career,3,0,California,3,2,NA,245,NA,NA,NA,0,NA,NA,NA
3310,Eli Rogers,8,30,4.266666667,Career,NA,0,NA,0,0,0,0,NA,NA,0,0,NA,0,NA,NA,2,NA,NA,NA,NA,NA,72,WR,0,NA,NA,NA,NA,NA,NA,NA,NA,NA,NA,0,NA,Career,1,0,Louisville,1,12,NA,180,NA,NA,NA,0,NA,NA,NA
3321,Naaman Roosevelt,3,16,3,Career,27.5,1,2,NA,NA,NA,NA,1,NA,0,0,0,1,0,2,NA,100,1,35,17.5,NA,180,WR,0,412,NA,NA,NA,NA,NA,NA,NA,NA,NA,0,NA,Career,1,0,Buffalo,2,30,NA,NA,NA,NA,0,0,NA,NA,NA
3330,Jeremy Ross,7,51,2.196078431,Career,50,0,1,NA,NA,NA,NA,NA,NA,0,0,0,0,NA,1,NA,100,1,30,30,NA,36,WR,1,682,NA,NA,NA,NA,NA,NA,NA,NA,NA,0,NA,Career,1,0,California,1,6,NA,NA,NA,NA,NA,0,NA,NA,NA
3331,John Ross,5,24,3.333333333,Career,NA,4,NA,0,0,0,0,NA,NA,1,0,NA,4,NA,NA,1,NA,NA,NA,NA,NA,168,WR,0,NA,NA,NA,NA,NA,NA,NA,NA,NA,NA,0,NA,Career,14,1,Washington,18,28,NA,188,NA,NA,NA,0,0,NA,NA
3332,Rashad Ross,3,22,2.181818182,Career,NA,0,NA,NA,NA,0,0,NA,NA,0,0,NA,2,NA,NA,0,NA,NA,NA,NA,NA,54,WR,0,NA,NA,NA,NA,NA,NA,NA,NA,NA,NA,0,NA,Career,1,0,Arizona State,1,9,NA,NA,NA,NA,NA,0,NA,NA,NA
3338,Eddie Royal,40,116,5.517241379,Career,-3.4,0,1,NA,NA,NA,NA,NA,NA,0,0,2,0,NA,5,NA,20,1,53,10.6,NA,102,WR,3,95,NA,NA,NA,NA,NA,NA,NA,NA,NA,0,NA,Career,4,0,Virginia Tech,4,17,NA,NA,NA,NA,NA,0,NA,NA,NA
3349,Cliff Russell,0,23,0,NA,NA,NA,NA,NA,NA,NA,NA,NA,NA,NA,NA,NA,NA,NA,NA,NA,NA,NA,NA,NA,NA,60,WR,NA,NA,NA,NA,NA,NA,NA,NA,NA,NA,NA,NA,NA,Career,NA,NA,Utah,NA,10,NA,NA,NA,NA,NA,NA,NA,NA,Career
3365,Greg Salas,4,29,2.206896552,Career,NA,0,NA,NA,NA,NA,NA,1,NA,0,0,NA,NA,NA,NA,NA,NA,NA,NA,NA,NA,162,WR,0,NA,NA,NA,NA,NA,NA,NA,NA,NA,NA,0,NA,Career,5,0,Hawaii,5,27,NA,NA,NA,NA,0,0,NA,NA,NA
3376,Ace Sanders,3,27,1.777777778,Career,14.8,0,2,NA,NA,NA,NA,NA,NA,0,0,0,0,NA,4,NA,50,2,19,4.8,NA,96,WR,3,254.9,NA,NA,NA,NA,NA,NA,NA,NA,NA,0,NA,Career,5,0,South Carolina,5,16,NA,NA,NA,NA,NA,0,NA,NA,NA
3378,Emmanuel Sanders,66,144,7.333333333,Career,NA,0,NA,NA,NA,NA,NA,NA,NA,0,0,NA,0,NA,NA,NA,NA,NA,NA,NA,NA,210,WR,1,NA,NA,NA,NA,NA,NA,NA,NA,NA,NA,0,NA,Career,12,0,SMU,12,35,NA,NA,NA,NA,NA,0,NA,NA,NA
3386,Mohamed Sanu,45,118,6.101694915,Career,15.9,0,8,NA,NA,NA,NA,NA,NA,1,0,0,0,NA,18,NA,44.4,4,207,11.5,NA,126,WR,0,214.4,NA,NA,NA,NA,NA,NA,NA,NA,NA,0,NA,Career,2,0,Rutgers,2,21,NA,NA,NA,NA,NA,0,0,NA,NA
3387,Dane Sanzenbacher,4,43,1.488372093,Career,NA,0,NA,NA,NA,NA,NA,1,NA,0,0,NA,NA,NA,NA,NA,NA,NA,NA,NA,NA,126,WR,0,NA,NA,NA,NA,NA,NA,NA,NA,NA,NA,0,NA,Career,2,0,Ohio State,2,21,NA,NA,NA,NA,0,0,NA,NA,NA
3405,Chaz Schilens,8,59,2.169491525,Career,NA,1,NA,NA,NA,NA,NA,NA,NA,0,0,NA,NA,NA,NA,NA,NA,NA,NA,NA,NA,42,WR,NA,NA,NA,NA,NA,NA,NA,NA,NA,NA,NA,0,NA,Career,5,0,San Diego State,6,7,NA,NA,NA,NA,NA,0,NA,NA,NA
3438,Ricky Seals-Jones,5,39,2.051282051,Career,0,1,0,0,0,0,0,NA,NA,0,0,0,0,NA,1,0,0,0,0,0,NA,60,WR,0,0,NA,NA,NA,NA,NA,NA,NA,NA,NA,0,NA,Career,1,0,Texas A&M,2,10,NA,243,NA,NA,NA,0,NA,NA,NA
3465,Tajae Sharpe,11,47,3.744680851,Career,NA,0,NA,0,0,0,0,NA,NA,0,0,NA,0,NA,NA,0,NA,NA,NA,NA,NA,96,WR,0,NA,NA,NA,NA,NA,NA,NA,NA,NA,NA,0,NA,Career,7,0,Massachusetts,7,16,NA,200,NA,NA,NA,0,NA,NA,NA
3482,Russell Shepard,6,87,1.103448276,Career,NA,2,NA,NA,NA,0,0,NA,NA,0,0,NA,0,NA,NA,0,NA,NA,NA,NA,162,60,WR,NA,NA,5,570,9.8,58,104,5,716,6.9,10,0,NA,Career,6,0,LSU,8,10,NA,NA,1286,7.9,NA,0,NA,NA,NA
3483,Sterling Shepard,22,53,6.641509434,Career,NA,0,NA,0,0,0,0,NA,NA,0,0,NA,0,NA,NA,0,NA,NA,NA,NA,NA,162,WR,0,NA,NA,NA,NA,NA,NA,NA,NA,NA,NA,0,NA,Career,1,0,Oklahoma,1,27,NA,191,NA,NA,NA,0,NA,NA,NA
3488,Trent Sherfield,2,29,1.103448276,Career,0,3,0,0,0,0,0,NA,NA,0,0,0,0,NA,1,0,0,0,0,0,NA,66,WR,0,0,NA,NA,NA,NA,NA,NA,NA,NA,NA,0.5,NA,Career,2,0.5,Vanderbilt,5,11,NA,205,NA,NA,NA,0,NA,NA,NA
3492,Jordan Shipley,7,24,4.666666667,Career,0,3,0,NA,NA,NA,NA,NA,NA,0,0,0,1,NA,2,NA,0,0,0,0,NA,222,WR,3,0,NA,NA,NA,NA,NA,NA,NA,NA,NA,0,NA,Career,3,0,Texas,6,37,NA,NA,NA,NA,NA,0,NA,NA,NA
3564,JuJu Smith-Schuster,25,42,9.523809524,Career,NA,1,NA,0,0,0,0,NA,NA,0,0,NA,0,NA,NA,0,NA,NA,NA,NA,NA,150,WR,0,NA,NA,NA,NA,NA,NA,NA,NA,NA,NA,0,NA,Career,7,0,USC,8,25,NA,220,NA,NA,NA,0,NA,NA,NA
3567,Keith Smith,1,79,0.202531646,Career,17.5,3,1,0,0,0,0,0,NA,0,0,0,0,0,2,0,50,1,15,7.5,NA,48,WR,0,278,NA,NA,NA,NA,NA,NA,NA,NA,NA,0,0,Career,9,0,Purdue,12,8,0,NA,NA,NA,0,0,NA,NA,NA
3573,Marcus Smith,0,21,0,Career,NA,5,NA,NA,NA,NA,NA,NA,NA,0,0,NA,0,NA,NA,NA,NA,NA,NA,NA,NA,108,WR,NA,NA,NA,NA,NA,NA,NA,NA,NA,NA,NA,0,NA,Career,11,0,New Mexico,16,18,NA,NA,NA,NA,NA,0,NA,NA,NA
3588,Torrey Smith,43,119,5.781512605,Career,NA,0,NA,NA,NA,NA,NA,NA,NA,0,0,NA,3,NA,NA,NA,NA,NA,NA,NA,NA,138,WR,0,NA,NA,NA,NA,NA,NA,NA,NA,NA,NA,0,NA,Career,1,0,Maryland,1,23,NA,200,NA,NA,NA,0,NA,NA,NA
3590,Tre'Quan Smith,7,26,4.307692308,Career,NA,0,NA,0,0,0,0,NA,NA,0,0,NA,0,NA,NA,1,NA,NA,NA,NA,NA,138,WR,0,NA,NA,NA,NA,NA,NA,NA,NA,NA,NA,0,NA,Career,6,0,UCF,6,23,NA,205,NA,NA,NA,0,NA,NA,NA
3617,Stephen Spach,0,60,0,NA,NA,NA,NA,NA,NA,NA,NA,NA,NA,NA,NA,NA,0,NA,NA,NA,NA,NA,NA,NA,NA,42,WR,NA,NA,NA,NA,NA,NA,NA,NA,NA,NA,NA,NA,NA,Career,NA,NA,Fresno State,NA,7,NA,NA,NA,NA,NA,NA,NA,NA,Career
3651,Donte' Stallworth,45,115,6.260869565,NA,NA,NA,NA,NA,NA,NA,NA,NA,NA,NA,NA,NA,NA,NA,NA,NA,NA,NA,NA,NA,NA,84,WR,1,NA,NA,NA,NA,NA,NA,NA,NA,NA,NA,NA,NA,Career,NA,NA,Tennessee,NA,14,NA,NA,NA,NA,NA,NA,NA,NA,Career
3673,Syndric Steptoe,1,16,1,NA,NA,0,NA,NA,NA,NA,NA,NA,NA,0,0,NA,0,NA,NA,NA,NA,NA,NA,NA,NA,48,WR,2,NA,NA,NA,NA,NA,NA,NA,NA,NA,NA,0,NA,Career,2,0,Arizona,2,8,NA,NA,NA,NA,NA,0,NA,NA,Career
3686,Kenny Stills,38,107,5.682242991,Career,NA,0,NA,NA,NA,NA,NA,NA,NA,0,0,NA,NA,NA,NA,NA,NA,NA,NA,NA,NA,144,WR,0,NA,NA,NA,NA,NA,NA,NA,NA,NA,NA,0,NA,Career,5,0,Oklahoma,5,24,NA,NA,NA,NA,NA,0,NA,NA,NA
3691,Brandon Stokley,55,152,5.789473684,NA,39,NA,1,NA,NA,NA,NA,NA,NA,NA,NA,0,0,NA,2,NA,50,1,58,29,NA,150,WR,0,458.6,NA,NA,NA,NA,NA,NA,NA,NA,NA,NA,NA,Career,NA,NA,Louisiana,NA,25,NA,NA,NA,NA,NA,NA,NA,NA,Career
3695,Maurice Stovall,5,81,0.987654321,NA,NA,0,NA,NA,NA,NA,NA,NA,NA,0,0,NA,0,NA,NA,NA,NA,NA,NA,NA,NA,108,WR,NA,NA,NA,NA,NA,NA,NA,NA,NA,NA,NA,0,NA,Career,1,0,Notre Dame,1,18,NA,NA,NA,NA,NA,0,NA,NA,Career
3696,Devin Street,1,35,0.457142857,Career,NA,0,NA,0,0,0,0,NA,NA,0,0,NA,0,NA,NA,0,NA,NA,NA,NA,NA,96,WR,0,NA,NA,NA,NA,NA,NA,NA,NA,NA,NA,0,NA,Career,2,0,Pitt,2,16,NA,195,NA,NA,NA,0,NA,NA,NA
3697,Rod Streater,13,55,3.781818182,Career,NA,NA,NA,NA,NA,NA,NA,NA,NA,NA,NA,NA,NA,NA,NA,NA,NA,NA,NA,NA,NA,48,WR,0,NA,NA,NA,NA,NA,NA,NA,NA,NA,NA,NA,NA,Career,NA,NA,Temple,NA,8,NA,NA,NA,NA,NA,NA,NA,NA,NA
3701,Jaelen Strong,2,20,1.6,Career,NA,0,NA,0,0,0,0,NA,NA,0,0,NA,0,NA,NA,0,NA,NA,NA,NA,NA,102,WR,0,NA,NA,NA,NA,NA,NA,NA,NA,NA,NA,0,NA,Career,1,0,Arizona State,1,17,NA,212,NA,NA,NA,0,NA,NA,NA
3703,Sammie Stroughter,5,33,2.424242424,Career,0,1,0,NA,NA,NA,NA,NA,NA,0,0,0,0,NA,1,NA,0,0,0,0,NA,102,WR,3,0,NA,NA,NA,NA,NA,NA,NA,NA,NA,0,NA,Career,4,0,Oregon State,5,17,NA,NA,NA,NA,NA,0,NA,NA,NA
3704,Chansi Stuckey,10,55,2.909090909,NA,5.5,NA,11,NA,NA,NA,NA,NA,NA,NA,NA,0,0,NA,25,NA,44,2,97,3.9,NA,60,WR,1,103,NA,NA,NA,NA,NA,NA,NA,NA,NA,NA,NA,Career,NA,NA,Clemson,NA,10,NA,NA,NA,NA,NA,NA,NA,NA,Career
3722,Courtland Sutton,14,32,7,Career,37.5,1,2,0,0,0,0,NA,NA,0,0,0,0,NA,2,0,100,0,75,37.5,NA,192,WR,0,415,NA,NA,NA,NA,NA,NA,NA,NA,NA,0,NA,Career,6,0,SMU,7,32,NA,215,NA,NA,NA,0,NA,NA,NA
3725,Brett Swain,1,27,0.592592593,Career,NA,0,NA,NA,NA,NA,NA,NA,NA,0,0,NA,NA,NA,NA,NA,NA,NA,NA,NA,NA,48,WR,0,NA,NA,NA,NA,NA,NA,NA,NA,NA,NA,0,NA,Career,1,0,San Diego State,1,8,NA,NA,NA,NA,NA,0,NA,NA,NA
3731,Limas Sweed,1,20,0.8,Career,NA,1,NA,NA,NA,NA,NA,NA,NA,0,0,NA,NA,NA,NA,NA,NA,NA,NA,NA,NA,120,WR,NA,NA,NA,NA,NA,NA,NA,NA,NA,NA,NA,0,NA,Career,7,1,Texas,8,20,NA,NA,NA,NA,NA,0,NA,NA,NA
3732,Ryan Switzer,3,41,1.170731707,Career,29,0,3,0,0,0,0,NA,NA,0,0,0,0,NA,5,0,60,2,105,21,NA,156,WR,7,368.4,NA,NA,NA,NA,NA,NA,NA,NA,NA,0,NA,Career,3,0,North Carolina,3,26,NA,181,NA,NA,NA,0,NA,NA,NA
3739,Aqib Talib,81,148,8.756756757,Career,NA,48,NA,NA,NA,NA,NA,NA,NA,13,2,NA,NA,NA,NA,NA,NA,NA,NA,NA,NA,42,WR,0,NA,NA,NA,NA,NA,NA,NA,NA,NA,NA,0,NA,Career,114,9,Kansas,162,7,NA,NA,NA,NA,NA,322,24.8,NA,NA
3750,Auden Tate,4,19,3.368421053,Career,NA,0,NA,0,0,0,0,NA,NA,0,0,NA,0,NA,NA,0,NA,NA,NA,NA,NA,96,WR,0,NA,NA,NA,NA,NA,NA,NA,NA,NA,NA,0,NA,Career,2,0,Florida State,2,16,NA,225,NA,NA,NA,0,NA,NA,NA
3752,Brandon Tate,17,127,2.141732283,Career,12,0,1,NA,NA,NA,NA,NA,NA,0,0,0,3,NA,1,NA,100,0,12,12,NA,96,WR,3,200.8,NA,NA,NA,NA,NA,NA,NA,NA,NA,0,NA,Career,2,0,North Carolina,2,16,NA,NA,NA,NA,NA,0,NA,NA,NA
3753,Golden Tate,69,148,7.459459459,Career,NA,0,NA,NA,NA,NA,NA,NA,NA,0,0,NA,0,NA,NA,NA,NA,NA,NA,NA,NA,180,WR,1,NA,NA,NA,NA,NA,NA,NA,NA,NA,NA,0,NA,Career,2,0,Notre Dame,2,30,NA,NA,NA,NA,NA,0,NA,NA,NA
3759,Courtney Taylor,1,18,0.888888889,NA,48,1,1,NA,NA,NA,NA,NA,NA,0,0,0,NA,NA,1,NA,100,1,28,28,NA,54,WR,NA,665.2,NA,NA,NA,NA,NA,NA,NA,NA,NA,0,NA,Career,5,0,Auburn,6,9,NA,NA,NA,NA,NA,0,NA,NA,Career
3772,Taywan Taylor,6,32,3,2013,NA,0,NA,0,0,0,0,NA,10,0,0,NA,0,NA,NA,0,NA,NA,NA,NA,NA,0,WR,0,NA,NA,NA,NA,NA,NA,NA,NA,NA,NA,0,NA,2013,1,0,Western Kentucky,1,0,NA,203,NA,NA,NA,0,NA,NA,NA
3801,Devin Thomas,4,55,1.163636364,Career,0,1,0,NA,NA,NA,NA,NA,NA,0,0,0,0,NA,1,NA,0,0,0,0,NA,54,WR,0,0,NA,NA,NA,NA,NA,NA,NA,NA,NA,0,NA,Career,1,0,Michigan State,2,9,NA,NA,NA,NA,NA,0,NA,NA,NA
3802,Demaryius Thomas,81,143,9.062937063,Career,11,NA,1,NA,NA,NA,NA,NA,NA,NA,NA,0,NA,NA,2,NA,50,0,22,11,NA,96,WR,NA,142.4,NA,NA,NA,NA,NA,NA,NA,NA,NA,NA,NA,Career,NA,NA,Georgia Tech,NA,16,NA,NA,NA,NA,NA,NA,NA,NA,NA
3803,Deonte Thompson,10,66,2.424242424,Career,NA,2,NA,NA,NA,NA,NA,NA,NA,0,0,NA,NA,NA,NA,NA,NA,NA,NA,NA,NA,54,WR,NA,NA,NA,NA,NA,NA,NA,NA,NA,NA,NA,0,NA,Career,3,0,Florida,5,9,NA,NA,NA,NA,NA,0,NA,NA,NA
3818,Kenbrell Thompkins,7,33,3.393939394,Career,NA,0,NA,NA,NA,NA,NA,NA,NA,0,0,NA,NA,NA,NA,NA,NA,NA,NA,NA,NA,24,WR,NA,NA,NA,NA,NA,NA,NA,NA,NA,NA,NA,0,NA,Career,2,0,Cincinnati,2,4,NA,NA,NA,NA,NA,0,NA,NA,NA
3864,Amani Toomer,85,190,7.157894737,NA,-4,NA,1,NA,NA,NA,NA,NA,NA,NA,NA,1,0,NA,2,NA,50,0,37,18.5,NA,108,WR,2,105.4,NA,NA,NA,NA,NA,NA,NA,NA,NA,NA,NA,Career,NA,NA,Michigan,NA,18,NA,NA,NA,NA,NA,NA,NA,NA,Career
3866,Nick Toon,3,17,2.823529412,Career,NA,NA,NA,NA,NA,NA,NA,NA,NA,NA,NA,NA,0,NA,NA,NA,NA,NA,NA,NA,NA,108,WR,NA,NA,NA,NA,NA,NA,NA,NA,NA,NA,NA,NA,NA,Career,NA,NA,Wisconsin,NA,18,NA,NA,NA,NA,NA,NA,NA,NA,NA
3879,Laquon Treadwell,6,53,1.811320755,Career,18.3,0,4,0,0,1,1,NA,NA,0,0,1,0,NA,7,0,57.1,1,153,21.9,NA,126,WR,0,259.3,NA,NA,NA,NA,NA,NA,NA,NA,NA,0,NA,Career,1,0,Ole Miss,1,21,NA,210,NA,NA,NA,0,NA,NA,NA
3907,Malik Turner,2,21,1.523809524,Career,NA,0,NA,0,0,0,0,NA,NA,0,0,NA,0,NA,NA,0,NA,NA,NA,NA,NA,62,WR,0,NA,NA,NA,NA,NA,NA,NA,NA,NA,NA,0,NA,Career,4,0,Illinois,4,10,1,200,NA,NA,NA,0,NA,NA,NA
3909,Patrick Turner,1,24,0.666666667,Career,0,2,0,NA,NA,NA,NA,NA,NA,0,0,0,NA,NA,1,NA,0,0,0,0,NA,102,WR,NA,0,NA,NA,NA,NA,NA,NA,NA,NA,NA,0,NA,Career,4,0,USC,6,17,NA,NA,NA,NA,NA,0,NA,NA,NA
3915,David Tyree,5,83,0.963855422,NA,NA,NA,NA,NA,NA,NA,NA,NA,NA,NA,NA,NA,NA,NA,NA,NA,NA,NA,NA,NA,NA,42,WR,1,NA,NA,NA,NA,NA,NA,NA,NA,NA,NA,NA,NA,Career,NA,NA,Syracuse,NA,7,NA,NA,NA,NA,NA,NA,NA,NA,Career
3920,Tiquan Underwood,9,45,3.2,Career,-45,3,0,NA,NA,NA,NA,NA,NA,0,0,1,0,NA,1,NA,0,0,0,0,NA,96,WR,0,-200,NA,NA,NA,NA,NA,NA,NA,NA,NA,0,NA,Career,4,0,Rutgers,7,16,NA,NA,NA,NA,NA,0,NA,NA,NA
3927,Brian Urlacher,150,182,13.18681319,NA,NA,NA,NA,NA,NA,NA,NA,NA,NA,4,0,NA,0,NA,NA,NA,NA,NA,NA,NA,NA,36,WR,0,NA,NA,NA,NA,NA,NA,NA,NA,NA,NA,NA,NA,Career,NA,NA,New Mexico,NA,6,NA,NA,NA,NA,NA,16,4,NA,Career
3934,Marquez Valdes-Scantling,8,32,4,Career,NA,0,NA,0,0,0,0,NA,NA,0,0,NA,0,NA,NA,0,NA,NA,NA,NA,NA,78,WR,0,NA,NA,NA,NA,NA,NA,NA,NA,NA,NA,0,NA,Career,1,0,Overall,1,13,NA,207,NA,NA,NA,0,NA,NA,NA
3965,Alejandro Villanueva,43,80,8.6,Career,NA,1,NA,0,0,0,0,0,NA,0,0,NA,0,0,NA,0,NA,NA,NA,NA,NA,30,WR,0,NA,NA,NA,NA,NA,NA,NA,NA,NA,NA,0,0,Career,0,0,Army,1,5,0,NA,NA,NA,0,0,NA,NA,NA
3977,Bobby Wade,25,102,3.921568627,NA,NA,NA,NA,NA,NA,NA,NA,NA,NA,NA,NA,NA,0,NA,NA,NA,NA,NA,NA,NA,NA,144,WR,1,NA,NA,NA,NA,NA,NA,NA,NA,NA,NA,NA,NA,Career,NA,NA,Arizona,NA,24,NA,NA,NA,NA,NA,NA,NA,NA,Career
4005,Darren Waller,10,38,4.210526316,Career,NA,1,NA,0,0,0,0,NA,NA,0,0,NA,0,NA,NA,0,NA,NA,NA,NA,NA,54,WR,0,NA,NA,NA,NA,NA,NA,NA,NA,NA,NA,0,NA,Career,1,0,Georgia Tech,2,9,NA,232,NA,NA,NA,0,NA,NA,NA
4007,Mike Wallace,69,144,7.666666667,Career,NA,0,NA,NA,NA,NA,NA,NA,NA,0,0,NA,2,NA,NA,NA,NA,NA,NA,NA,NA,102,WR,NA,NA,NA,NA,NA,NA,NA,NA,NA,NA,NA,0,NA,Career,1,0,Ole Miss,1,17,NA,NA,NA,NA,NA,0,NA,NA,NA
4013,Kevin Walter,42,152,4.421052632,NA,33,NA,1,NA,NA,NA,NA,NA,NA,NA,NA,0,NA,NA,1,NA,100,0,33,33,NA,120,WR,NA,377.2,NA,NA,NA,NA,NA,NA,NA,NA,NA,NA,NA,Career,NA,NA,Eastern Michigan,NA,20,NA,215,NA,NA,NA,NA,NA,NA,Career
4020,Hines Ward,118,217,8.700460829,NA,7,NA,72,NA,NA,NA,NA,NA,NA,NA,NA,3,0,NA,120,NA,60,3,918,7.7,348,96,WR,0,127.5,11,1965,13.6,144,204,5,1066,5.2,16,NA,NA,Career,NA,NA,Georgia,NA,16,NA,NA,3031,8.7,NA,NA,NA,NA,Career
4044,Kelley Washington,14,91,2.461538462,NA,NA,NA,NA,NA,NA,NA,NA,NA,NA,NA,NA,NA,NA,NA,NA,NA,NA,NA,NA,NA,NA,36,WR,NA,NA,NA,NA,NA,NA,NA,NA,NA,NA,NA,NA,NA,Career,NA,NA,Tennessee,NA,6,NA,NA,NA,NA,NA,NA,NA,NA,Career
4055,Sammy Watkins,40,76,8.421052632,Career,7.2,0,2,0,0,0,0,NA,NA,0,0,1,1,NA,5,0,40,1,61,12.2,NA,174,WR,0,168.5,NA,NA,NA,NA,NA,NA,NA,NA,NA,0,NA,Career,3,0,Clemson,3,29,NA,211,NA,NA,NA,0,NA,NA,NA
4056,Todd Watkins,1,21,0.761904762,NA,NA,0,NA,NA,NA,NA,NA,NA,NA,0,0,NA,NA,NA,NA,NA,NA,NA,NA,NA,NA,90,WR,NA,NA,NA,NA,NA,NA,NA,NA,NA,NA,NA,0,NA,Career,2,0,Brigham Young,2,15,NA,NA,NA,NA,NA,0,NA,NA,Career
4062,Kenny Watson,20,83,3.855421687,NA,NA,NA,NA,NA,NA,NA,NA,NA,NA,NA,NA,NA,0,NA,NA,NA,NA,NA,NA,NA,48,12,WR,0,NA,2,313,14.9,21,27,0,142,5.3,2,NA,NA,Career,NA,NA,Penn State,NA,2,NA,NA,455,9.5,NA,NA,NA,NA,Career
4068,Reggie Wayne,155,211,11.7535545,NA,NA,NA,NA,NA,NA,NA,NA,NA,NA,NA,NA,NA,NA,NA,NA,NA,NA,NA,NA,NA,NA,120,WR,NA,NA,NA,NA,NA,NA,NA,NA,NA,NA,NA,NA,NA,Career,NA,NA,Miami (FL),NA,20,NA,NA,NA,NA,NA,NA,NA,NA,Career
4080,Corey Webster,39,121,5.157024793,NA,NA,NA,NA,NA,NA,NA,NA,NA,NA,16,1,NA,NA,NA,NA,NA,NA,NA,NA,NA,NA,12,WR,0,NA,NA,NA,NA,NA,NA,NA,NA,NA,NA,NA,NA,Career,NA,NA,LSU,NA,2,NA,NA,NA,NA,NA,181,11.3,NA,Career
4089,Wes Welker,110,175,10.05714286,NA,NA,NA,NA,0,NA,NA,NA,NA,NA,NA,NA,NA,0,NA,NA,NA,NA,NA,NA,NA,NA,186,WR,8,NA,NA,NA,NA,NA,NA,NA,NA,NA,NA,NA,NA,Career,NA,NA,Texas Tech,NA,31,NA,NA,NA,NA,NA,NA,NA,NA,Career
4100,Dede Westbrook,14,38,5.894736842,Career,0,0,0,0,0,0,0,NA,NA,0,0,0,0,NA,2,0,0,0,0,0,NA,134,WR,1,0,NA,NA,NA,NA,NA,NA,NA,NA,NA,0,NA,Career,1,0,Oklahoma,1,22,1,178,NA,NA,NA,0,NA,NA,NA
4106,Griff Whalen,4,43,1.488372093,Career,11,1,1,NA,NA,1,0,NA,NA,0,0,0,NA,NA,1,0,100,0,11,11,NA,30,WR,0,192.4,NA,NA,NA,NA,NA,NA,NA,NA,NA,0,NA,Career,1,0,Stanford,2,5,NA,NA,NA,NA,NA,0,NA,NA,NA
4107,Ryan Whalen,0,17,0,Career,NA,NA,NA,NA,NA,NA,NA,NA,NA,NA,NA,NA,NA,NA,NA,NA,NA,NA,NA,NA,NA,42,WR,NA,NA,NA,NA,NA,NA,NA,NA,NA,NA,NA,NA,NA,Career,NA,NA,Stanford,NA,7,NA,NA,NA,NA,NA,NA,NA,NA,NA
4109,Markus Wheaton,13,59,3.525423729,Career,NA,0,NA,NA,NA,0,0,NA,NA,0,0,NA,0,NA,NA,0,NA,NA,NA,NA,NA,126,WR,0,NA,NA,NA,NA,NA,NA,NA,NA,NA,NA,0,NA,Career,2,0,Oregon State,2,21,NA,NA,NA,NA,NA,0,NA,NA,NA
4113,Blair White,3,20,2.4,Career,NA,2,NA,NA,NA,NA,NA,NA,NA,0,0,NA,NA,NA,NA,NA,NA,NA,NA,NA,NA,60,WR,0,NA,NA,NA,NA,NA,NA,NA,NA,NA,NA,0,NA,Career,4,0,Michigan State,6,10,NA,NA,NA,NA,NA,0,NA,NA,NA
4130,Lucky Whitehead,2,30,1.066666667,Career,NA,1,NA,0,0,0,0,NA,NA,0,0,NA,0,NA,NA,0,NA,NA,NA,NA,NA,60,WR,0,NA,NA,NA,NA,NA,NA,NA,NA,NA,NA,0,NA,Career,0,0,Florida Atlantic,1,10,NA,163,NA,NA,NA,0,NA,NA,NA
4133,Myles White,2,19,1.684210526,Career,NA,15,NA,NA,NA,0,0,0,NA,NA,NA,NA,NA,NA,NA,1,NA,NA,NA,NA,NA,NA,WR,NA,NA,NA,NA,NA,NA,NA,NA,NA,NA,NA,0.5,NA,Career,2,1,Michigan State,17,NA,NA,NA,NA,NA,0,NA,NA,NA,NA
4134,Roddy White,107,171,10.01169591,NA,NA,NA,NA,NA,NA,NA,NA,NA,NA,NA,NA,NA,0,NA,NA,NA,NA,NA,NA,NA,NA,156,WR,0,NA,NA,NA,NA,NA,NA,NA,NA,NA,NA,NA,NA,Career,NA,NA,UAB,NA,26,NA,NA,NA,NA,NA,NA,NA,NA,Career
4144,Ernest Wilford,23,87,4.229885057,NA,NA,NA,NA,NA,NA,NA,NA,NA,NA,NA,NA,NA,NA,NA,NA,NA,NA,NA,NA,NA,NA,66,WR,0,NA,NA,NA,NA,NA,NA,NA,NA,NA,NA,NA,NA,Career,NA,NA,Virginia Tech,NA,11,NA,NA,NA,NA,NA,NA,NA,NA,Career
4160,Brian Williams,41,132,4.96969697,Career,11.6,0,5,0,0,0,0,NA,NA,0,0,1,0,NA,10,1,50,3,101,10.1,NA,30,WR,0,213.8,NA,NA,NA,NA,NA,NA,NA,NA,NA,0,NA,Career,2,0,Louisiana-Monroe,2,5,NA,218,NA,NA,NA,0,NA,NA,NA
4165,Corey Williams,40,126,5.079365079,Career,NA,0,NA,NA,NA,NA,NA,NA,NA,0,0,NA,NA,NA,NA,NA,NA,NA,NA,NA,NA,18,WR,NA,NA,NA,NA,NA,NA,NA,NA,NA,NA,NA,0,NA,Career,1,0,Washington,1,3,NA,NA,NA,NA,NA,0,NA,NA,NA
4174,Demetrius Williams,9,46,3.130434783,NA,NA,NA,NA,NA,NA,NA,NA,NA,NA,NA,NA,NA,NA,NA,NA,NA,NA,NA,NA,NA,NA,126,WR,NA,NA,NA,NA,NA,NA,NA,NA,NA,NA,NA,NA,NA,Career,NA,NA,Oregon,NA,21,NA,NA,NA,NA,NA,NA,NA,NA,Career
4175,Derrick Williams,0,18,0,Career,4.6,1,1,NA,NA,NA,NA,NA,NA,0,0,0,2,NA,5,NA,20,0,23,4.6,NA,132,WR,3,58.6,NA,NA,NA,NA,NA,NA,NA,NA,NA,0,NA,Career,0,0,Penn State,1,22,NA,NA,NA,NA,NA,0,NA,NA,NA
4198,Marcus Williams,11,54,3.259259259,Career,NA,1,NA,NA,NA,0,0,NA,NA,0,0,NA,NA,NA,NA,0,NA,NA,NA,NA,NA,NA,WR,NA,NA,NA,NA,NA,NA,NA,NA,NA,NA,NA,0,NA,Career,0,0,Houston,1,NA,NA,NA,NA,NA,NA,0,NA,NA,NA
4202,Maurice Williams,54,105,8.228571429,Career,NA,NA,NA,NA,NA,NA,NA,NA,NA,NA,NA,NA,NA,NA,NA,NA,NA,NA,NA,NA,11,6,WR,NA,NA,1,100,20,5,6,0,47,7.8,1,NA,NA,Career,NA,NA,Pitt,NA,1,NA,NA,147,13.4,NA,NA,NA,NA,NA
4204,Nick Williams,7,44,2.545454545,Career,NA,1,NA,NA,NA,0,0,NA,NA,0,0,NA,2,NA,NA,0,NA,NA,NA,NA,NA,42,WR,2,NA,NA,NA,NA,NA,NA,NA,NA,NA,NA,0,NA,Career,1,0,Connecticut,2,7,NA,270,NA,NA,NA,0,NA,NA,NA
4209,Reggie Williams,25,79,5.063291139,NA,NA,NA,NA,NA,NA,NA,NA,NA,NA,NA,NA,NA,0,NA,NA,NA,NA,NA,NA,NA,NA,132,WR,0,NA,NA,NA,NA,NA,NA,NA,NA,NA,NA,NA,NA,Career,NA,NA,Washington,NA,22,NA,NA,NA,NA,NA,NA,NA,NA,Career
4212,Roydell Williams,10,56,2.857142857,NA,NA,NA,NA,NA,NA,NA,NA,NA,NA,NA,NA,NA,NA,NA,NA,NA,NA,NA,NA,NA,NA,210,WR,NA,NA,NA,NA,NA,NA,NA,NA,NA,NA,NA,NA,NA,Career,NA,NA,Tulane,NA,35,NA,NA,NA,NA,NA,NA,NA,NA,Career
4215,Stephen Williams,1,19,0.842105263,Career,NA,0,NA,NA,NA,NA,NA,NA,NA,0,0,NA,0,NA,NA,NA,NA,NA,NA,NA,NA,126,WR,NA,NA,NA,NA,NA,NA,NA,NA,NA,NA,NA,0,NA,Career,2,0,Toledo,2,21,NA,NA,NA,NA,NA,0,NA,NA,NA
4219,Terrance Williams,31,83,5.975903614,Career,NA,0,NA,NA,NA,NA,NA,NA,NA,0,0,NA,0,NA,NA,NA,NA,NA,NA,NA,NA,162,WR,0,NA,NA,NA,NA,NA,NA,NA,NA,NA,NA,0,NA,Career,2,0,Baylor,2,27,NA,NA,NA,NA,NA,0,NA,NA,NA
4222,Troy Williamson,8,49,2.612244898,NA,NA,NA,NA,NA,NA,NA,NA,NA,NA,NA,NA,NA,0,NA,NA,NA,NA,NA,NA,NA,NA,78,WR,0,NA,NA,NA,NA,NA,NA,NA,NA,NA,NA,NA,NA,Career,NA,NA,South Carolina,NA,13,NA,NA,NA,NA,NA,NA,NA,NA,Career
4228,Xavier Williams,7,44,2.545454545,Career,NA,0,NA,0,0,0,0,NA,NA,0,0,NA,0,NA,NA,0,NA,NA,NA,NA,NA,30,WR,0,NA,NA,NA,NA,NA,NA,NA,NA,NA,NA,0,NA,Career,2,0,Colorado State,2,5,NA,200,NA,NA,NA,0,NA,NA,NA
4230,Albert Wilson,23,75,4.906666667,Career,NA,1,NA,0,0,1,0,NA,NA,0,0,NA,0,NA,NA,0,NA,NA,NA,NA,NA,54,WR,0,NA,NA,NA,NA,NA,NA,NA,NA,NA,NA,0,NA,Career,5,0,Georgia State,6,9,NA,200,NA,NA,NA,0,NA,NA,NA
4237,George Wilson,29,124,3.741935484,NA,NA,NA,NA,NA,NA,NA,NA,NA,NA,NA,NA,NA,0,NA,NA,NA,NA,NA,NA,NA,NA,96,WR,0,NA,NA,NA,NA,NA,NA,NA,NA,NA,NA,NA,NA,Career,NA,NA,Arkansas,NA,16,NA,189,NA,NA,NA,NA,NA,NA,Career
4245,Marquess Wilson,6,31,3.096774194,Career,NA,1,NA,NA,NA,NA,NA,NA,NA,0,0,NA,NA,NA,NA,NA,NA,NA,NA,NA,NA,138,WR,NA,NA,NA,NA,NA,NA,NA,NA,NA,NA,NA,0,NA,Career,3,0,Washington State,4,23,NA,NA,NA,NA,NA,0,NA,NA,NA
4252,Javon Wims,1,20,0.8,Career,NA,0,NA,0,0,0,0,NA,NA,0,0,NA,0,NA,NA,0,NA,NA,NA,NA,NA,48,WR,0,NA,NA,NA,NA,NA,NA,NA,NA,NA,NA,0,NA,Career,1,0,Georgia,1,8,NA,215,NA,NA,NA,0,NA,NA,NA
4254,James Winchester,5,80,1,Career,NA,3,NA,NA,NA,0,0,0,NA,NA,NA,NA,NA,NA,NA,0,NA,NA,NA,NA,NA,NA,WR,NA,NA,NA,NA,NA,NA,NA,NA,NA,NA,NA,0,NA,Career,4,0,Oklahoma,7,NA,NA,NA,NA,NA,0,NA,NA,NA,NA
4277,Charles Woodson,155,254,9.763779528,NA,28,NA,1,NA,NA,NA,NA,NA,NA,16,0,0,0,NA,1,NA,100,0,28,28,NA,36,WR,1,335.2,NA,NA,NA,NA,NA,NA,NA,NA,NA,NA,NA,Career,NA,NA,Michigan,NA,6,NA,NA,NA,NA,NA,81,5.1,NA,Career
4283,Robert Woods,51,100,8.16,Career,NA,1,NA,NA,NA,NA,NA,NA,NA,0,0,NA,1,NA,NA,NA,NA,NA,NA,NA,NA,198,WR,0,NA,NA,NA,NA,NA,NA,NA,NA,NA,NA,0,NA,Career,3,0,USC,4,33,NA,NA,NA,NA,NA,0,NA,NA,NA
4300,Jarius Wright,26,111,3.747747748,Career,NA,6,NA,NA,NA,NA,NA,1,NA,0,0,NA,NA,NA,NA,NA,NA,NA,NA,NA,NA,150,WR,0,NA,NA,NA,NA,NA,NA,NA,NA,NA,NA,0,NA,Career,5,0,Arkansas,11,25,NA,NA,NA,NA,0,0,NA,NA,NA
4303,Kendall Wright,31,82,6.048780488,Career,5.3,NA,4,NA,NA,NA,NA,NA,NA,NA,NA,2,0,NA,12,NA,33.3,2,114,9.5,NA,192,WR,0,134.8,NA,NA,NA,NA,NA,NA,NA,NA,NA,NA,NA,Career,NA,NA,Baylor,NA,32,NA,NA,NA,NA,NA,NA,NA,NA,NA
4305,Mike Wright,19,81,3.75308642,Career,NA,0,NA,NA,NA,NA,NA,NA,NA,0,0,NA,NA,NA,NA,NA,NA,NA,NA,NA,NA,6,WR,NA,NA,NA,NA,NA,NA,NA,NA,NA,NA,NA,0,NA,Career,2,0,Army,2,1,NA,NA,NA,NA,NA,0,NA,NA,NA
4307,Tim Wright,9,41,3.512195122,Career,0,NA,0,NA,NA,NA,NA,NA,NA,NA,NA,0,NA,NA,1,NA,0,0,0,0,NA,24,WR,NA,0,NA,NA,NA,NA,NA,NA,NA,NA,NA,NA,NA,Career,NA,NA,Rutgers,NA,4,NA,NA,NA,NA,NA,NA,NA,NA,NA
4308,Wallace Wright,1,53,0.301886792,NA,NA,3,NA,NA,NA,NA,NA,NA,NA,0,0,NA,1,NA,NA,NA,NA,NA,NA,NA,NA,30,WR,NA,NA,NA,NA,NA,NA,NA,NA,NA,NA,NA,0,NA,Career,6,0,North Carolina,9,5,NA,NA,NA,NA,NA,0,NA,NA,Career
4311,Dexter Wynn,4,47,1.361702128,NA,NA,NA,NA,NA,NA,NA,NA,NA,NA,4,0,NA,2,NA,NA,NA,NA,NA,NA,NA,NA,18,WR,1,NA,NA,NA,NA,NA,NA,NA,NA,NA,NA,NA,NA,Career,NA,NA,Colorado State,NA,3,NA,NA,NA,NA,NA,62,15.5,NA,Career
4320,Todd Yoder,3,134,0.358208955,NA,NA,NA,NA,NA,NA,NA,NA,NA,NA,NA,NA,NA,NA,NA,NA,NA,NA,NA,NA,NA,NA,48,WR,NA,NA,NA,NA,NA,NA,NA,NA,NA,NA,NA,NA,NA,Career,NA,NA,Vanderbilt,NA,8,NA,NA,NA,NA,NA,NA,NA,NA,Career
4328,Titus Young,8,26,4.923076923,Career,NA,0,NA,NA,NA,NA,NA,1,NA,0,0,NA,2,NA,NA,NA,NA,NA,NA,NA,NA,216,WR,0,NA,NA,NA,NA,NA,NA,NA,NA,NA,NA,0,NA,Career,2,0,Boise State,2,36,NA,NA,NA,NA,0,0,NA,NA,NA
4339,Dominique Zeigler,2,19,1.684210526,NA,16.3,0,2,NA,NA,NA,NA,1,NA,0,0,0,0,NA,3,NA,66.7,1,29,9.7,NA,84,WR,NA,257.9,NA,NA,NA,NA,NA,NA,NA,NA,NA,0,NA,Career,3,0,Baylor,3,14,NA,NA,NA,NA,0,0,NA,NA,Career